Actual,Predicted
15,15.094536
13,13.007912
9,8.945933
17,17.000435
9,9.074283
10,10.197086
8,8.115835
5,5.108091
4,3.9910226
10,10.024528
14,14.095132
10,9.993563
14,13.945222
15,14.946163
12,11.926356
6,6.0466647
6,6.01316
17,17.162258
11,11.029172
13,12.9422865
14,13.8745365
7,6.9690485
8,8.072673
9,8.789679
1,0.89725155
5,5.197431
9,9.030807
8,7.8649864
8,8.009563
15,15.052361
10,9.971842
5,4.6548023
10,9.798226
9,8.973727
7,6.9530725
12,11.957696
10,9.992193
11,10.847713
7,6.8715057
5,5.103914
4,4.0235596
14,14.02054
13,12.780772
16,16.223562
12,11.933188
12,11.785592
17,17.060379
9,9.026445
1,1.0390388
4,3.8580577
10,10.226935
6,6.0627437
9,9.166624
13,13.083147
17,17.001125
13,13.015593
5,5.0901546
15,14.92846
14,13.96331
10,10.185395
6,6.2981367
10,10.140972
10,10.043764
5,5.2161474
10,10.013886
9,9.016692
18,18.01755
20,19.87907
13,12.860355
13,12.958626
8,8.265078
15,15.012717
15,15.010194
10,9.964377
12,11.974288
5,4.912413
10,10.008631
10,10.077228
10,10.066613
14,13.969729
18,17.935785
13,12.863109
9,8.867294
6,6.0327
13,12.917436
13,13.069599
11,11.014512
11,10.981005
9,8.955821
11,10.966227
14,13.931487
8,7.9251924
8,8.164124
13,13.034832
9,9.019849
13,13.013201
9,9.175886
14,13.882686
10,10.016213
7,6.8475513
11,11.057299
11,10.9251175
10,10.213683
11,10.960474
0,0.03200192
12,11.96288
8,8.071261
16,15.966126
5,5.033789
16,15.988577
14,13.94944
5,5.03456
15,15.187382
10,9.94641
8,7.9995446
11,10.737301
7,6.902767
7,7.1105404
11,10.867221
16,16.062508
16,16.113935
12,11.963794
6,6.0473413
6,6.2372446
7,7.02418
6,6.140968
17,17.155607
13,12.95286
6,6.129652
15,14.916376
12,11.989072
8,7.959698
13,12.93522
16,16.00511
0,-0.14341168
10,9.712606
11,10.998007
14,14.188702
12,11.8680105
12,11.867098
10,9.902203
7,6.9062276
8,7.937551
11,11.038191
6,5.7928133
6,5.9505143
10,9.957198
6,6.095443
15,14.9596405
17,16.883722
8,8.153867
12,12.021699
7,7.0220933
9,9.009664
7,6.9813437
10,10.066616
10,10.216927
15,14.947032
7,7.018192
7,7.048418
9,8.957012
10,10.083234
14,13.845198
5,5.059098
11,11.036226
1,1.0061386
9,9.290967
8,7.8634577
4,3.9104106
15,14.968962
15,14.867027
10,10.106701
6,6.163469
15,14.8861065
11,11.034769
15,15.006767
16,16.388773
11,10.940411
8,8.16783
20,20.045395
7,7.003959
4,4.128506
4,4.120709
10,10.167034
14,13.8362875
8,7.9310327
7,7.050366
11,11.094349
12,12.006886
10,9.881605
12,12.147354
10,9.881605
15,14.896101
10,9.840143
11,10.938449
9,8.827515
17,16.920872
13,12.88813
10,10.009706
16,16.037037
9,8.979723
7,7.012663
12,11.834254
8,7.902852
12,11.945865
5,5.0278077
15,14.850965
9,8.832137
11,10.872845
10,10.013484
10,9.913529
10,10.00708
15,14.942204
16,16.110748
13,12.999693
5,4.993395
15,14.943469
8,8.050551
13,12.974362
8,8.163612
13,12.817318
16,15.889266
21,20.82307
5,5.009169
11,10.963452
12,12.0229845
7,6.79699
8,8.105644
8,8.206215
16,15.991478
7,6.9138937
17,16.864923
13,12.979888
11,10.867503
8,7.974305
14,14.011915
19,19.004202
10,9.964382
8,8.061409
8,7.992386
11,11.065788
0,0.032785837
11,10.92525
13,13.066771
15,14.84597
9,8.930405
2,1.7094399
4,4.068039
9,8.939181
12,12.133914
10,9.9787035
5,5.0148144
5,5.0148144
2,2.0172546
15,14.984908
14,13.807677
18,18.072403
10,9.969465
14,13.96822
13,12.932164
7,7.0285187
13,12.863725
15,15.096931
10,10.276832
10,10.044087
7,7.0227013
8,8.030566
3,3.2488556
5,4.740722
8,7.929274
8,7.8946114
9,9.053188
8,8.180855
8,8.020048
10,10.144194
5,5.0406227
11,11.037884
10,9.9287
13,12.8684845
7,7.0966673
9,9.072575
14,13.922878
6,5.9574013
11,10.9636545
14,13.810345
11,11.0304785
16,16.10781
10,10.033079
11,10.929718
9,9.024838
17,17.040468
11,11.083385
10,9.911412
11,10.991949
13,12.965904
9,8.992556
6,5.9986916
7,6.985156
5,5.0404897
8,8.00955
8,7.9645066
11,11.219188
10,9.923794
16,15.8788
7,7.069024
12,12.140005
12,11.832055
14,14.022358
11,11.026439
15,15.180465
4,3.756825
8,8.083811
4,3.9180439
7,7.242389
8,8.031536
10,10.026745
9,9.14249
5,5.1165795
18,18.06754
5,4.969776
7,6.925131
13,13.104409
15,15.022974
16,16.089125
6,5.949051
13,13.019053
13,12.793816
9,9.04564
9,8.810208
14,13.75803
9,8.928002
9,9.056067
11,10.779002
17,16.864923
10,10.104665
11,10.830631
7,6.893288
7,7.223363
8,7.9673944
11,10.61674
4,3.9598556
14,14.0911255
12,11.947856
10,9.890709
14,13.9066305
7,7.1813135
12,11.809731
15,15.140447
11,11.097467
18,18.218178
7,7.0300426
4,4.242448
5,4.7896075
8,8.103082
8,8.025654
10,10.192567
10,10.106937
8,8.175719
13,13.019174
16,16.062508
7,6.852083
7,7.0066037
5,5.045676
14,13.816329
13,12.983846
12,12.21183
11,11.011812
9,8.937924
9,9.055975
8,7.7679677
13,12.951592
6,6.1310287
10,9.978589
5,5.005349
9,8.867001
2,2.0707166
0,0.048822526
8,8.087149
9,9.037531
8,7.986674
12,11.936048
5,5.006914
12,11.978944
5,5.0122166
6,5.7784367
14,13.860083
6,5.724668
6,5.778038
11,11.118905
5,4.989176
4,4.2306137
9,8.990792
5,4.9577875
4,4.009537
11,10.982103
10,10.095129
10,10.044702
13,13.058225
11,10.996235
12,11.998945
11,11.114782
8,8.027989
11,10.948401
10,10.062594
5,5.1223564
11,10.927325
13,12.992706
12,11.915963
10,10.148351
8,7.85858
12,11.9403305
10,9.905108
11,10.881101
14,14.088059
4,3.9756112
16,16.000864
13,12.862959
14,14.115786
6,5.9470806
9,8.867108
15,15.1572695
11,10.964604
7,7.024512
7,6.916083
8,8.0680065
10,10.038053
8,8.106388
2,1.9829439
11,10.774197
10,10.018508
14,13.829298
3,2.9810145
15,15.127188
11,11.037824
13,12.765526
10,10.047263
8,7.837688
8,8.03186
10,10.026224
10,10.126983
11,10.958475
9,8.91527
15,15.088994
11,10.7811
9,9.164409
6,6.001928
9,8.932567
7,6.807782
10,9.934357
10,9.888734
7,6.8938584
10,10.165139
11,11.176441
1,0.9324146
10,10.243107
10,10.00186
13,13.013199
8,7.970414
12,12.167065
6,6.195781
8,7.9554586
8,8.095265
8,8.0947485
4,4.088182
6,5.931738
11,11.021067
14,13.845517
15,15.038316
10,9.729484
12,11.730981
8,7.9968762
12,12.164303
11,11.015854
14,13.988892
7,7.0921164
6,6.0632663
8,8.016139
6,6.0632663
1,0.84927964
11,11.090614
5,4.971719
10,9.899715
5,4.8940616
7,6.8960066
12,12.162579
10,9.814939
10,10.003109
15,15.196599
8,7.9223742
11,11.0463295
8,8.125089
2,1.9703265
6,6.0117536
12,12.172572
11,10.949675
2,1.8891402
7,6.8815107
6,6.072117
12,11.994356
6,5.9658046
8,7.9223742
6,5.943508
9,8.944901
1,0.93714607
11,10.959128
18,17.996552
14,13.956194
8,7.999825
8,8.022268
14,14.0215025
14,13.9311695
12,11.807072
8,7.9952884
12,12.120974
11,10.9373255
14,13.871661
15,14.775106
10,10.088897
10,9.8755245
6,5.962323
11,10.8842325
13,12.77945
8,8.012587
11,11.0217285
10,10.101213
9,9.002778
3,3.1412022
19,19.087046
10,10.033781
18,18.144064
6,6.0337324
5,5.040606
6,5.914601
10,9.715829
9,8.994506
10,9.827058
11,11.078921
17,17.17692
11,11.040168
12,12.022682
9,9.169323
12,11.875501
8,8.122987
7,6.8938584
12,11.8554
11,11.037389
10,9.944123
14,14.060977
8,8.174007
11,11.086583
7,6.8364854
8,8.005522
8,8.0568495
16,16.033703
8,8.0581
15,15.145998
11,11.174909
6,6.0417285
3,2.7714844
7,6.928512
0,0.03200192
22,22.162552
8,8.07174
6,6.0842633
9,9.194698
9,8.981024
8,8.113807
15,14.906856
15,15.011695
11,10.936886
7,6.9891434
11,11.039249
16,16.038935
13,13.068612
3,2.803348
13,13.141921
9,8.935388
9,9.158245
8,7.9802585
11,11.048333
19,18.841497
9,8.88187
17,17.027494
8,7.997089
9,8.878935
13,12.980177
8,8.124181
18,18.085781
12,12.113588
10,10.1472225
18,17.847149
15,15.128663
7,7.009275
8,7.802175
5,5.1135635
9,9.118433
11,10.890984
11,11.023378
13,12.776045
15,15.027372
11,10.886101
12,12.05829
14,14.124242
13,13.0435295
3,3.362454
6,5.753466
18,17.8854
7,6.998646
7,6.895987
8,8.084719
3,2.980103
11,10.826864
7,6.7765384
7,6.775087
7,6.985156
20,19.788918
4,4.221119
22,22.070475
14,13.89473
8,8.015297
8,8.029402
8,8.026943
13,12.942066
4,3.7577055
13,12.95276
8,7.889958
18,18.061005
7,6.965832
8,8.014253
2,2.0816772
10,9.878836
11,10.9661255
17,16.891571
9,8.971131
8,7.7163215
10,10.035072
9,9.331304
11,10.9932
5,4.773041
13,13.023053
7,6.968779
13,12.8883095
6,5.9573293
11,11.124837
9,8.895039
4,4.118972
16,16.180775
7,6.9481473
8,8.162339
16,15.970508
9,8.965217
10,10.010634
10,10.026903
4,3.9365857
8,7.989995
3,3.1197088
10,9.926543
13,13.021094
15,14.9275875
14,13.94486
8,7.765612
13,12.865872
14,13.864106
13,13.0408125
2,1.8933216
5,4.9506803
10,10.044791
10,10.177307
11,11.067866
14,14.320919
12,11.996455
11,10.906322
13,12.933115
6,6.0373178
8,7.9316373
10,10.0016575
5,4.957051
10,9.967166
9,9.024696
16,15.788229
14,14.107084
8,7.9310107
11,11.001654
3,3.0896103
16,15.985935
10,10.015006
2,2.0143535
19,18.957508
9,9.006257
8,7.9729447
12,11.992974
15,14.838801
11,11.193736
10,9.99745
13,12.935067
6,6.171822
18,17.943892
17,16.903004
5,4.784213
11,10.727065
5,4.9834957
17,17.046095
2,1.850898
16,16.098387
11,10.924007
7,6.966989
7,7.0081544
10,9.911129
6,6.044832
10,9.9468155
9,8.859803
8,7.941099
9,8.98651
11,10.887091
9,8.844969
8,7.8532753
9,9.118195
4,3.9653864
16,16.151714
6,5.9142246
6,6.1687174
14,13.962017
10,10.192057
18,18.189812
14,14.010308
11,10.840528
6,6.0429416
20,19.573322
10,10.162377
10,10.008513
6,6.088173
4,3.8884375
9,8.923581
14,14.016817
9,9.158665
7,6.987947
12,12.141547
13,13.138801
8,7.8409123
12,12.033239
10,10.158903
6,6.07476
12,12.073672
7,7.1489763
1,0.8262794
16,15.802577
10,10.286523
10,9.977668
13,12.91792
10,9.965181
3,2.965409
6,6.2981367
5,5.1443915
13,13.017182
11,11.243637
10,10.147076
12,11.83199
3,2.965572
16,15.989765
10,9.920753
20,19.78261
15,15.150411
4,3.7490332
2,2.1441557
9,8.922985
12,12.004486
16,15.897818
9,8.927604
9,9.023495
16,16.156727
5,4.9163094
9,9.228998
12,11.996104
11,11.140688
1,0.9351774
5,4.9331846
13,12.762823
8,8.077972
9,8.837972
10,9.978212
7,7.1302414
14,13.934993
16,16.040268
16,15.976352
13,12.920685
3,2.9883726
12,12.016753
6,6.0702124
13,12.796577
11,11.020548
12,12.17048
14,13.876674
5,4.8576345
7,6.9990664
5,4.8743544
12,11.913686
16,16.088251
12,11.893969
14,13.871194
2,1.7830238
9,9.057987
14,13.953894
6,6.0156612
6,6.0928264
2,1.8745255
10,9.960574
10,10.020875
8,7.9528823
6,6.075056
8,8.007686
5,5.0484023
11,11.198947
13,12.918143
14,13.778622
8,7.9169254
9,8.976328
12,12.080859
17,17.081787
10,10.091581
15,14.977047
16,16.09514
8,8.017785
7,6.9734807
4,4.1274347
6,6.029277
12,11.83199
12,11.876941
10,10.294916
11,10.803647
13,12.909469
15,15.291596
6,5.8862906
7,6.9714956
14,13.790882
15,15.034794
13,12.792246
9,9.174093
8,7.9256544
6,6.102086
12,12.051767
8,7.9998436
5,5.0225096
9,9.122462
13,12.873771
10,9.932914
9,8.931963
10,10.109339
8,7.8864126
10,10.084033
8,8.005233
7,6.91806
12,11.962165
9,8.923512
13,12.973736
12,11.946738
6,5.9055233
6,5.958819
13,13.140286
12,12.023007
12,12.059353
5,5.022869
1,0.9024007
17,16.974794
4,4.0234437
7,6.926692
10,10.150331
6,5.9291406
10,9.966182
6,5.8613777
10,10.130657
10,9.829093
11,11.083557
7,7.119626
6,6.151151
10,9.886735
8,7.964243
8,7.9805026
8,8.068732
8,7.8753524
10,10.089187
7,7.165132
5,5.150473
5,5.150473
8,7.7531157
13,13.025554
12,12.081084
11,10.998644
5,5.051677
8,7.802175
8,8.1326065
20,19.860731
7,7.104021
5,4.7613564
8,8.0561695
11,11.016624
5,5.004465
14,13.946074
10,9.927098
7,7.148719
12,11.94388
11,11.067794
7,7.120787
11,11.132156
5,5.26704
15,15.122366
7,7.090686
20,19.946465
6,5.915988
14,14.057283
6,6.0012345
9,8.952537
14,14.106617
8,8.005224
10,9.9476185
6,6.0166817
8,7.9373875
14,13.964915
13,13.035056
18,18.068521
16,16.000816
12,12.109948
11,11.112246
15,15.1096525
4,4.134355
14,14.038753
11,10.931724
8,8.015297
12,11.939484
5,5.186382
6,5.928718
6,5.918127
9,8.912455
10,10.038699
8,7.987462
10,9.999311
18,18.03909
1,0.83446544
7,6.9428625
7,7.0469704
8,8.238226
8,8.080822
16,16.180775
4,4.074717
10,9.997196
8,7.968014
7,7.085327
14,14.2385235
15,14.840976
9,8.846029
11,11.038183
12,11.702443
8,7.9764047
17,17.339315
10,10.189177
10,10.104034
2,1.9650059
5,5.0866504
5,5.1552525
12,11.946731
6,5.9353085
18,18.01444
19,18.951221
6,6.074656
1,0.92209375
14,13.8900175
6,5.9498253
15,14.985495
11,10.92013
11,10.946308
12,12.041467
7,6.931098
4,3.9148743
3,2.9734685
9,8.905921
12,11.819936
7,6.939245
7,6.89502
10,10.018092
9,8.998221
9,9.252733
11,10.98153
6,6.0669627
11,10.987123
10,10.059161
15,14.962244
11,11.232601
4,4.0438704
9,9.175886
6,5.8648906
8,7.9688945
12,11.944511
9,9.025281
7,6.919361
7,7.041802
10,10.050209
13,12.804617
10,9.991456
9,8.9942665
9,8.909312
16,16.102654
6,5.93033
12,11.9438505
14,14.001941
12,12.094349
15,14.861449
9,9.24127
8,7.9014044
7,6.9796863
10,10.218867
7,7.0216146
17,16.946617
8,8.010092
6,6.058792
6,6.0926423
4,4.0157046
8,7.9982767
17,16.93649
18,18.0289
10,10.197086
10,9.975767
11,11.173392
15,15.121072
10,10.170151
10,9.965181
15,15.243862
14,14.062212
12,12.005623
5,5.075484
9,9.023181
2,1.7005697
9,9.2075
16,16.109257
2,1.9465741
14,13.813198
16,16.085741
6,6.0184717
16,16.018951
15,14.808644
15,15.003104
16,16.054914
7,6.9814615
14,13.786666
1,0.81542814
5,5.0844235
5,5.0036407
8,8.070749
13,12.8732395
7,7.0166497
9,9.023266
16,16.47508
12,12.118695
17,17.167229
12,12.117834
12,12.148781
14,13.890278
6,6.0011096
11,10.947572
11,11.00387
11,10.9782915
11,10.91919
14,14.115118
7,7.04739
11,11.073079
11,10.961566
7,6.963523
12,11.873812
17,16.910454
11,11.031885
10,10.0244875
8,7.8676534
7,7.04851
6,6.0226703
17,16.997194
7,7.1108375
5,5.063784
14,13.822533
12,11.837952
5,5.0138535
10,10.11782
10,10.0322695
5,4.916084
12,11.914827
10,9.839962
10,10.075962
10,10.165292
13,13.016772
7,6.937299
10,10.127722
10,9.915791
5,5.0176544
19,19.198322
6,6.109273
7,6.9467397
7,7.013269
11,10.947617
10,9.863267
11,11.306442
10,9.913894
13,12.996627
12,11.834997
11,11.0419235
10,9.872564
12,11.998658
11,11.080301
14,13.796838
7,6.9907727
10,10.023764
10,10.102268
9,8.930914
17,17.006132
12,11.867345
14,13.980423
8,8.101556
12,11.93707
6,6.1367583
8,7.91108
13,12.955761
13,13.202352
19,19.087502
15,14.990471
17,17.117193
11,11.234866
12,11.832951
8,7.9870124
9,8.964265
14,14.214055
5,4.758453
5,5.2340508
9,9.162219
15,15.048819
7,7.0454383
14,14.153444
11,11.047727
11,11.014046
11,10.964149
17,17.147083
11,11.196894
11,10.970452
13,13.035311
17,16.985502
5,5.2348456
8,7.874503
7,7.016126
19,18.626678
7,6.9585896
16,15.650065
9,9.070236
14,13.999551
7,6.9598365
10,10.218288
15,14.858806
14,13.910347
9,9.001731
10,9.928769
10,10.064841
15,14.929317
10,10.100013
3,2.9581482
10,9.898537
8,8.020268
8,7.90212
17,17.082233
4,4.2284837
14,13.840263
16,15.995084
7,6.936159
10,10.120945
12,11.927481
14,14.032927
13,12.813489
8,8.0749655
9,8.867784
16,15.982795
8,8.132329
9,8.861271
11,11.1993475
13,12.978468
1,0.9923687
10,10.109596
6,5.9837914
9,9.058264
9,9.10171
9,9.096968
8,7.8846498
12,12.049169
15,15.159355
12,11.850555
11,10.9993305
4,4.223551
8,7.893254
4,4.1097307
7,6.9557376
12,12.084118
11,10.896801
2,2.294787
7,7.0723786
4,4.100184
11,11.100582
13,12.918103
10,9.913268
11,10.93602
10,10.0767355
11,10.902928
11,11.095658
7,6.918273
10,10.007292
16,15.878014
12,11.945676
6,6.1438174
12,12.208381
10,10.162836
8,7.977953
7,7.0351515
11,10.99282
16,16.018456
16,15.828543
10,10.008632
18,17.830656
18,18.237429
10,9.844783
12,11.96502
8,8.0810995
10,10.112734
9,9.0275545
12,12.00477
17,17.126402
12,11.671488
15,14.810508
18,18.274979
13,13.07732
10,9.920308
7,7.016884
15,15.14622
10,10.026316
14,13.931546
7,6.973907
11,11.254036
7,7.274478
11,11.250597
5,4.954341
13,13.119656
10,10.067842
4,4.029082
12,12.044477
7,7.001205
2,2.061383
7,7.00065
6,6.0349817
12,12.002316
11,10.920547
6,5.9393954
16,15.897585
13,13.018131
5,5.0226016
13,12.769629
4,3.77707
9,8.945704
13,13.054868
9,8.859031
12,11.9884405
14,14.017598
15,15.002443
8,7.914869
13,12.9814825
12,11.931661
11,11.429452
3,2.9891639
4,3.9678972
16,16.098032
7,6.953559
12,11.985738
6,6.064622
8,7.593998
12,11.895478
9,9.15426
13,12.875037
10,9.844609
10,10.0572
8,8.155484
5,5.0891347
10,10.068294
8,7.940156
10,10.017281
10,10.0012
6,6.102534
11,11.18135
8,8.1607485
15,14.995373
10,10.116359
7,7.1387196
10,10.061854
12,12.106186
9,8.818505
13,12.8282
7,7.0731053
8,8.085362
9,8.9851465
11,11.269462
7,7.01981
12,12.107266
15,15.059277
10,10.189847
1,1.0910634
8,7.965857
8,8.030451
5,4.783422
5,5.0803585
15,15.119162
2,1.9883422
15,14.960702
1,0.9234645
15,15.066888
7,6.903595
12,12.036424
9,8.975768
5,5.1567254
10,10.150914
10,9.993991
14,14.143359
12,12.007893
4,4.0930643
7,6.94553
11,11.01789
8,7.996107
13,13.052281
6,5.8085504
10,10.066372
14,14.063263
9,8.918788
7,7.0320253
7,7.0039673
12,11.904234
22,22.038599
14,14.013354
17,17.110361
14,14.087754
8,8.031496
8,7.9410524
2,1.8403908
9,9.10633
2,1.9208848
2,1.9926307
2,2.042456
10,10.038482
13,12.805141
13,12.729041
7,7.153779
6,6.0952806
9,9.145918
9,9.142441
11,11.020338
15,14.825609
12,12.017531
11,11.140087
6,6.07388
14,14.13135
9,9.000525
14,13.901476
14,13.883665
6,6.0430603
14,13.837391
11,10.891514
11,10.910107
9,8.980246
11,11.024327
12,11.875501
9,8.785855
7,6.7699857
8,7.881545
11,10.976477
12,11.9962435
8,7.8721194
3,3.188414
6,5.863713
11,11.037153
11,11.017333
18,18.31023
8,8.0583935
8,7.9567966
7,6.9343686
17,17.174328
1,1.0873122
11,11.012207
7,7.1154785
11,11.088271
7,7.0405493
10,10.016576
4,3.756825
2,2.2004142
9,8.947033
17,17.033377
6,6.074826
14,13.824485
10,10.161412
7,6.922794
8,7.9755383
6,6.0658545
10,9.9663315
20,20.093613
4,4.0712194
15,14.763603
7,6.92628
8,7.9714327
7,6.9880548
10,10.058741
1,0.7018665
13,12.991043
6,6.086798
2,2.0957286
5,5.3329186
10,10.098971
16,15.414031
2,2.0212212
6,6.0779037
7,6.9103584
13,12.917369
12,11.83199
4,3.7630599
14,13.895709
16,15.983156
7,7.1096654
13,12.781051
13,13.110855
9,8.921619
9,9.185806
9,9.156453
9,8.950504
7,6.893288
13,12.98334
11,11.096636
3,3.2820232
2,1.8589543
9,8.930434
9,8.887443
17,17.212051
12,11.9666815
2,2.0706148
11,11.220833
10,9.905011
18,17.992283
6,5.9375844
13,12.894911
9,8.969147
10,10.04638
16,15.958554
7,6.9873624
10,10.09175
9,9.025749
5,4.7954125
13,13.008364
12,12.05268
13,12.961103
12,12.041858
15,15.100148
10,10.03666
8,7.8988795
10,10.109339
9,8.947131
9,8.980051
9,8.989995
11,10.958462
13,12.921963
3,2.9993017
12,11.911621
3,3.0616903
4,4.2220936
12,11.910983
13,12.971039
14,14.032062
18,17.909714
15,14.952472
7,7.0318627
15,14.959861
7,6.8927307
7,6.931098
1,0.95243233
9,8.86701
9,8.904129
14,14.059823
9,9.192219
7,6.9062276
4,4.0270114
12,12.038917
7,6.9428625
13,13.067977
4,4.1691403
5,4.908598
9,8.9767885
5,4.9313006
15,15.144399
8,7.995588
11,10.948606
6,5.9309998
13,12.876041
18,18.193382
14,13.897888
16,16.068514
18,17.873888
2,2.0673766
7,6.9931846
17,16.856588
7,6.9428625
10,10.04816
17,17.109266
6,6.054886
13,13.027446
10,10.000363
2,2.0261838
14,14.05626
12,11.960482
7,7.0125484
16,16.010952
13,13.285105
17,17.269749
14,13.862226
9,8.980898
3,3.1554184
12,11.808744
7,6.9980726
9,9.03438
13,12.978991
16,15.926148
19,19.358097
14,13.823572
11,10.934436
1,0.9185663
2,2.1487374
11,10.904819
9,8.993051
12,12.061035
11,10.97665
8,8.200033
12,12.078944
8,7.98411
14,14.117275
13,12.979048
15,14.89325
7,6.844441
13,13.0308895
8,7.9161525
14,13.741118
8,7.9865484
6,5.992289
7,7.018192
9,8.928261
14,14.007693
11,11.021067
11,10.991308
13,12.9929
13,12.831445
13,13.027148
11,10.987123
8,8.034034
3,3.1628826
12,11.901089
7,6.9822206
10,10.0083475
11,11.026764
11,11.020374
14,13.890464
14,14.087349
11,10.897977
11,10.888799
10,9.880584
6,5.911457
7,7.096774
6,5.941474
14,13.974027
11,11.02034
11,11.060599
6,6.0389004
4,4.121204
14,13.796838
14,14.076117
10,10.068294
6,6.0687757
7,7.280793
10,9.911412
5,4.9034634
10,10.12663
6,5.923351
7,7.002451
12,12.039717
8,8.26457
10,10.0061
6,6.033899
12,11.973154
11,10.910389
8,7.979749
9,8.865642
3,3.1986103
12,11.998013
16,16.012463
12,12.109733
7,7.3710203
13,12.978027
13,12.91333
11,11.076603
10,10.087913
11,10.830673
16,16.00442
15,15.044748
16,15.877268
8,8.022868
18,17.888828
12,11.815232
8,7.933479
17,16.991737
13,13.024551
3,2.9890711
8,8.0652685
8,7.8122325
12,11.867432
12,11.759391
13,13.01673
8,8.094048
10,10.047263
6,6.127726
17,16.8848
7,6.9016023
7,7.054619
13,12.974815
10,10.116359
5,5.0903187
11,10.9196205
12,12.088657
7,7.232408
8,7.913572
14,14.288769
6,5.913719
10,9.996472
8,8.0112295
9,9.0372925
11,10.927586
14,13.863546
16,15.995084
14,13.866891
10,10.013064
11,11.032947
19,18.914917
17,17.167698
8,8.066496
12,11.899783
11,10.9804945
20,19.98049
18,17.906584
9,8.914798
10,10.240911
12,12.201669
12,12.111003
7,6.976064
6,6.0565405
9,8.911166
10,9.987224
3,2.8025873
7,7.105092
12,12.005352
8,7.716412
1,1.0905113
12,11.98146
1,0.929848
12,12.172572
11,10.797647
10,10.154811
5,4.936944
13,12.915043
11,10.7811
17,16.971317
17,16.981388
8,8.015363
4,3.987469
9,8.968859
2,2.0694618
9,8.9997425
9,8.857002
11,10.991956
12,11.793762
10,9.866398
4,3.8649576
6,6.0184717
11,10.830424
9,8.822031
10,10.269252
19,19.041018
7,7.0988255
9,8.960498
16,16.04988
11,11.18135
15,14.949496
14,13.740317
9,9.113959
11,11.0291395
6,6.1045847
12,11.866989
4,4.05141
12,11.91829
10,10.140951
13,13.037226
11,10.959125
7,7.0357165
10,9.826309
7,7.0838647
6,5.9738617
13,12.898573
11,10.864202
11,11.116522
12,12.170719
18,17.89672
12,11.898507
9,8.955385
10,9.832334
14,14.215109
8,8.000236
11,11.2276535
11,11.057919
12,12.127433
13,13.13618
8,8.097023
10,9.812976
19,18.971954
14,14.014784
9,8.949316
10,10.154151
12,12.021512
3,3.0748029
13,13.31687
15,15.16739
7,6.873745
9,8.889702
16,15.971629
10,10.044023
10,10.198908
10,10.19669
4,4.0550756
13,12.813192
5,5.040304
11,11.096944
2,1.7577121
2,2.0952504
13,12.605952
9,8.889702
9,9.165762
11,10.891514
14,14.007888
14,14.030751
13,12.804874
13,12.922353
15,14.855514
11,10.860696
16,15.890214
15,15.056099
14,13.842729
10,9.972676
17,17.13998
10,10.120423
16,16.122192
8,8.070657
8,8.070657
8,8.087149
14,13.886922
7,7.0375047
11,10.839053
5,5.13036
9,8.997108
9,9.018191
13,13.004952
2,2.0919456
5,4.8826995
10,9.973074
12,12.135861
16,16.085527
10,10.008219
17,16.908354
4,4.0391994
11,11.055923
13,12.95368
5,5.129383
6,5.844381
13,12.90403
2,2.0451648
6,6.096337
12,12.04916
15,14.949496
15,14.988141
10,10.120462
6,5.9567432
8,7.9591208
9,8.863134
7,6.8742905
8,8.127171
12,11.935292
9,8.7628565
4,3.9314394
15,14.918709
14,14.066606
7,6.987516
13,12.960652
5,5.1922398
15,14.989075
9,8.973195
12,12.015287
17,17.144106
7,7.0857563
2,2.0832748
8,7.922076
9,8.860646
12,11.962897
13,13.14851
15,15.049594
9,8.973146
10,9.953266
9,9.004318
8,7.878612
5,5.018735
9,8.867592
10,10.013511
6,5.9142246
6,5.9567432
13,13.147572
10,10.012616
8,7.8815427
12,12.211625
8,8.16998
7,7.120787
10,9.980657
12,12.059268
4,3.9076817
11,11.029135
16,15.929144
11,11.245845
13,13.058645
10,10.08853
1,0.67731637
6,5.982553
11,10.956091
5,4.9163933
11,11.105491
17,17.181023
12,12.04553
5,5.152572
11,10.729378
15,15.083575
12,11.931232
10,10.169161
10,10.023091
16,16.007807
13,12.9125185
10,10.086144
11,11.106973
14,13.918396
14,13.899978
10,10.038693
13,13.026989
13,12.778528
10,10.028052
10,10.037803
15,15.125204
12,11.923382
7,6.847839
10,10.075191
6,5.9855795
3,2.8878298
5,5.0403333
5,4.883113
12,11.9757395
11,10.794815
10,10.104847
5,5.085874
6,6.124981
15,15.098339
11,10.850433
15,14.948351
16,15.935444
16,15.894173
15,14.800318
14,13.875244
11,10.967555
14,13.97109
6,6.000692
10,10.102569
20,19.967457
9,8.935917
17,17.012655
15,15.100812
10,10.141012
7,6.903595
2,2.1682599
10,10.185917
11,11.124151
6,5.9045315
7,6.954976
11,10.8624325
11,10.769439
9,9.068726
21,21.201462
8,8.108197
9,9.158416
8,8.044677
12,12.137867
11,10.955078
13,12.934167
7,7.0125194
6,5.9047227
6,5.897941
13,12.97146
9,8.895787
10,9.975093
11,10.88957
6,6.0584536
5,4.88931
5,5.2674694
6,5.8621597
13,12.928286
7,6.934425
12,11.943993
13,12.934167
9,9.129022
6,6.205006
10,10.115178
9,8.912814
6,6.0494113
14,14.016177
5,5.0419765
14,14.066817
8,8.049465
8,8.060512
10,10.075555
7,6.893288
7,6.963523
9,8.9515085
15,14.758091
14,13.929935
14,13.967351
6,5.9498987
2,2.0707166
7,7.296473
1,1.1983706
5,4.7720537
4,3.5680058
11,11.019687
19,19.350021
15,15.086101
7,6.7519784
12,11.857111
10,9.896328
15,15.013719
5,5.1097198
8,7.9195805
10,10.166126
8,8.015351
9,8.936717
8,7.875731
5,5.1341786
13,12.793126
18,17.895555
13,13.1546545
14,14.046306
11,10.994613
11,11.225841
13,12.729794
8,8.010092
13,13.058425
14,14.107853
13,12.768293
13,12.764409
15,15.07151
5,4.93815
10,9.986692
12,11.992476
14,14.001941
11,10.986255
11,10.867594
12,11.957315
11,11.085096
12,11.872216
11,11.080268
11,10.79207
8,8.019349
10,9.9960575
13,13.069226
12,11.907309
13,13.010806
13,13.101538
9,9.077419
10,10.099656
5,5.084376
16,15.917176
5,4.8711896
8,8.015363
1,0.84963316
16,15.982374
8,7.993425
10,10.200077
8,8.025412
12,11.624989
10,9.828236
9,8.947483
9,8.730609
5,4.9953485
15,14.993459
5,4.82877
5,5.09339
15,15.2743635
7,7.0853004
8,7.867702
6,6.020455
6,6.0184717
6,6.05589
18,17.762941
19,19.12341
1,0.9294053
11,11.001054
5,5.0191655
9,9.008938
6,6.0289016
12,11.900762
7,6.9891434
3,2.873581
5,5.161825
7,6.9368343
13,13.035031
16,16.180775
15,15.068412
11,10.986779
12,12.024162
10,10.009557
5,4.991215
19,19.232718
6,5.9393954
7,6.9109483
7,6.987348
5,5.0275307
13,13.092555
11,11.090293
4,4.2463126
11,10.921636
8,7.9531527
12,12.0604515
13,13.0218725
12,12.059548
12,11.921597
8,7.8786926
10,9.888469
11,11.162741
9,9.049099
12,12.014959
12,12.224558
10,9.94592
12,11.979605
5,5.1129575
11,11.021444
6,5.939996
17,17.017992
12,12.079217
9,9.000892
8,7.9799066
11,10.90738
11,11.053221
11,10.895463
11,10.976646
5,5.077768
7,6.9689345
11,11.09886
13,12.900921
1,0.9923687
11,10.946308
13,13.058014
4,4.3741574
6,6.0396323
10,9.86242
17,17.039722
5,5.075484
14,13.965589
8,7.9633555
15,15.117838
12,11.941057
11,10.95488
8,8.14226
15,14.799109
11,11.102456
7,6.847929
11,10.957723
11,11.125853
8,8.00956
11,10.934868
6,5.9124756
13,13.011807
15,15.083963
15,15.001665
12,12.233705
7,7.018192
8,8.162339
11,10.722798
11,10.97423
11,11.122639
2,2.0276551
13,13.093693
15,14.945403
4,4.078894
8,8.111333
17,16.92171
14,14.210916
11,10.775079
15,15.037785
11,11.150629
12,11.916224
9,9.15792
7,7.0250864
8,7.9832945
6,6.12131
8,8.012025
11,10.941023
10,9.897236
5,4.9750323
14,14.175641
6,6.088684
19,18.950489
14,13.838767
12,11.969909
13,12.976635
6,5.953634
10,9.965115
10,9.965181
10,9.820606
10,9.82017
8,7.9099374
9,9.104126
12,12.033751
10,10.072011
13,12.882389
17,16.924276
7,6.912766
7,7.135072
4,4.1402726
13,12.88813
8,8.109117
9,8.786656
11,11.046307
11,10.926203
7,7.1003175
16,16.01067
14,14.043258
14,14.08587
11,10.761597
3,3.1909525
14,14.007731
2,1.7995723
5,5.0758314
5,4.745998
8,7.916474
11,10.805308
13,13.0308895
7,7.045087
14,14.150375
9,8.956333
6,6.086744
15,14.963977
12,11.952682
12,12.183484
3,3.130932
11,11.126359
9,9.155145
10,9.918516
11,11.144559
9,8.934831
14,13.926174
13,13.12306
9,8.926394
8,7.9753585
9,8.926394
12,11.91063
7,6.9470153
8,8.013209
10,9.985325
13,12.965338
9,8.883097
12,12.106569
14,13.998546
10,10.010843
14,14.002422
9,8.876522
11,10.794815
9,9.205915
12,12.034362
13,13.141452
15,14.89325
8,7.951788
10,10.090707
13,12.852066
12,12.049294
10,10.101769
8,7.968517
11,10.888686
10,10.069281
6,6.001306
8,7.997941
10,9.949797
5,5.2924404
14,13.862164
7,7.2023816
13,13.142916
10,9.992712
8,7.979749
6,5.7761636
10,9.885362
12,11.916504
7,6.9056315
11,10.97339
8,8.051955
11,10.874513
9,8.947314
9,9.033906
6,6.0012345
11,10.996542
12,11.991571
15,15.064265
15,15.0895605
13,13.08092
15,15.165875
16,15.957877
13,12.897001
1,0.9213752
15,15.119166
10,9.966978
14,14.006685
11,10.781861
3,3.3648186
11,11.084309
11,11.003648
4,4.0235596
12,12.009052
4,4.233348
10,10.076766
10,10.140629
7,7.0428853
12,12.146469
10,10.027152
11,10.900889
15,14.896247
15,14.896247
9,9.069345
10,10.163623
9,8.928033
11,10.823118
10,10.12572
4,3.982219
1,1.1116526
6,6.513444
9,9.13144
16,15.894197
7,6.976822
8,8.035043
8,7.951426
5,4.9676027
6,5.881574
7,7.2934375
13,12.935433
14,13.916076
8,8.091355
11,10.912126
12,12.013142
8,8.048774
12,12.164616
19,19.102345
19,18.70283
9,9.056256
9,9.076156
14,14.051454
8,7.982817
16,15.981783
7,6.877574
10,9.945398
9,9.0123005
8,7.8767543
10,10.091581
8,7.9563384
11,11.024168
9,9.048345
12,11.838235
5,5.3783965
6,5.9309373
7,6.999815
7,7.00065
10,9.771213
16,15.956842
3,3.232333
3,3.2155619
12,12.2786045
11,11.020992
12,11.9666815
2,2.0148826
10,10.05619
8,7.9320846
11,11.004497
15,15.015331
5,5.033789
10,9.9287
6,5.943283
12,12.100872
14,14.137274
2,2.1498978
18,17.933203
2,2.119813
8,7.878576
9,8.983242
8,7.8864126
6,6.020192
15,15.055141
13,13.053457
5,5.121621
13,12.981378
6,6.0015645
11,11.055923
13,13.1304
13,13.032454
5,5.2721224
8,8.26457
9,9.166624
20,20.309626
12,12.021252
8,7.9578724
11,11.037824
6,6.0654836
11,11.130952
10,10.146048
16,15.985935
18,18.069468
6,6.108814
6,5.908966
15,14.958527
14,14.063004
6,6.2453523
8,7.7438827
2,1.7842242
9,8.90129
8,8.001098
8,8.008169
13,12.966904
16,16.096197
8,7.8884897
10,10.005339
12,12.042615
10,9.850869
8,7.9199543
8,7.9362264
19,18.847992
10,10.052042
7,6.959879
9,8.854921
2,2.0031786
3,3.2820232
4,4.040122
12,12.112977
15,14.832909
13,12.518479
10,10.17147
9,8.921715
7,7.024246
10,10.196841
6,6.1256084
3,3.062567
7,6.952386
6,6.154739
9,8.902803
9,8.950914
17,16.953814
5,5.077644
10,10.0942135
3,2.9552965
13,13.108756
2,2.016986
9,9.057491
6,5.8085504
8,8.231032
8,8.120633
17,16.817104
4,4.0137196
14,13.994455
9,8.783737
9,8.971471
11,11.1026125
7,7.0717363
9,8.864643
10,10.008588
17,16.989725
14,14.295129
17,17.107958
13,13.030397
7,7.161711
15,15.072086
13,12.925231
3,3.0879998
12,12.131243
18,17.994217
8,7.8680468
11,11.1423025
10,10.212722
17,16.771753
10,9.9763365
12,12.083391
2,2.0034711
3,2.858124
15,15.081117
13,12.854341
8,8.023077
10,10.043224
12,11.937461
17,16.921757
6,5.970358
4,3.7907941
11,11.086478
11,11.019838
15,14.956289
9,9.014326
10,10.028513
10,10.067685
7,7.012663
9,9.003195
12,12.064826
8,7.879331
12,12.125984
14,13.947876
10,9.815411
14,13.913411
16,16.133535
5,4.9775734
10,10.198908
11,11.064275
16,15.963873
4,3.9424644
9,8.967147
6,5.960741
4,4.0673037
12,11.975422
9,8.851355
15,15.086882
14,13.983617
12,12.1327715
10,10.060397
11,10.990066
10,10.18358
11,10.964687
8,7.9563327
14,14.13404
11,10.840535
13,12.875204
15,15.172245
7,7.1977882
5,4.823004
20,20.21501
13,12.721957
10,10.102748
14,14.035543
14,14.024434
14,13.953679
16,16.013506
3,2.9971719
2,1.8403908
5,5.0225096
18,18.144821
14,14.000191
7,6.892954
4,3.8843598
8,7.958631
7,6.990183
12,11.997796
16,15.9811125
5,4.982222
11,10.920823
7,6.940373
10,9.757363
11,11.090478
8,7.991685
8,7.8296227
15,14.863649
8,8.111773
10,10.035843
8,7.832291
11,11.020869
9,8.993416
10,10.018255
6,5.971891
16,16.180775
10,9.811531
16,16.180775
12,11.944754
11,11.066841
10,9.963865
12,12.053401
5,4.990623
9,8.838274
14,13.972836
12,11.967502
10,9.910035
8,8.1472225
0,0.065225564
9,9.023181
9,8.97472
9,8.825273
9,9.069501
7,7.0245194
15,14.757515
3,2.7601228
8,7.9585223
9,9.098665
12,11.848239
19,18.884155
10,10.379757
14,13.958172
5,4.9331846
8,8.155484
11,10.97214
8,8.027631
10,10.144187
14,13.871194
13,13.09205
7,6.883877
11,11.079885
4,4.1097307
9,8.882801
6,6.059612
5,4.7796497
13,12.8646755
6,6.1724615
11,11.429452
16,16.004997
12,11.936352
14,13.777834
8,7.981002
10,9.961955
11,10.798121
9,8.875939
13,12.79351
7,6.8835716
5,5.1225557
14,14.028304
15,14.998279
12,11.847525
12,11.882743
6,5.962277
12,11.950067
4,3.9144232
5,4.772735
7,7.1196218
1,0.8572097
5,4.945049
15,15.046011
7,6.993313
4,3.886659
11,10.938748
14,14.208832
9,9.005439
13,12.8978615
10,10.126714
10,9.966024
11,11.400338
8,8.003149
5,5.2046423
10,10.155718
10,10.054635
10,9.966481
13,13.0647335
7,6.991846
13,13.052281
14,13.979204
4,3.9776804
8,8.044301
12,12.042438
15,15.035283
9,9.076189
12,11.774743
12,11.986478
14,13.918826
8,7.968728
8,7.8579254
15,14.687018
14,13.74629
14,13.981962
14,14.035136
10,10.045246
13,12.913533
14,14.092424
9,8.786907
12,12.1024
10,10.199667
14,13.962839
13,12.979353
12,11.94028
11,11.026686
6,6.2766666
9,9.024447
0,-0.1245534
9,8.973245
8,8.022709
10,10.044451
9,8.962851
12,12.143258
17,17.1381
10,9.966182
14,13.792131
14,14.266265
12,11.868007
13,13.141571
7,7.1286974
9,9.009876
11,10.973697
13,12.9125185
13,12.90403
5,4.9134836
7,6.847839
7,6.903007
10,10.288735
15,15.081431
5,5.043209
17,17.01722
11,11.083557
14,13.801918
15,15.074954
12,11.952682
4,3.9859092
9,9.105235
12,11.986518
10,10.139849
6,6.134088
6,6.2048397
8,7.877039
6,5.9272804
12,11.853352
5,5.121125
15,14.705994
5,5.0395417
4,4.0550756
12,12.108496
5,4.8598866
12,12.0890045
11,11.077498
16,16.069962
16,16.013369
12,11.876941
11,10.966369
3,2.9877295
1,1.0486552
12,11.688128
11,11.001898
2,2.2111259
9,8.92863
9,9.018455
6,5.9567432
11,11.016157
9,8.73363
8,7.9377117
11,10.897598
9,8.73363
12,12.048708
14,14.002418
2,2.0575132
10,9.982548
3,2.9877295
6,5.9359827
10,10.013042
3,3.2672794
6,6.0663443
4,3.9586911
18,18.181063
10,10.030669
10,10.206309
11,11.060369
5,5.3571997
18,17.941813
14,14.015465
8,7.912917
13,12.973564
15,15.081957
5,4.921459
6,6.0780077
8,8.092034
14,13.820378
3,3.0396097
11,10.722798
12,11.8906355
9,8.96446
13,13.018149
16,15.969509
11,10.895811
7,7.139741
13,12.925072
11,11.01789
15,15.068412
3,3.0090954
14,13.825179
3,3.049438
9,8.934831
3,3.1329515
10,10.013042
10,10.049235
8,7.9831877
8,8.099018
13,12.8723955
9,8.915268
4,4.081805
13,12.77604
12,12.141186
17,17.10619
8,7.948826
9,9.3349285
14,14.1144705
6,5.903947
18,18.173939
17,16.658298
7,6.921766
13,13.094186
6,5.930827
7,7.0154085
15,14.983214
3,3.0137286
12,11.867307
8,7.891489
13,13.084898
10,10.13889
9,8.918839
0,0.055586707
12,12.123556
12,11.910842
7,7.0546355
5,5.087108
11,10.936749
16,16.039186
7,7.0353966
11,10.97001
12,12.125247
8,8.16554
6,6.0349817
13,13.116881
5,4.8940616
16,16.132301
7,7.1975317
6,6.1072927
5,4.971719
14,13.95652
11,10.887278
8,7.927078
4,3.9626453
6,6.037595
12,11.993802
8,7.8599157
8,7.8649964
9,8.877441
12,12.078795
9,8.972754
12,11.8160715
19,18.766388
11,11.124485
10,9.88915
14,13.909571
11,11.159786
19,18.77117
7,7.0534167
12,12.089909
5,4.754341
13,12.967899
4,3.855398
5,4.9712973
4,3.8732517
7,6.97108
13,13.081933
3,3.0489986
12,11.9867325
15,15.008463
13,13.026083
14,14.002902
6,5.865126
10,9.903746
19,19.007145
11,10.912721
6,6.0163345
1,0.9024007
14,13.771295
6,6.079847
13,13.015918
9,8.928033
15,15.1572695
14,14.0591135
10,10.076743
14,14.094685
8,7.9875526
11,10.9684925
13,13.039612
9,8.9412985
14,14.087804
4,4.1219273
13,12.5171
11,10.910271
14,14.099437
2,2.011887
2,1.7833587
11,10.990363
19,19.260715
15,15.20727
6,6.2414966
19,18.876017
10,9.997812
9,9.046196
14,14.069283
7,7.1345634
10,10.006281
14,13.971452
6,5.98693
10,9.997718
10,10.073004
10,10.089798
9,8.911285
10,10.014059
15,14.740391
10,10.11171
10,10.06712
12,11.704122
6,5.917105
6,6.0687413
8,7.9783936
7,7.0670056
13,13.095502
11,11.126628
7,6.7986593
3,3.0036705
8,7.997799
6,5.9775805
10,9.78011
7,6.93704
7,7.036192
12,12.001286
13,12.954877
13,12.981179
20,20.017723
9,9.04334
13,13.036015
1,0.7110583
9,9.013539
11,11.018533
7,6.9703875
10,10.159626
9,9.033826
12,11.977951
15,14.926629
12,12.060784
12,11.725758
13,12.882072
7,7.0346565
1,0.91387856
9,9.003989
15,15.049576
13,13.02426
11,11.069058
12,11.985312
9,9.135189
10,9.980338
6,5.944281
8,8.23005
15,15.075567
6,5.9858217
10,10.11423
13,12.901517
7,7.1128497
11,11.012354
13,13.16298
15,15.059682
15,14.9629545
11,11.088168
7,7.042978
3,2.960813
16,16.10265
11,11.076945
9,8.940312
10,9.860933
8,8.013344
9,8.924453
8,8.172925
7,7.0664682
10,10.268405
10,10.166366
14,13.975935
12,12.039387
8,7.802283
3,2.8907773
6,6.2810473
9,8.924927
9,8.991493
12,11.919148
3,2.7737718
12,11.866657
14,13.850211
9,9.045792
7,6.8403196
9,8.937076
15,15.00605
2,1.9038599
8,7.943121
8,7.8771024
6,6.0355453
5,5.0261407
10,10.082243
9,8.979723
13,13.1562805
2,2.0634084
15,14.812858
13,12.9297905
11,11.067935
7,7.07938
10,9.847062
13,13.027174
10,10.018566
9,8.946753
9,8.928261
11,10.978028
12,12.151406
18,17.93415
12,12.076101
15,14.801721
7,6.9118495
12,11.97348
5,4.907381
5,5.0128856
13,12.971748
14,14.014881
17,16.965517
10,10.067914
16,16.012297
10,10.050985
5,5.1061664
7,6.9917297
16,16.030561
14,13.876939
9,8.98651
17,17.025555
10,10.126378
7,6.8815136
13,13.057842
5,5.0567436
10,10.024707
11,11.021894
8,8.014253
13,12.892336
10,10.238541
8,8.0323
15,15.059116
14,13.872927
11,11.081095
9,8.791496
15,15.018215
10,10.038192
7,6.995118
15,14.868924
8,8.018948
12,11.913835
11,11.034452
13,12.732739
10,9.888088
13,12.732739
9,8.889284
6,6.062888
5,4.9927263
8,8.041579
12,11.983212
16,16.079977
13,13.183341
14,14.088659
10,10.069053
11,11.260023
10,9.852264
14,14.163107
17,17.053352
9,9.0737705
11,11.016191
7,7.1825347
12,11.936352
5,5.072263
11,11.022652
8,8.051881
7,6.9636483
9,9.013539
17,17.11576
10,9.967102
10,9.971842
8,8.060309
10,10.009673
18,18.045889
12,11.931321
11,10.922278
12,11.9323225
10,10.017146
15,14.963333
10,9.85972
10,10.344295
9,8.969147
11,10.935375
6,6.024835
7,6.844441
10,10.102748
10,10.03288
11,11.086815
10,10.058536
13,12.90399
10,10.073159
8,8.022268
12,12.24031
9,9.046448
7,6.922794
2,2.1898308
9,8.895039
12,11.962159
1,0.90548444
4,4.134517
11,10.722798
17,16.97897
11,11.082671
10,10.109188
8,8.052449
7,7.0541196
16,15.999203
11,11.129336
7,7.0440125
5,4.756303
7,6.9833126
16,16.087063
8,7.995588
9,9.034215
17,17.012297
13,13.275796
13,13.165858
11,11.084392
15,15.145452
5,5.0247345
11,10.93585
14,13.914557
10,10.094129
13,12.880862
9,8.898805
6,6.0382657
6,6.077025
16,15.822463
8,7.8875847
6,5.95259
8,7.8936872
16,16.033302
4,4.255652
11,11.039222
11,11.130786
12,11.957787
8,7.887614
10,10.143468
8,8.095265
11,10.905592
7,6.990183
19,18.99122
6,5.943283
13,12.851186
11,11.06605
5,4.945351
14,14.006288
6,6.0730658
14,13.957747
16,15.880772
4,3.8799927
7,7.1153407
3,3.1021025
8,7.873242
5,5.177874
9,9.030188
10,9.946532
5,4.9336705
6,6.1310287
9,8.932802
18,18.093985
12,11.961579
10,9.85722
9,9.0764
14,14.087632
12,11.963281
9,9.119796
12,11.867005
7,6.8962436
9,8.951148
10,9.948271
10,10.34331
7,6.9967036
13,13.004984
7,6.5892897
16,16.10265
10,10.199618
10,9.936683
4,3.7864332
6,6.084573
9,8.978803
16,16.044516
19,19.121788
5,4.685756
9,9.122969
10,10.07294
15,14.998983
1,0.93507856
12,12.066845
12,12.22816
11,10.924007
13,12.937837
13,12.860636
12,12.208381
6,6.0426254
5,4.8601027
10,10.131112
13,12.8833065
15,15.141808
12,11.89271
10,9.941856
11,11.007527
4,3.9721155
9,9.060674
9,9.060674
9,8.980051
15,14.951005
10,10.036966
11,10.94905
12,11.956729
17,16.99757
11,11.162741
7,6.7635508
12,11.942704
5,4.969776
10,10.166674
7,7.2025237
16,16.154211
12,11.968706
7,6.8665843
9,9.0214815
11,10.953481
7,7.0306053
4,4.0276647
10,9.93326
11,10.867825
13,12.891659
4,4.2183037
16,15.86624
11,10.990618
13,12.929683
15,14.984014
13,13.102723
12,12.060901
13,12.90403
8,7.953595
12,11.991571
10,9.903947
9,8.936652
19,19.122725
8,8.051523
10,9.968428
9,8.897821
16,15.966126
9,9.046365
9,9.04564
13,12.9297905
11,10.880808
10,9.797607
14,14.04742
10,9.978983
18,18.11443
12,12.109613
19,18.626678
9,8.98753
12,11.979659
12,11.910176
7,6.8811088
6,6.091128
10,10.140972
4,3.9746926
11,10.926851
6,5.958819
10,9.986787
7,6.937299
7,7.064292
10,9.902203
11,10.841286
11,10.982219
11,11.044884
14,14.078152
6,5.9838715
10,9.97493
11,10.934868
15,15.184314
12,11.994328
12,12.080373
18,18.20496
11,10.879367
7,7.0116177
11,10.725986
14,13.984711
9,8.890493
10,9.942171
10,10.011208
4,3.9966068
10,9.99671
2,2.151873
6,6.060129
10,9.9635725
10,10.157654
13,12.887669
14,13.835078
6,6.0990567
14,13.837621
10,10.065377
14,14.018031
9,8.951286
13,13.161812
13,13.058336
14,14.042573
10,10.206728
13,13.012787
11,10.974312
11,10.955078
10,10.036838
9,9.059994
15,14.962509
9,9.045785
13,13.068107
6,5.8903265
1,0.8899747
1,0.8899747
0,-0.10419006
10,10.113324
16,15.973645
10,10.169894
8,7.958227
4,4.0270114
5,4.972696
16,15.9870205
10,10.070108
8,8.025591
9,9.147906
7,6.9662056
6,6.1310134
6,5.9691386
9,8.957889
7,7.246531
5,5.0542407
11,11.074162
12,12.021506
12,12.052127
5,4.928223
15,14.755299
8,7.9320846
6,5.9369826
8,7.992824
13,12.786511
11,10.852697
10,9.892561
8,7.7921934
15,15.005982
14,14.066904
13,12.705586
5,4.9285808
5,4.9791546
8,8.091355
7,6.9917855
10,9.834324
14,14.028368
14,14.028206
19,18.837261
7,6.921358
9,8.955339
4,3.9604406
8,8.064712
1,1.0218065
10,9.956662
12,12.018502
13,13.025932
8,8.112616
15,14.90971
10,10.114839
11,10.988993
14,13.919789
13,13.013199
9,9.0239105
4,3.9586911
10,10.178401
9,8.99384
11,11.258679
9,8.902368
11,11.044653
10,10.111838
9,9.065125
6,5.993913
17,17.139107
7,7.0447507
8,8.163614
16,15.9058485
16,16.070122
12,12.071468
9,8.959651
6,6.1888256
10,10.026972
6,5.962277
12,12.054972
6,6.0654836
12,12.159486
3,3.1275396
17,17.042627
15,14.822039
20,20.238998
2,2.0577462
10,9.907857
14,13.9437475
6,5.95338
8,8.111773
11,10.881785
7,6.8927884
12,11.946779
5,4.956499
7,6.861299
13,13.159414
6,6.009796
4,4.326599
16,16.033472
6,5.9775805
8,7.9798303
12,11.913107
10,10.035295
9,9.11218
17,17.10619
20,19.860731
9,8.948178
16,16.014679
11,10.933597
14,14.193517
7,6.9138937
13,12.902196
13,13.010681
12,11.946595
13,13.01841
9,9.192219
5,4.845837
14,13.820948
4,3.9978273
10,9.932442
9,8.886659
11,10.847875
10,10.056228
17,17.247942
1,1.1750977
12,11.853224
14,13.853741
13,13.010681
18,17.876291
9,8.898478
16,16.073742
13,13.0271845
15,15.100189
14,14.314951
11,11.171289
10,9.959131
1,0.7187756
3,3.011172
10,10.168635
2,2.2004142
15,15.057209
6,5.9291406
17,17.10083
11,10.885877
11,11.060502
11,11.05131
12,12.122946
6,5.9657965
5,5.0261407
16,16.172321
12,11.854228
10,9.896519
7,7.1937165
15,14.962548
8,7.891021
8,7.823167
17,17.132502
6,5.9326425
2,2.0481372
7,6.908451
15,15.2431755
15,15.243153
14,13.897543
9,8.967907
12,12.130219
2,1.958807
11,11.042796
5,5.278279
13,12.765677
6,6.0248203
3,3.0716996
8,7.8058815
10,10.162005
11,11.012347
14,14.048941
14,14.043771
8,7.760967
10,10.18641
8,8.0583935
7,7.100412
11,11.073822
1,0.87926346
10,9.94641
10,10.110559
10,10.107492
10,10.095705
17,16.822346
11,11.026439
13,12.877054
13,12.73957
17,16.914381
16,16.003796
16,15.980991
6,6.029439
14,13.853616
15,15.016934
2,2.106245
9,8.916379
9,8.827005
9,8.827005
13,13.003924
14,14.147833
12,11.854467
16,16.012804
10,9.882924
10,10.140954
8,8.050974
5,4.977853
8,8.00834
3,3.038757
10,9.904755
4,4.1127486
3,2.9983985
9,8.986197
8,7.9860883
7,7.0469704
9,9.011827
5,4.9537177
15,14.966125
9,9.009945
12,12.03388
9,8.845445
5,5.123672
15,14.979117
10,9.896889
13,12.967081
11,11.00705
8,7.9508014
12,11.969107
9,9.106684
12,11.979248
13,13.117127
4,4.0243874
13,12.815639
12,12.057584
7,6.93775
5,5.288096
7,6.9895616
5,5.062286
6,6.0062017
8,8.054591
8,8.073928
5,4.9988723
14,14.043211
11,11.002606
18,18.072403
10,9.756924
6,6.125772
13,12.793126
14,13.94486
5,5.200809
9,9.041733
5,4.9898005
11,11.021219
9,8.956398
17,17.149208
11,11.006084
8,8.050498
1,1.0061125
10,10.133712
8,7.972884
8,8.031602
3,3.0879998
11,11.010582
13,12.846822
7,6.6788254
2,2.0957286
17,16.884966
11,11.056109
15,15.049461
8,8.064249
20,19.677282
11,10.871226
8,7.9924183
14,13.823572
11,10.959585
1,0.92209375
19,18.884762
12,12.105484
14,13.96006
7,7.0494933
10,9.971563
10,9.9912615
13,12.9250765
8,8.077133
7,6.8783054
12,11.986002
17,16.952148
5,4.9021926
8,7.933479
8,7.968517
12,11.832951
11,10.963556
5,4.950202
10,10.14052
6,6.0097394
7,7.034906
8,8.108271
5,4.954341
10,10.121136
16,16.143394
7,7.054619
15,14.816866
9,8.997506
12,12.133689
9,8.883888
9,8.949282
20,20.057854
8,7.9914846
2,2.0519342
15,14.943871
11,10.769363
13,12.844918
13,12.941048
13,12.935422
14,13.876819
19,18.634298
10,9.888469
4,3.968076
3,3.1504605
8,7.716412
12,12.056554
13,12.935067
15,14.940486
15,14.930023
12,11.91564
10,10.014576
7,7.0788383
5,4.9810667
4,4.1555185
4,3.871881
13,12.831763
8,8.035055
15,15.059116
10,10.058536
10,9.806467
7,7.178038
14,14.062142
2,2.1173196
2,2.10487
11,10.984478
10,9.920585
6,5.6808877
13,12.991043
8,8.054951
9,8.909575
10,10.181136
11,11.217306
8,7.936408
7,6.9564886
13,13.084001
8,8.011015
5,5.1334734
10,10.049907
8,7.8404818
10,10.041309
13,12.952272
8,8.017832
6,6.0355453
4,4.028723
12,12.136019
7,6.925131
3,2.8649025
2,2.0172546
9,8.990829
15,15.1788845
10,10.151311
10,10.0554285
12,11.866797
11,10.955861
10,10.064299
13,13.158087
16,16.157373
6,6.0648837
7,7.052099
7,7.215896
18,18.40643
12,11.960579
8,7.955279
12,11.99268
17,17.002193
5,4.988282
8,8.050753
1,0.70116884
11,10.861891
5,4.9107704
15,14.829557
11,10.805308
15,15.016934
8,8.090482
13,12.875037
14,14.0591135
10,10.012229
11,11.220833
17,16.9634
13,12.80782
13,12.8629875
13,13.018525
11,10.973783
15,15.014837
15,15.01551
4,3.8759997
1,1.1116526
17,17.189953
14,13.813198
11,11.03844
7,6.949836
10,10.134006
5,5.050505
5,5.0238714
12,11.9596815
12,12.075252
10,10.072011
11,10.977239
12,12.272549
4,4.0719566
9,9.2075
15,15.129511
12,11.940632
12,11.985625
4,4.072669
5,5.0247345
6,5.862692
14,13.62454
13,13.086989
13,13.266375
15,15.068019
4,4.017383
4,3.8723161
12,11.915898
11,11.228244
7,6.814374
10,10.089798
17,16.798954
10,10.000029
15,15.077252
10,9.980982
11,10.866785
8,8.120633
5,4.926858
10,9.929953
9,9.056405
11,10.962009
11,11.126359
16,15.99637
14,13.717782
14,14.031489
8,7.9241633
13,12.976635
10,10.034758
8,7.7977815
9,9.228099
0,-0.14381786
11,10.942911
13,13.008854
10,10.149821
8,7.9386277
2,1.9645327
14,13.963747
10,10.140609
6,5.8869114
11,11.1026125
8,8.00834
9,8.747144
20,19.884487
16,16.086418
13,13.019425
8,7.9628177
10,9.929379
10,9.9780245
6,6.1374965
4,4.128506
18,17.905594
12,11.941875
8,7.9424195
9,8.921619
11,11.103105
12,11.795378
11,11.140199
9,8.895955
8,8.104016
12,11.92192
20,20.041325
12,11.953659
17,16.954153
12,11.903359
4,4.2220936
3,3.0373533
4,4.1231847
10,9.894565
5,4.8576345
10,9.876313
12,12.031909
6,5.973114
8,7.9707932
15,15.115043
8,8.067301
6,5.9696407
16,15.986983
5,5.0985856
8,7.988437
11,11.06605
10,9.85972
7,7.0451913
15,15.038477
12,12.044852
5,4.936944
7,7.0537577
3,2.9877295
14,13.884615
20,19.788918
11,10.772
9,8.955339
9,8.88852
15,14.903791
17,17.06251
8,7.875731
9,8.879101
8,8.068242
16,15.956095
2,2.1678357
4,3.9604406
8,8.086726
6,5.893706
7,7.1210394
8,8.031429
7,7.04386
5,4.8264136
10,10.018067
13,12.783362
15,15.027372
8,8.052177
10,9.859814
9,8.922413
11,11.07681
12,11.929685
18,18.069468
14,13.866985
18,18.061512
9,8.874029
18,17.954245
13,12.955728
6,6.088684
12,12.0066
12,12.141288
5,5.131021
6,6.008407
10,10.04049
11,11.145419
5,5.1072683
9,9.10171
9,8.931309
12,11.922182
13,12.815131
9,9.003848
15,15.196722
11,11.019902
11,10.855842
12,11.919754
6,5.8613777
10,9.9851
4,3.9577093
14,14.247318
6,5.964644
2,2.0797498
11,10.901649
4,3.7250514
7,6.8975043
21,20.995995
11,10.818698
4,4.135077
17,17.056963
10,9.889283
9,8.874626
6,6.0670385
11,10.99273
6,6.1558843
3,3.112345
3,2.9286277
14,14.015633
12,12.009052
8,8.057565
9,8.987497
13,13.045146
9,9.014109
5,4.8755245
17,17.055412
11,10.87446
5,5.0198994
10,10.199972
10,10.057372
14,13.904107
13,13.044392
14,13.996663
9,9.003848
10,10.045246
13,13.065064
10,10.009005
7,7.0126762
10,10.024913
13,12.876949
4,3.8615012
10,10.041879
8,8.074959
8,7.8611064
13,12.9750805
13,12.904522
14,13.906378
10,10.043755
4,3.9776804
4,3.946572
7,7.0193977
9,8.800249
4,3.8394423
4,4.0678177
9,8.911296
5,5.0632024
7,7.0824757
9,8.877516
11,10.874339
9,9.1156435
11,11.011162
5,4.8940616
9,9.047206
16,15.848314
15,14.800318
5,5.0403333
5,4.784213
5,5.1050324
9,8.934139
9,9.0014515
8,7.962387
9,8.960741
3,2.844159
10,9.900732
13,12.980145
7,6.9967036
7,6.9133096
10,10.070725
10,9.862977
8,8.021339
8,8.146857
7,6.839036
10,10.041062
12,12.146007
5,5.045676
9,9.046142
10,9.912974
8,7.9313045
11,10.962419
8,8.082123
6,6.020763
1,0.93708616
16,16.327492
11,10.922223
17,16.907299
18,17.954008
14,13.969495
7,7.0729547
17,17.090118
10,10.023872
5,4.9762278
7,7.00065
7,6.844441
9,8.966251
17,17.016356
14,13.949046
9,9.0528345
5,4.923403
7,7.028416
16,15.89447
13,12.876987
13,12.850693
12,12.07045
15,15.278273
4,4.134355
14,14.008999
12,11.935585
13,12.905855
12,12.057196
15,14.770956
10,10.201336
11,10.904172
2,2.085724
7,6.988766
9,9.065527
9,9.1008
5,4.783649
12,12.168212
9,8.959221
7,6.7447667
11,11.104689
12,11.848104
4,3.9660764
10,9.897322
1,0.9785009
8,7.9554586
10,10.036079
11,10.859581
6,6.1046405
11,11.427658
11,11.009617
9,9.057916
10,10.112152
8,7.85858
12,11.899874
10,10.032773
8,8.051909
7,7.1141233
6,5.9395394
16,15.960292
8,8.311756
9,8.945767
10,10.224911
15,14.862274
9,8.998509
5,5.1230392
8,7.983161
8,7.94397
2,1.6919432
8,8.041844
3,2.9188752
4,3.8856592
2,1.8987885
21,21.00241
15,14.972709
5,4.9123616
7,6.8945584
16,15.916378
6,5.9100013
6,5.7022724
16,15.995084
4,3.9321046
3,3.127197
10,10.044982
11,11.056109
13,12.974039
2,2.10487
3,2.9286277
15,14.910206
5,5.0719485
6,6.1029053
3,2.7803
15,14.998279
13,13.101538
8,7.94397
11,11.156025
12,12.01622
7,6.9562893
8,8.003597
4,3.906277
10,10.010362
8,7.9913344
11,11.093484
14,14.080707
12,11.998741
12,12.063476
10,10.052042
14,14.007562
13,12.865758
12,12.206448
10,9.895077
6,6.010199
10,10.017889
13,13.020193
12,11.975422
15,15.019301
16,15.881029
10,10.10909
18,17.990145
18,18.10004
6,6.1310287
10,10.134006
8,7.966178
13,13.273783
9,9.0194025
7,6.9418015
11,11.251303
12,11.980193
14,14.033615
12,12.196357
4,3.992274
11,11.056287
16,15.6608
8,7.907456
11,10.77863
15,14.766854
11,11.052376
9,8.841952
9,9.025145
3,2.844159
12,11.975735
4,4.2713237
6,5.917968
14,13.87106
9,8.765475
6,6.039796
14,13.856297
7,7.0344667
8,8.172759
3,3.1425493
7,6.987504
6,6.0896735
7,6.9517307
11,11.15955
11,11.085653
10,9.9313545
10,9.876594
8,8.182338
8,8.001308
9,9.084549
8,7.8544607
12,11.968871
13,12.9388275
1,1.0026181
8,7.884591
8,8.08284
12,11.937508
10,10.062315
13,12.827581
11,10.962467
8,7.959698
11,10.962467
3,3.0637438
10,9.972981
11,10.969216
9,9.203386
7,7.0281587
6,5.971961
17,16.931385
11,11.0379715
6,6.055958
8,8.068732
8,8.204828
8,8.074975
4,3.8371003
17,16.783882
15,15.014667
13,12.60978
16,15.895442
10,9.905319
5,5.331221
10,10.152648
10,10.066372
11,10.980423
12,12.0758915
2,1.9314303
11,10.923817
14,14.1251745
6,6.143925
14,13.934682
9,8.882304
12,12.210266
9,8.843676
14,14.030736
9,8.877887
13,13.09543
6,6.1683145
8,7.84078
9,8.929402
10,10.233749
8,7.9359922
8,7.98851
15,15.277441
3,3.0371442
6,6.1345315
7,6.8725553
5,5.030475
9,9.039032
9,8.869533
10,10.083649
10,10.0562935
8,8.126679
10,9.915709
10,10.294916
5,5.0824175
2,2.1128218
4,3.771323
12,11.940801
7,7.1061497
8,7.891021
5,5.050505
7,7.021348
18,18.138042
17,16.824873
5,4.924886
10,10.177691
10,9.890077
4,3.8809566
11,10.932103
7,6.8833303
13,12.790441
7,7.05435
10,9.957651
6,6.0553265
12,11.938594
15,15.119166
9,9.045929
11,10.981832
10,10.108799
10,10.068367
8,7.9780807
8,7.9340043
9,8.952437
7,7.0473604
10,10.283771
17,17.140179
18,17.912378
7,7.198345
9,8.870353
5,4.9839897
12,11.841401
18,17.881113
9,9.013221
13,12.992675
5,4.9791546
11,11.032611
9,9.112985
9,8.87922
16,16.08764
8,7.9249268
16,16.191736
10,10.297549
15,15.14622
3,2.9153113
11,10.841473
5,5.278279
10,10.009557
13,13.293161
5,5.046916
11,10.929097
11,11.113179
7,6.9179215
9,9.070155
10,9.969006
9,8.930914
15,14.718774
15,15.16739
5,5.1489615
20,19.628109
12,12.102877
11,10.951612
9,9.080956
9,9.038976
15,14.958485
10,9.800689
8,8.032833
17,16.953697
4,3.9342077
5,5.2342386
11,11.068855
10,10.138674
10,10.069043
0,-0.14381786
18,18.102957
10,10.149553
9,9.016398
13,13.115018
10,10.004108
3,3.1854439
16,15.931237
8,7.9826903
6,6.104643
13,12.8282
10,10.03407
10,10.037201
8,7.958631
12,12.107823
10,10.141165
14,13.9713
2,2.0902262
5,4.8534102
8,7.716412
13,12.911202
8,7.9814267
16,15.769512
10,10.218228
12,11.970915
12,12.009756
12,11.978149
16,16.000916
10,9.972676
7,6.7871094
15,15.07816
10,10.075496
12,11.933129
7,7.218637
5,5.2456064
11,11.369692
15,15.225328
3,3.0211167
8,8.254059
8,8.007753
4,3.9579573
5,5.133436
10,10.040029
7,7.000504
3,3.011161
11,10.943503
5,5.0329
4,4.0679913
7,6.987947
11,11.075958
8,8.031602
5,5.3579564
11,10.964687
10,10.105365
20,20.164272
10,10.009722
15,15.1999855
6,6.0916944
14,13.899978
18,17.932327
2,2.1455846
6,5.982553
10,9.998819
11,10.9031105
3,2.9793854
10,10.133918
8,8.136892
9,9.053436
10,10.048425
13,12.98285
7,6.8406863
7,7.0492215
6,5.966915
10,10.008632
6,6.1673527
10,10.160167
17,17.037926
5,5.0172133
13,12.8475485
12,12.082147
10,10.089739
6,5.966915
19,19.022923
3,2.9519773
16,15.790188
13,13.032454
15,14.949787
12,11.959014
8,7.871381
1,0.6753959
9,8.920206
12,12.24031
4,3.9598556
13,12.795349
10,10.0244875
15,14.762713
11,10.930298
14,14.088059
10,10.094978
9,9.039558
15,15.075784
5,5.4251556
1,0.9608952
14,14.018073
16,15.802447
9,8.988199
10,10.196901
9,9.028082
11,11.251057
1,0.69669396
2,2.0575132
16,15.903555
17,17.025028
14,14.027921
4,3.951125
12,11.925348
9,8.975329
11,10.983311
10,9.793846
11,11.104978
18,17.956324
12,11.944361
12,12.275541
17,16.834585
4,4.104254
13,13.095502
11,10.949043
13,13.161992
17,17.051342
9,8.920593
7,6.9631023
10,10.09774
8,7.8781967
13,12.973588
11,10.794648
14,14.147833
16,15.918134
5,4.968894
9,8.926394
8,8.028277
8,7.9673944
7,6.9445553
8,8.116843
9,8.967907
10,10.034758
7,6.9571805
6,6.076965
11,11.037884
10,10.184663
14,13.861448
13,13.025663
10,10.210642
14,14.010308
9,9.050818
1,0.94715345
2,1.8091581
10,9.900782
8,7.9400353
5,5.106671
7,7.225582
10,10.000893
10,9.996258
7,6.963891
11,11.061977
11,10.952164
10,9.994063
2,2.1055582
8,8.128138
3,3.1628826
3,3.0426645
11,11.162042
10,10.107865
13,13.059939
10,9.934194
11,10.932585
10,10.101563
6,6.2016134
16,15.92557
9,9.0618515
8,7.963343
9,9.166191
16,16.168959
11,10.948041
10,10.205101
13,13.12872
10,10.2768
12,12.039715
4,4.0495934
6,6.0327
1,1.2016933
7,7.0508347
7,7.272507
8,8.070793
12,12.072043
9,9.002368
4,4.0088854
14,13.884973
14,13.979976
14,14.0260935
17,16.95677
9,9.1156435
9,9.1453
11,11.133432
13,12.924865
9,8.983242
6,6.0304294
14,13.882795
7,6.921358
12,12.048238
13,12.891645
9,8.977992
5,5.1013536
8,8.082198
13,13.061684
10,9.927885
12,11.944361
10,10.013549
8,8.02919
10,9.979637
15,14.852073
7,7.0593233
6,6.137723
9,9.138282
1,0.92209375
8,7.9507236
8,8.050257
6,6.1720724
15,14.651856
4,4.21402
12,12.215768
15,14.651347
15,14.651856
12,12.109085
10,9.920695
13,12.868614
6,5.9440656
5,5.1211977
8,8.098348
10,10.247877
8,7.9936557
7,6.7095838
13,13.019778
7,7.065089
7,7.042978
10,10.103984
13,13.08027
11,11.110829
10,10.113324
9,9.069501
11,10.9804945
10,9.715829
11,10.8754835
9,8.861078
8,7.859304
7,6.878216
4,3.9194407
14,13.987798
15,15.017666
17,16.883722
10,9.975979
11,10.916293
17,16.879528
7,7.020909
12,12.100872
11,11.096636
11,11.038894
18,17.92187
7,6.7489357
10,9.987147
8,8.087231
8,7.7169166
6,5.9782357
12,12.055953
8,8.0722275
12,11.982497
12,12.112055
11,11.193736
6,5.9502015
13,12.971012
5,4.8711896
4,4.0848927
10,10.002402
6,6.047034
6,6.047034
7,7.0220933
4,3.971527
5,4.9983435
8,8.03186
2,2.042456
15,15.101049
11,10.943858
2,1.9017612
12,12.063516
8,7.926574
7,6.7986593
7,6.9062276
11,10.881372
15,14.943949
12,11.919415
16,16.071833
16,16.091362
10,9.857045
16,15.944916
12,11.918604
12,12.104737
19,18.819233
12,12.088991
15,14.932292
12,12.105784
8,8.141249
11,11.005094
10,10.064609
15,14.99836
16,15.943273
5,4.9163094
7,6.9010344
5,4.7673903
8,7.929705
11,11.057443
14,14.062402
7,6.9868083
11,10.966227
7,6.9946136
2,1.7514136
12,11.9567
13,12.985476
4,3.87319
11,10.798096
12,11.9962435
12,11.997234
6,6.0473413
6,5.831391
11,11.0588875
11,11.006789
8,7.923711
10,10.046884
7,6.9553437
8,8.006353
12,11.904558
7,7.243413
14,14.0718355
11,11.039917
11,11.020201
11,11.024357
13,12.979888
4,3.8277633
12,12.034565
13,13.073788
8,8.017859
1,0.9415263
12,11.918024
12,12.025954
10,9.895848
7,6.8613224
10,10.098374
3,2.8934731
10,10.174539
10,10.191541
9,8.946099
8,8.182338
8,7.9856644
11,11.073654
14,13.856208
5,4.990775
8,7.9309974
12,12.123264
16,16.326801
13,13.169669
10,10.059874
5,5.1408563
4,4.4002743
15,14.96816
13,12.866755
18,17.974024
7,7.08093
12,12.060833
13,13.013235
7,6.9339814
4,3.8981285
1,0.9469582
12,11.70611
5,4.7666464
20,19.967457
4,3.8585525
8,7.9819837
5,5.023261
9,8.94317
17,17.180319
9,9.069501
18,18.01755
9,9.038921
7,7.017988
1,1.088754
17,17.242783
8,8.106301
15,15.046421
17,17.317513
9,8.771329
10,9.800825
8,7.8946114
6,6.0780077
10,9.957651
7,7.0170565
10,10.316994
9,8.765475
19,18.95279
14,14.074118
9,8.851758
7,6.9408817
10,10.1393795
12,11.998013
5,4.9576263
0,-0.13867137
12,12.080349
18,18.193382
8,8.017752
13,13.164738
5,5.0295777
11,11.078776
10,10.068763
4,4.000074
8,8.073425
6,6.135454
15,14.896203
12,12.167956
15,14.995331
13,13.097131
10,10.039894
8,7.8078055
17,16.937746
14,13.570311
12,12.005126
7,6.8771706
13,13.15124
10,10.164168
8,8.002614
11,10.897598
8,7.8335814
6,5.951246
6,5.9595704
9,8.893141
13,13.132888
9,8.899748
10,9.816886
4,4.0438704
5,5.0815024
7,6.9392276
11,10.912465
12,11.9163475
15,15.059257
10,10.028444
16,16.132952
14,14.032268
8,8.025135
14,13.987798
8,7.8649864
16,16.111906
13,12.986168
8,7.968754
13,12.87937
4,4.0571647
16,16.012945
12,12.004667
5,4.967785
2,2.161799
5,5.044412
8,7.9864
4,3.7223039
14,14.113903
9,8.968876
9,8.947416
11,11.015509
11,11.225841
12,12.0340805
13,12.969451
7,7.066946
16,15.898177
14,13.839914
11,11.007347
13,12.974025
7,7.0125484
8,7.8940334
11,10.949235
12,11.989496
7,7.0253153
8,7.9525766
11,10.824279
8,7.953797
18,17.894054
18,17.920994
13,12.9824
7,6.9627433
10,10.1076565
11,11.066202
14,13.6758795
7,6.8815136
12,12.072817
5,5.0567436
15,14.933882
10,9.966349
0,0.03200192
5,4.875862
7,6.926407
6,6.0573444
11,10.996103
11,10.996103
13,12.999084
15,14.929898
16,16.00442
11,10.878049
16,15.87962
14,14.090101
15,14.840976
9,8.832278
14,14.052425
11,10.586433
12,11.818598
10,10.105709
16,15.919893
12,12.028004
11,11.15669
10,10.057718
12,11.9438505
9,9.025281
5,5.0085025
5,4.744647
11,11.079029
11,10.972017
9,8.948686
13,12.956927
9,8.892407
15,15.044676
7,6.965784
2,1.7411107
13,13.101538
7,7.160244
14,13.892041
11,10.928006
11,11.058492
15,15.163871
13,13.045146
9,8.792397
11,11.069205
16,15.949516
10,10.110267
11,11.059389
6,6.041405
9,8.934628
4,4.1231847
8,8.027069
7,7.0428944
14,14.110218
10,9.747941
10,9.979599
3,3.0484302
13,13.038636
8,8.078186
11,10.940092
2,2.1262975
15,14.950389
13,13.251084
20,19.901096
6,5.848763
15,15.032055
9,9.003121
10,10.038699
22,21.933678
5,4.8534813
5,4.9807377
4,4.221744
20,20.17776
11,11.128788
8,7.8910365
6,6.078327
9,9.006155
17,17.018288
7,6.8724737
15,14.9275875
12,12.009457
8,7.99084
8,7.933144
12,11.943662
18,17.820755
13,13.084813
7,6.950917
12,11.887472
11,10.903241
4,4.1325
2,1.9256506
5,4.9338083
6,6.210942
12,12.002622
11,11.159683
9,9.029592
9,9.084002
9,8.940882
9,8.974201
9,9.000892
9,8.7440605
4,3.9314394
14,13.863546
7,6.9688034
9,8.955998
8,7.9756637
11,11.065239
6,5.9369826
11,10.867825
11,10.986192
10,9.71862
14,14.077213
8,7.986294
11,11.342231
11,11.151229
9,9.034602
7,7.069618
13,13.334548
10,10.062568
6,6.090424
2,2.016986
14,14.060649
14,13.658617
10,10.076766
11,10.974351
14,13.924096
10,10.122696
11,10.9455185
12,11.896107
10,10.000499
5,5.022869
11,10.794972
8,7.9704022
9,9.0798
8,7.9472437
9,8.955674
5,4.987498
3,3.1038923
14,14.028916
9,9.001596
9,9.0014305
12,11.734474
17,17.043299
11,11.156025
6,5.9880333
13,12.896452
10,10.10909
10,10.225759
2,1.9533823
8,8.034655
0,-0.13500303
10,10.023614
15,15.002274
7,7.0209937
9,8.874464
14,14.032047
4,3.9393234
7,6.869635
6,6.242371
10,9.989769
18,18.03952
17,17.065762
9,8.936717
13,12.758207
10,10.105365
7,7.1301413
12,12.102476
14,13.9649725
10,10.0001
14,13.983995
9,8.989433
9,8.950349
10,10.178421
10,9.890018
15,15.237054
8,7.9821477
4,3.900601
6,5.8961077
10,10.068132
7,6.8172216
9,8.944201
10,10.0609
10,10.03161
10,9.991295
14,14.114583
17,17.025684
2,1.8532361
12,11.747354
12,11.915703
11,10.84839
10,10.010634
4,4.255652
12,12.007511
12,12.038239
6,5.863713
11,11.071384
9,9.046702
10,10.2365885
12,11.848239
11,10.988717
9,9.025521
12,11.988321
14,13.897897
10,10.099367
12,11.936566
10,10.191615
11,10.811052
10,9.866151
10,9.81989
9,8.972458
14,13.8688965
7,6.885748
9,8.977525
5,5.1767354
11,11.032593
11,10.975606
12,12.049704
10,10.030663
8,8.105268
5,5.1655655
11,11.0779915
9,9.047133
15,14.915853
11,11.245322
10,9.9291525
11,11.06605
6,6.101801
12,11.797828
18,18.106413
5,5.4151754
13,13.004689
10,9.9974375
13,13.032454
13,12.989604
8,7.992873
19,19.12992
13,12.783541
14,13.938623
10,10.415021
9,9.147991
10,10.0227995
10,10.040625
10,9.76165
3,2.89616
7,7.079604
7,6.998646
18,17.830526
10,10.064562
12,11.748994
9,9.076189
9,8.848983
14,14.09454
11,10.972825
16,16.045492
19,19.137577
11,11.150451
13,12.90403
13,13.000815
6,6.075074
10,9.902777
2,2.2241962
6,5.9255657
6,5.833662
10,10.221081
8,7.92081
10,10.001666
16,15.892391
14,13.9887495
4,4.0803156
8,8.007522
2,2.0465047
1,1.1800199
7,7.0802803
2,1.7642758
12,12.021719
12,11.988879
15,15.026026
9,9.100269
9,8.869812
14,14.0519
16,16.0223
18,17.954245
18,18.081093
15,14.964234
14,14.021631
7,6.8879976
1,1.007425
13,13.221754
9,9.011145
18,18.012562
8,8.156267
8,8.060496
9,8.874378
3,3.0558586
1,1.1609488
11,11.115811
9,8.914925
11,11.14274
12,11.912183
4,3.8660727
7,6.9179215
10,9.93137
7,7.071008
8,7.9645066
12,11.862112
6,6.0613146
8,7.965817
14,14.030301
3,3.0421126
9,8.949735
8,8.150169
7,7.035238
9,9.060467
10,10.238541
9,8.842574
12,12.05644
9,8.871355
10,10.249616
8,8.043811
10,10.091815
11,10.866785
18,18.072403
12,11.899411
14,14.06253
12,11.79226
9,8.900793
10,9.967584
1,0.9596517
3,3.0537474
3,2.9711382
8,7.8182764
8,8.215101
6,5.9720345
11,10.913022
15,15.029322
8,8.042039
11,11.196426
10,10.021814
9,8.903438
14,13.924106
4,4.029082
14,13.871661
7,6.9591904
6,6.009843
11,11.038978
13,12.917369
11,11.127575
16,16.001574
14,13.986519
10,10.038482
10,10.039944
9,9.242578
19,18.946882
4,4.2321124
9,8.942966
11,11.044161
3,2.8792956
12,12.05644
12,11.837679
11,10.840535
8,8.0084095
13,12.949949
8,8.020735
13,13.011393
8,8.021339
2,1.8649906
20,20.166956
7,7.055651
7,7.027277
11,11.105954
11,11.117271
13,12.927812
13,12.942156
12,11.887838
6,6.0022073
5,4.8319044
9,8.910392
13,13.046148
14,13.9318
9,8.931774
8,7.958631
6,5.952629
6,6.0896735
7,6.9486685
11,11.15906
3,3.01571
3,3.2138264
8,8.055392
9,8.881271
8,8.130823
12,11.92532
5,5.093568
9,8.973567
7,7.216207
11,11.101899
10,9.898537
8,7.9676404
13,12.846056
7,7.171598
10,10.117329
5,5.0285616
12,11.849205
11,11.1082945
5,5.0365944
13,12.786913
7,7.259719
21,20.72043
8,8.043594
16,15.972303
10,9.928009
11,11.021916
8,8.1731
10,10.101964
6,5.980425
14,14.236456
14,13.941278
9,8.941226
6,5.936336
2,1.958807
15,15.152979
13,13.3372345
3,3.0431073
11,10.937032
15,15.097181
14,13.753197
9,8.848446
7,6.93204
7,6.8561473
8,7.9673944
11,11.125853
4,4.0639834
8,7.8788652
15,15.087326
7,6.8626523
11,11.057262
9,8.88159
12,11.847807
9,9.061414
9,8.826043
5,5.1567254
13,12.870017
10,10.162005
13,12.970408
8,7.995588
10,10.114669
11,11.050974
2,1.7611524
6,6.1646686
3,2.9371603
9,8.938213
12,11.8401375
4,3.781285
3,3.1629107
11,10.966962
12,11.942536
9,8.84271
9,9.015304
11,11.03676
7,7.050859
10,10.003366
16,15.934729
14,14.157521
11,11.132764
11,11.14114
11,11.14114
16,16.090605
4,4.230099
5,5.1210475
9,9.077096
10,10.002223
9,8.997566
7,6.8962474
14,14.443486
9,9.072464
19,18.819233
8,8.26457
16,16.006712
9,8.801782
14,13.879843
7,6.989222
11,11.166925
6,6.033473
5,4.9848356
8,8.036567
9,8.93778
11,10.933597
5,4.8278646
5,5.0085025
6,5.8685274
15,14.994439
12,11.957315
12,11.935788
14,13.8910475
14,13.916427
14,14.010308
11,11.275973
9,9.024533
3,3.0520554
11,11.066111
9,9.209661
13,12.926964
9,8.717698
4,3.873633
12,11.939356
13,12.870366
15,14.955888
12,11.859321
6,5.9129086
18,18.008152
8,7.940435
6,6.0389004
10,10.149711
8,7.8532805
8,7.9780807
13,13.084762
10,10.11171
10,10.08969
10,9.977841
9,8.971617
12,11.939682
3,3.1036332
11,10.9840555
3,2.9793854
8,7.8940334
10,10.046701
18,18.282854
10,10.045892
7,6.8966146
7,6.8148484
14,14.0134325
10,10.084339
15,14.967554
6,5.982553
13,12.783362
4,3.8071432
8,8.052492
15,15.048988
14,13.837066
7,6.9837017
4,3.9636114
9,8.777895
17,17.101818
12,12.074894
10,10.063975
4,4.055457
4,3.9335167
4,4.058906
9,8.941541
11,11.036156
6,5.8651786
11,10.891514
3,3.112345
9,8.905851
11,10.936728
10,9.782463
11,11.047266
10,10.050872
7,7.1283545
9,8.997108
13,12.947737
10,10.04843
10,10.162987
9,8.936652
10,10.059541
11,10.944869
6,5.9460096
8,7.878083
7,7.040673
11,10.848314
6,5.9441113
4,3.9307628
10,10.104724
4,4.198513
10,9.995098
10,10.043875
9,8.9548235
7,7.090719
10,9.966256
9,8.9923525
18,18.017551
3,2.803348
10,10.345457
12,11.957904
10,9.875226
9,9.075671
9,8.985
12,11.874936
8,7.9301386
11,11.001831
11,11.112633
11,11.449947
17,16.962532
6,6.1880956
4,4.135077
10,10.172149
14,13.903161
13,13.0808525
16,15.946205
8,8.275269
15,15.274102
11,10.718465
9,8.786992
9,9.1018
8,7.9978604
14,13.974027
7,7.0461707
12,11.914766
11,11.188158
8,8.085421
10,9.918668
3,3.0130782
15,14.967544
7,7.0313816
11,10.986737
8,8.058105
17,16.88162
8,7.977182
14,14.328023
10,9.985931
7,7.0936923
10,9.96965
11,10.924535
6,5.83987
21,20.695892
11,10.911278
14,14.012511
4,4.1328135
13,13.026056
3,2.980103
7,6.992215
8,7.9912677
14,13.995924
11,11.036916
7,6.935455
9,9.027645
10,10.152338
7,6.907899
7,7.1539526
12,12.155707
11,11.223179
7,7.1539526
5,4.9233627
10,9.9547205
10,10.164577
18,17.99442
18,18.18225
4,4.064011
15,15.062069
11,10.891232
6,6.0011096
13,12.883431
15,14.812474
9,8.870278
8,7.9688945
14,13.938519
11,11.08287
4,3.986852
16,16.188023
11,10.934672
11,11.024664
11,11.159683
10,9.996436
10,10.12618
8,8.0021925
14,13.940541
14,13.904275
15,15.087591
14,14.0519
14,13.914401
4,3.959761
9,9.033829
15,15.104474
10,10.17296
10,10.047183
10,10.036991
13,12.921858
15,14.651347
17,16.93355
9,9.037551
6,5.8920646
8,8.071441
12,12.017793
0,0.03200192
5,5.1027665
14,13.948168
12,11.986002
12,11.879076
18,17.830656
8,8.001308
12,12.118225
11,11.081469
10,9.916207
16,16.052069
12,11.980653
12,11.81749
9,9.132995
14,13.904777
9,9.076156
7,7.076146
7,7.064459
14,13.845489
9,8.874378
11,11.044884
1,0.67731637
11,10.894456
17,16.9143
10,9.964252
18,17.921015
4,4.017906
16,15.723161
14,13.863259
10,10.229241
17,16.885044
10,10.146551
15,14.850943
18,18.131992
10,10.071442
2,2.1035435
11,11.072036
2,2.1009655
12,12.056124
6,5.9758143
9,9.009573
15,15.166753
9,9.106461
9,9.03334
5,5.0803585
10,10.011058
10,10.009229
10,10.081988
15,14.928104
14,13.77508
12,11.928976
9,8.823074
3,3.1319091
9,8.969718
4,3.6128445
10,10.095841
15,15.048346
10,9.983484
9,9.082109
10,10.030115
10,10.046902
4,3.9943278
10,10.06874
11,11.05353
15,15.134162
20,20.020052
12,11.898121
11,11.134766
12,12.069473
1,0.69896686
8,7.9309974
11,10.921789
13,12.865929
8,8.161129
0,0.065225564
15,15.009981
17,17.185741
11,11.172979
7,7.054427
11,10.816526
7,7.0545526
15,14.892977
10,9.903292
15,15.0088625
12,11.877881
6,6.330821
11,11.060577
12,12.019624
11,11.1423025
11,10.959925
11,10.92868
14,13.886476
16,16.157597
11,10.918594
14,13.823979
5,4.9193053
9,8.906955
17,17.027088
11,10.701403
10,10.393508
14,14.26655
16,16.065447
16,15.997745
18,18.395166
13,12.757668
12,11.880151
16,16.110512
10,10.223623
7,6.8826547
7,6.8826547
10,10.03012
8,8.055249
7,7.0204196
8,7.9128327
15,15.119801
11,10.900816
5,5.183533
7,7.1197066
7,6.9418015
11,10.903305
4,4.1347394
17,17.19308
15,15.017741
11,11.022409
7,7.134597
15,15.011695
5,4.9163094
7,6.9734807
7,7.088219
5,5.0403333
10,10.070108
15,14.963767
13,12.984636
10,10.070108
11,11.030538
6,5.917935
2,1.748828
1,0.854566
10,10.036887
6,6.111168
13,13.018149
10,10.145329
6,5.9995995
13,12.913374
4,4.05141
13,13.195482
10,9.990958
12,12.012301
8,8.054584
14,13.918826
15,14.98539
4,3.9390392
12,11.873812
11,11.023601
4,4.0912027
10,10.267156
9,9.039373
14,13.786975
4,4.085086
10,10.008632
6,6.0117536
10,9.934907
11,10.881295
9,9.0983305
12,11.875143
11,11.076869
9,8.931997
2,2.0205104
6,6.0553265
6,6.105046
10,9.8993435
17,16.895348
16,15.92836
5,5.1072683
8,8.071511
2,2.0599856
8,7.9464464
13,12.7513485
18,18.05455
17,16.934227
10,10.135519
14,13.787477
14,13.975943
14,13.924946
12,11.888904
8,8.021105
13,13.183341
13,13.080323
5,4.9946404
3,3.239852
9,8.995021
10,9.969006
12,11.815076
15,15.061929
14,13.989691
13,12.892979
2,2.051326
13,12.836191
14,14.095718
11,10.872431
10,9.862977
18,17.828485
12,12.130511
4,3.9010055
6,6.0631156
16,15.995084
12,11.911837
11,11.060311
10,10.0387
8,8.230111
10,10.114294
10,9.910094
9,9.336212
16,15.952223
7,6.918405
11,11.198408
2,1.97305
8,8.076752
10,9.995806
13,12.9545
13,12.906531
12,12.074481
16,16.048166
11,11.019412
7,7.097523
12,11.964125
2,1.97305
4,3.9444153
15,15.039756
13,12.790491
10,9.866881
18,17.933546
8,7.969409
8,8.121111
8,7.890365
8,8.081585
15,15.132677
6,6.027282
8,8.182578
9,8.962851
6,5.948503
3,3.0671728
3,3.0637438
11,11.030795
13,13.08092
9,9.053982
14,14.126999
18,17.933546
6,6.210942
14,13.450674
7,7.100857
19,18.849276
12,11.7940445
12,12.175086
7,6.8742905
17,16.978024
10,10.14584
7,6.9384427
0,0.056140024
9,8.990815
12,12.22816
10,10.189517
7,7.0072455
7,6.969333
12,11.943662
13,12.917047
8,8.052181
8,8.171563
8,8.142369
15,15.025649
11,11.225841
14,13.885212
11,11.009771
12,12.054972
4,3.726205
14,13.787801
11,11.133187
18,18.076256
12,12.018373
7,7.059221
9,8.987481
7,6.9243827
18,17.896711
8,8.06981
12,11.9962435
13,13.13618
18,18.027948
9,9.05829
5,5.0400968
8,8.069849
13,12.970873
10,10.093362
10,10.237983
5,4.7666464
12,12.080699
11,11.007985
11,11.128542
10,10.114615
10,9.829507
15,14.826165
6,6.1123815
9,8.828314
16,15.7022705
8,8.061578
14,14.025378
13,12.842652
7,7.0345254
0,0.029468276
6,6.226299
2,1.922776
11,10.882746
11,10.953655
17,17.245577
11,11.169727
13,12.799015
3,2.990863
12,12.175296
1,1.06699
9,8.904523
16,15.893748
17,16.874031
17,16.960712
18,17.93222
16,16.208849
8,7.9230766
11,11.070415
8,7.942223
12,12.024473
7,6.908529
11,11.186738
8,8.023651
14,14.028791
11,10.867825
15,15.152979
15,14.953891
9,8.86186
10,10.155718
10,10.01863
17,17.14952
16,16.065565
12,12.169973
13,12.972815
10,10.008336
11,10.986192
7,7.0039673
8,7.9743404
13,13.036015
11,11.032573
5,4.752789
9,9.093571
10,10.117059
8,7.997391
16,15.908489
3,2.844159
9,8.924244
15,14.967071
8,8.1474
13,13.134671
3,2.9659402
14,13.853662
13,13.024006
10,10.278801
8,7.7647395
16,15.980959
15,15.251784
11,10.914464
7,6.9907727
13,13.101646
6,6.1880956
13,13.073201
8,7.974305
9,8.888743
15,15.076805
7,6.947236
13,12.913789
10,10.299228
10,9.972006
14,13.963738
11,10.908422
10,10.012821
10,10.062941
10,10.29768
5,5.1063223
8,8.018478
15,14.96995
17,16.96455
11,10.881101
13,13.012757
10,9.995045
8,7.8772235
4,4.0075374
8,7.9933186
11,10.84395
10,9.993563
10,10.027447
16,16.023987
8,8.179591
6,5.846785
8,7.878576
8,8.072828
8,8.072828
10,9.928884
12,12.036948
8,7.886622
12,12.0534
12,11.9381895
10,9.925222
16,15.892288
8,8.031993
9,8.979702
14,13.999776
15,14.911948
11,10.88698
12,12.096042
11,11.032191
12,12.208381
14,13.997738
13,13.134322
11,11.071667
9,9.030188
9,8.942497
5,5.072784
8,8.246651
7,6.921358
16,15.806289
12,12.025954
11,10.937528
8,8.078622
10,10.157826
14,14.005056
10,9.828425
8,7.785374
3,2.9181082
14,14.059763
10,10.122496
8,7.961584
17,16.942383
16,15.997745
8,7.9855623
11,10.765358
7,7.0405493
8,8.028539
7,6.877574
12,11.973314
17,16.957884
11,11.09077
14,14.0020685
11,10.981102
10,9.940441
14,14.318431
17,17.115396
9,8.875812
7,7.1283545
8,7.983161
8,7.928977
11,11.071419
8,7.914869
12,12.004971
15,15.08667
19,19.066813
13,12.959791
17,16.97203
8,8.041844
12,11.982716
3,2.967557
18,17.618704
15,14.813573
10,9.872434
13,12.836529
12,12.202248
11,10.871067
12,12.20434
13,12.868055
15,15.068412
9,8.977838
1,0.72719806
9,8.9515085
6,5.987377
3,2.964143
13,13.029969
14,13.934682
9,9.144721
9,8.994274
9,8.989127
15,15.184302
8,8.085053
16,16.059074
9,9.134154
17,17.122913
7,7.0428944
8,7.9924736
6,5.979639
9,8.926098
3,3.3325446
9,8.898478
12,11.981867
10,10.028895
9,9.00531
18,18.175426
7,7.104021
3,2.7556236
9,8.991811
8,7.867702
8,8.040986
11,11.182969
4,4.2183037
18,18.40643
15,14.991315
9,9.075695
12,11.899164
14,13.95987
10,9.920164
13,12.947889
13,12.839933
9,8.909575
8,8.020872
4,4.448862
4,4.013558
11,10.722798
11,11.024539
13,12.996579
11,10.856731
12,12.073828
10,9.980241
5,5.1826286
9,8.985086
4,3.9578037
3,3.3325446
9,9.118433
8,8.127027
7,7.004996
16,16.030025
9,8.923337
10,10.095825
11,11.073572
13,12.886998
18,18.165983
13,13.014587
18,17.833443
5,4.7505226
11,11.172866
16,15.975452
6,5.9423876
13,13.170262
11,10.911265
13,13.170262
10,9.975979
16,15.82297
16,15.824831
9,8.95484
5,4.9855022
14,13.971452
8,8.050749
10,10.088897
8,8.061242
15,14.882348
13,12.857844
7,7.0802364
15,15.038175
8,7.9895263
8,8.103082
8,8.03186
5,4.9983435
15,15.126326
14,13.9360075
3,3.140674
8,7.873658
8,8.120777
10,10.0546875
10,9.886995
15,15.115199
9,8.959798
12,12.0321455
13,12.9473505
7,6.96881
11,11.174703
16,16.10265
4,3.8537016
6,6.0438895
10,9.965059
12,11.985383
8,7.9394474
20,20.164272
14,13.917008
12,11.834254
11,10.908743
10,10.088373
10,9.934798
12,11.913835
11,11.019902
4,4.0371737
11,11.009497
6,6.0634456
13,12.943394
9,8.948185
11,10.916765
14,14.014029
10,10.009156
7,6.9068155
12,11.981356
19,19.056177
8,8.042039
15,14.802494
10,10.157654
10,10.2395935
13,12.682983
7,6.8879976
6,5.78036
14,13.852718
6,5.78036
16,15.936968
5,4.9638424
11,10.947814
9,8.843666
13,13.103236
14,13.976018
10,9.713871
15,14.982383
11,11.032009
15,15.002189
11,11.098296
14,13.973397
12,12.1327715
16,15.969774
10,10.1015835
10,10.023079
4,3.9825585
7,6.999632
16,15.980417
13,12.958706
9,9.000769
16,15.92582
13,13.014565
16,15.816901
13,12.974039
10,9.900653
13,12.882068
13,13.027128
0,-0.14714307
14,13.977844
8,7.9440465
13,12.806282
3,2.89616
6,6.0015645
10,10.043764
11,10.962752
12,12.035368
15,15.1231165
13,12.997866
10,10.182566
8,7.9982767
17,16.9143
15,14.8934965
14,14.008048
1,0.9620664
16,15.930813
7,6.9248915
11,11.235594
5,5.013056
18,17.828485
14,13.989245
10,10.044479
12,11.928674
14,13.87635
16,15.92836
0,-0.118846856
12,11.872591
10,10.148351
11,10.946455
9,9.039558
8,8.1047735
9,8.980118
7,6.7986593
7,7.130103
9,8.895039
8,7.9780316
13,12.945264
8,8.255656
10,9.838705
12,11.999713
9,8.960726
16,15.949791
10,10.040885
15,15.019301
8,8.022868
15,15.039358
10,10.018244
6,6.0397677
13,13.084036
9,9.01933
16,15.891506
14,13.698196
9,9.089161
8,7.9356203
18,18.042063
7,6.9441814
13,12.96296
17,16.95084
8,7.927078
15,14.902302
6,5.957559
14,14.071029
8,7.801531
14,13.980609
16,15.963952
8,8.156322
15,14.95326
4,4.2032914
5,5.087669
8,7.939141
16,15.981464
6,6.1055365
13,12.786378
13,13.016348
5,5.0217075
3,3.0855238
7,7.0929003
14,13.951596
17,17.009058
11,11.206864
14,14.025108
0,0.055586707
10,10.108057
7,6.8843627
11,10.956764
7,6.9123335
9,9.088141
10,10.063246
7,7.1164174
11,11.107627
7,6.985156
8,7.8135085
5,5.134258
3,3.0177128
4,3.951125
12,12.140169
3,2.7730124
13,12.882047
11,11.014046
8,8.03057
2,1.6947429
6,6.076936
8,7.823167
13,12.937468
12,11.81768
9,8.90118
5,5.194834
15,15.017666
9,9.058098
5,4.9960036
13,12.911202
9,8.947661
9,8.979723
12,11.977685
8,7.9976974
11,11.245845
15,15.022174
14,14.352863
11,10.9226465
7,7.0466456
8,7.8940334
8,8.073637
8,8.058105
7,7.00597
8,7.9547067
11,11.155456
14,13.813014
13,12.93346
11,11.017211
7,7.2818923
5,5.1861296
11,10.764887
9,9.087858
11,11.028672
7,6.8172216
10,10.027447
10,10.201446
17,16.924276
9,9.048835
5,5.1408563
10,10.143543
13,12.963114
9,9.086427
15,15.008262
14,13.969928
2,2.103999
8,8.169813
8,8.031506
9,8.940949
5,5.129838
12,12.129403
8,7.9164324
10,10.143948
11,11.126072
10,9.971137
15,14.898527
10,10.046162
9,8.980051
19,19.130278
8,7.9157257
10,10.100512
9,8.980051
14,14.044947
11,11.083385
10,9.913268
11,11.169727
13,12.935835
5,5.124416
14,14.10697
8,8.054587
12,12.061484
10,10.025247
15,15.274102
14,13.810461
8,7.791203
13,13.042698
13,12.981054
10,9.909065
6,6.0022073
5,4.9934683
10,10.025948
14,13.830487
9,9.016926
9,8.825273
6,5.91013
9,8.825273
9,9.267491
9,8.814098
11,11.075676
9,9.069501
13,12.873932
7,6.8839397
8,7.9215226
6,5.918127
11,11.076844
9,9.070939
10,10.185252
11,10.811052
12,12.176799
11,10.8978
14,14.134727
10,9.913379
4,4.006129
15,15.136014
13,13.077757
13,12.8889265
8,8.234357
4,4.1548367
11,11.035053
10,10.019677
10,10.057386
9,8.941223
11,11.044161
10,10.067909
11,11.126288
13,12.9807
6,6.006149
14,13.965996
17,16.897879
12,11.978915
15,15.049461
5,5.079213
11,11.033548
8,7.837688
10,10.160167
18,17.772667
10,10.176202
13,12.9884205
11,11.008204
3,3.0415223
6,6.035525
15,14.938051
10,9.857045
11,11.015059
8,7.971356
5,4.848435
10,9.828075
13,12.944913
7,6.9454947
5,5.3606653
8,7.9055967
13,12.882047
17,16.965517
13,12.976852
9,8.896652
10,9.745263
11,11.053329
10,10.233682
9,8.967507
13,13.079349
7,6.9077907
14,13.743822
7,7.0456443
8,8.293541
7,6.937703
16,16.06412
11,10.945469
7,6.942403
17,16.990326
11,10.996519
7,7.1984873
12,12.044888
12,12.044888
6,6.0036516
12,12.057196
9,8.917781
8,8.142625
7,7.0428944
11,10.90972
12,12.109613
16,16.110512
18,17.6615
17,17.028233
4,4.027167
9,8.867001
11,11.077282
9,8.931963
7,7.043922
7,6.997977
8,7.9580836
0,-0.15328039
2,1.9411445
12,11.946738
13,12.879824
17,17.062391
11,10.825111
15,15.035201
9,8.993464
8,7.9110084
7,6.9673877
15,15.115503
11,10.97339
12,12.1538315
7,6.985156
9,9.001731
9,9.015938
9,9.135225
4,4.2007933
3,3.0351164
15,14.850184
10,9.897684
7,7.0971627
11,10.857524
15,15.107061
3,2.9478858
10,9.942195
11,11.016973
8,7.950017
14,13.924106
13,13.002805
14,14.032456
11,10.90514
11,11.077967
9,8.965333
10,9.853051
14,13.954517
12,12.063516
10,10.020129
15,15.103578
2,1.8619245
10,10.064949
7,7.314733
4,3.8781776
14,13.82794
9,8.961566
7,6.8920865
6,6.07211
8,7.921115
6,6.1622915
16,15.958406
7,6.9585776
13,13.251084
5,5.122116
10,10.1167965
7,7.0494933
4,4.132325
10,9.947018
5,4.9818735
17,16.901407
9,8.937207
14,13.983588
8,7.946897
8,8.074111
14,14.201944
5,5.2485933
5,4.8534102
17,17.125744
6,6.032295
12,11.97853
9,8.91451
10,9.9547205
11,11.089934
8,8.050916
8,7.7679677
5,5.0148144
5,5.1023803
6,5.863713
17,16.927206
8,7.9818
9,9.164409
10,9.922922
7,6.9841204
3,2.7579048
3,2.9677134
8,7.8602176
7,7.0623584
9,8.928261
10,9.94426
9,9.111948
10,10.192057
7,7.0166497
1,0.9366353
5,5.033789
18,17.911978
18,17.911978
8,8.049746
13,12.989396
11,10.933281
10,10.1489935
8,8.246651
10,10.182865
11,10.972787
15,15.083575
3,2.9287355
3,3.0112593
5,5.0688105
11,10.84395
7,7.1439834
9,8.70391
19,18.95279
11,10.935925
9,8.926043
10,10.014221
15,14.901304
6,5.8803277
8,7.9670653
11,10.62784
8,7.878576
5,5.0173426
5,5.0665154
7,7.1153545
13,12.937473
12,12.058276
14,14.004646
11,11.08027
6,6.076966
12,11.693541
11,10.927586
11,10.990843
7,6.7259574
13,13.171462
9,9.069345
13,12.82846
10,10.170978
12,11.689943
10,10.0251665
11,11.095604
11,11.013395
8,8.187283
15,15.115222
8,8.092561
8,7.9582133
10,10.091407
9,9.055597
11,11.053803
6,6.0491734
8,7.990717
20,20.30469
15,15.079166
9,9.062742
11,10.620473
11,11.046153
18,18.081093
18,17.98005
9,8.919399
11,10.859581
14,14.118665
8,7.9600697
12,12.083294
7,7.157809
9,8.948825
9,8.946372
11,11.188141
11,11.090614
11,11.098813
9,8.902001
9,8.869533
12,12.10701
12,11.975202
13,13.041924
3,2.9581482
6,5.9663177
10,10.01131
10,9.89945
12,12.061291
7,7.2258387
3,3.0662858
12,12.065815
9,8.945362
11,10.884041
12,12.0929575
13,13.092555
7,6.8811088
18,17.922009
10,10.002327
11,11.077642
14,13.916312
15,15.071719
10,9.959131
20,19.938202
7,7.174157
7,7.14441
14,14.1897545
17,17.075651
13,13.15124
12,11.9666815
15,15.080698
11,10.868584
8,7.994476
5,5.0190935
13,12.8934555
11,10.933251
9,9.127915
8,8.072434
11,10.971086
8,7.939918
14,14.187446
16,15.898225
7,6.976606
7,7.2741065
13,12.926774
10,9.9909525
8,8.013209
7,7.101452
9,8.966333
13,12.779951
13,13.068774
6,6.1322107
12,11.973314
7,6.8525705
7,6.9442663
7,6.9082975
10,10.047861
8,7.932249
12,12.012393
8,7.807123
11,11.02034
6,5.953005
8,8.0583935
10,9.888272
10,10.057376
14,14.139975
18,18.057224
8,8.054065
9,8.879762
3,2.844159
3,3.0028028
7,7.0247817
9,8.982416
7,6.941836
7,6.90907
6,6.2416244
7,6.940373
12,11.733238
14,13.875414
5,4.7954125
0,0.048822526
10,10.028848
7,7.016333
11,10.9461775
16,16.025768
12,11.848104
15,15.094743
12,12.052471
4,3.936175
17,17.263067
8,7.951426
14,13.934749
7,6.8698735
15,15.1231165
13,12.84295
12,11.998711
7,7.0345254
13,12.834624
7,6.999815
10,10.030986
14,13.67409
8,8.081578
15,14.686358
11,10.919796
9,8.991442
6,5.8298707
9,8.959287
10,10.193794
12,12.003309
8,7.962992
11,10.994736
8,8.144628
5,5.156287
13,13.090488
3,3.027648
11,10.961088
8,7.980016
5,4.92725
10,9.905243
10,10.020508
16,15.845042
11,11.087458
3,3.0080466
7,6.909975
9,8.837704
6,5.975205
12,11.702443
8,7.929541
6,5.848763
9,9.072806
6,6.013125
7,7.058606
3,2.9877295
7,7.0088463
12,11.785592
18,18.07574
10,10.068136
11,10.936749
11,10.913572
11,11.030376
9,9.005928
8,8.082033
12,11.936932
5,5.2272897
2,1.7587956
13,12.907907
6,5.939996
10,10.033463
5,4.917477
7,6.9873624
14,14.010128
5,4.947745
7,6.9659257
8,7.988437
6,5.938261
13,12.850305
10,9.977454
7,7.015161
7,6.836688
10,10.177987
16,16.021276
2,1.9522822
12,12.100211
10,10.057458
7,6.9326034
10,9.94641
14,14.025635
15,14.962204
11,11.031265
7,7.1275964
12,11.93169
7,7.153531
7,7.043665
7,6.9989157
15,14.670928
7,6.912302
4,4.21402
15,15.035812
13,12.730822
10,10.025603
17,17.315151
10,10.163639
14,14.012589
9,8.984362
11,11.1105
3,2.9960716
13,13.079486
3,3.1731238
7,7.187854
18,17.924868
7,6.9452834
6,5.8548536
10,9.706213
11,10.987625
11,11.102726
8,8.080822
7,7.120938
15,15.044271
18,18.008938
6,6.0210466
9,9.05183
7,6.814374
4,4.0392494
13,13.161175
6,6.050044
14,14.110782
12,11.858537
13,13.059979
11,10.988798
16,15.956797
8,8.079893
5,5.1791873
2,2.1155105
9,9.009025
4,4.0336585
8,7.981002
12,12.080859
6,6.0459304
5,4.8905177
3,2.7891102
4,3.7527714
4,4.085692
5,5.059578
7,6.9276752
6,6.059394
6,6.033816
15,14.965102
17,16.930513
14,14.051
16,15.831128
16,16.14454
6,5.9835978
10,10.033366
1,1.0119908
9,9.09531
6,5.936759
6,6.1345315
5,4.9284644
13,12.803151
14,13.96006
5,4.984224
6,5.989164
6,5.9493523
14,13.890892
10,10.176666
13,12.982461
8,8.037268
15,15.003885
14,13.893978
8,8.03057
10,9.992989
8,7.878261
5,5.043541
8,7.875201
3,3.140637
8,8.03057
10,10.157654
8,8.051082
4,3.9269512
14,13.890246
8,8.120988
2,1.9318677
13,12.974815
14,13.977106
7,6.9086156
9,8.903789
10,10.050872
8,7.9820805
10,9.896065
9,9.069345
5,4.754341
12,11.942704
11,10.97423
13,13.160743
14,13.950644
10,10.100339
9,9.01004
9,8.796412
14,13.684185
6,6.0936494
11,11.053803
10,10.061535
12,11.691501
9,8.919058
10,10.143468
11,11.053437
7,7.059585
10,10.08969
9,8.998332
6,5.9841175
14,13.694251
13,13.080469
6,6.0011096
14,14.044061
13,12.973841
15,14.998983
14,14.059736
12,12.276986
5,5.0452623
3,2.8551555
11,10.888083
9,9.06304
8,7.984339
10,10.199858
15,14.880897
6,6.076965
10,10.199858
10,9.792488
4,3.9254956
11,11.102681
4,4.1618905
16,15.9895525
17,16.993729
10,10.045753
12,11.97853
15,15.161516
9,8.939257
13,12.9545
13,13.214391
3,2.913318
5,5.0037065
12,11.960975
10,10.066616
8,8.164124
10,10.060288
5,5.0847816
13,12.871869
9,9.000769
10,10.069173
10,9.92249
11,10.80167
8,7.8296227
3,2.9845548
14,14.000083
12,12.105784
16,16.00911
10,9.975187
13,12.798084
9,8.877441
5,5.0534573
13,12.800434
17,16.99532
5,5.0122166
10,9.918635
8,7.905714
12,12.149741
9,8.87922
12,12.146007
4,3.7243304
16,15.896113
8,7.9392376
6,6.0417285
15,14.941848
1,1.1000873
12,11.9962435
15,15.049572
11,10.922727
9,8.852483
9,8.865789
17,16.945322
3,2.8954785
6,5.952629
8,8.055392
10,9.907842
11,11.079885
12,11.919754
9,9.026656
10,10.307493
8,7.9799204
10,10.063645
1,0.91695315
12,11.879094
12,11.875501
14,13.8900175
10,10.092623
11,11.153738
11,11.162313
12,11.943281
14,14.022789
6,6.1442327
13,13.027174
11,10.912627
9,9.054486
9,9.076156
6,5.921385
12,11.83199
14,13.90646
14,13.90646
8,7.791716
9,8.893141
5,5.1345015
3,3.0041811
9,8.893141
8,7.8863482
9,8.895256
7,6.997977
7,6.81697
4,3.8712053
6,6.098392
15,14.943223
9,9.044882
21,21.045076
7,7.0737805
8,7.908409
13,13.0308895
14,13.905871
9,9.034602
18,17.919329
6,6.02315
8,7.970388
12,12.228765
9,8.820358
2,1.8891402
7,7.002921
14,14.071029
13,13.019014
8,7.951902
10,10.013064
8,7.823167
7,7.0399594
12,11.818598
16,15.972885
9,9.015518
9,8.93376
8,8.141249
12,11.873812
8,7.905525
5,5.131465
8,8.026393
5,4.9826145
5,4.866377
7,6.8826547
12,11.796478
15,15.03226
10,10.028444
17,17.216604
6,6.035525
17,16.895348
6,5.9023137
7,6.959988
9,8.864729
13,12.898979
13,12.677509
2,2.106245
5,5.0211535
10,10.048364
8,8.032613
20,20.177925
4,4.244618
13,13.023208
8,7.751792
2,2.12228
7,7.07938
7,6.95665
6,5.892374
11,10.971257
15,14.97219
8,7.9563146
19,19.434587
8,7.979996
15,14.964962
8,8.031704
10,10.041134
9,9.189453
8,7.922173
13,12.935902
13,12.933785
10,10.123258
7,6.9062276
3,3.024539
7,7.000504
7,7.0461707
13,12.903586
15,15.058
6,5.9812117
12,11.921277
15,15.037133
16,16.091362
11,11.011304
8,7.9395666
8,7.9605784
14,14.005031
7,6.9128876
12,11.938807
10,10.155718
5,4.8516197
6,6.0818305
8,7.9693227
11,11.071419
7,7.008193
8,8.028925
8,7.7866683
10,10.262553
14,13.934764
14,13.693288
9,9.11819
9,8.940312
8,8.03186
8,8.030296
16,16.321787
10,10.158541
10,10.03012
18,17.946194
10,10.152884
5,4.969938
5,5.2235365
11,11.116767
8,7.8967714
21,21.116613
16,15.902489
5,4.7989454
7,6.925131
7,7.260475
2,2.019949
2,1.9800895
12,12.075005
8,7.943121
10,9.900171
13,12.973512
15,14.912695
10,10.062747
10,9.888564
7,6.9298973
17,17.153711
16,16.18171
10,10.069602
13,12.899526
7,6.7311683
13,13.084813
12,11.977115
12,12.109733
2,1.8901954
13,12.850348
5,4.7501144
4,3.910598
6,6.058968
9,9.17371
11,11.046612
5,5.021509
14,13.804633
10,10.132119
13,13.054777
7,6.7635508
7,6.8133554
9,8.952542
3,3.0708222
5,4.984346
12,11.967223
12,11.968801
11,11.079138
17,17.31095
18,18.05971
16,15.996166
4,4.07609
6,6.1188273
7,7.050824
13,13.0793915
11,10.9461775
3,2.8649025
5,5.072784
12,11.851799
5,5.2332215
15,15.070414
6,6.175393
4,4.1484814
5,5.2625384
13,12.904384
2,1.8933216
6,5.908966
11,10.76277
13,13.061231
12,11.9136
2,1.8745255
9,8.899748
7,6.950565
6,5.9936476
9,9.047342
16,15.951355
14,14.033143
20,20.008776
8,7.8221445
15,15.039109
14,13.80991
15,15.100812
6,6.3930006
4,3.965244
10,10.038866
6,6.1376634
5,5.049858
14,13.9887495
7,6.9852767
6,6.009266
6,6.03856
10,9.911088
2,1.8831701
13,12.957154
11,11.021054
11,10.909464
6,5.9758143
9,8.765475
9,9.051943
6,5.930827
1,1.0356439
11,11.066683
13,12.802422
12,11.889426
4,4.135462
10,9.86242
12,12.060845
8,7.947407
15,15.038477
10,10.187255
12,12.129498
10,10.10485
14,13.953034
10,9.969492
5,4.962093
10,10.026736
13,13.073788
9,9.024113
15,15.388197
8,7.8912344
7,6.9415555
18,17.811678
2,1.7785293
14,13.952274
5,4.847474
11,10.986243
17,16.91569
11,10.919897
12,11.861719
11,11.237913
19,18.978342
8,7.9494376
15,14.950684
7,6.9894876
11,11.197087
15,14.950684
13,12.815788
12,11.949222
8,8.0561695
6,5.9738617
20,20.453289
7,6.832316
17,17.11077
9,9.081514
16,16.036057
9,8.928979
9,8.786205
11,11.004866
14,13.700232
8,8.035043
8,8.068732
14,14.110745
11,10.90723
14,13.821099
14,13.71674
9,9.055975
10,9.963259
12,11.988029
13,13.042379
7,6.9391675
6,5.919443
10,9.957885
13,13.088719
18,17.921799
10,10.023394
10,10.040403
7,7.0720105
10,9.853051
12,12.135481
4,4.0538726
1,0.66750836
13,12.998748
19,19.078918
2,2.067201
10,10.062387
10,9.948309
14,13.810822
13,13.06607
1,0.686506
12,12.004827
8,8.017414
3,2.9815896
6,6.091075
8,8.076752
11,11.100489
11,11.034459
12,12.052335
13,13.060784
5,5.105044
11,11.081266
10,10.315426
10,9.830673
13,12.9342575
6,6.0545936
4,3.9943278
6,5.9133253
12,12.003287
17,16.949621
9,8.929885
13,13.077395
8,8.14559
12,12.159522
17,17.140446
5,5.025903
8,7.940822
11,11.078357
9,9.024677
14,13.8853245
10,10.191541
12,11.979201
12,12.127221
2,1.9906311
5,5.0036855
9,8.917251
20,19.901087
5,5.0968833
7,7.1949534
5,4.8278646
12,12.029262
18,17.915358
7,7.0302854
9,8.96808
7,7.109908
8,7.9978824
11,10.821399
9,9.140577
5,5.28071
8,7.90253
2,2.1258934
10,9.905108
13,13.147572
16,16.03223
17,17.185545
9,9.04564
10,10.24384
6,5.6808877
6,5.964947
8,8.01593
12,12.074743
3,3.184201
6,5.962277
9,9.202443
11,11.055088
9,8.869282
17,17.273735
6,6.0327
11,10.910621
8,8.009622
11,11.129396
12,12.023251
4,4.1008153
10,10.0119505
10,10.185205
10,10.076248
18,17.857666
16,15.99637
6,5.919695
16,16.04339
5,4.8711896
8,7.9776444
9,9.031535
6,5.6808877
12,12.1621475
15,14.962509
12,11.935585
14,13.892198
14,14.013114
0,-0.13816848
13,13.228777
10,10.084005
6,6.091075
11,10.921636
10,10.04266
8,7.829759
7,6.844441
8,7.964955
8,7.9906855
12,11.890111
8,8.002902
10,10.150292
10,10.055995
10,10.104328
3,2.778775
11,11.105356
11,10.944338
10,10.187911
10,10.092507
17,17.044312
10,10.101824
3,2.9588041
11,10.890581
10,10.006939
5,4.92725
12,11.9517145
14,14.106493
8,8.105971
10,10.114742
8,8.050749
6,6.24479
13,13.095572
10,10.11024
8,8.109454
11,10.936645
7,6.931148
18,18.246567
16,15.908489
13,12.925363
13,13.100817
12,12.066987
7,6.937299
8,8.073022
10,10.018197
9,8.867513
11,11.073822
14,13.856388
5,5.155094
5,5.159246
7,7.045087
12,11.7663765
10,10.034352
14,14.043469
7,7.314588
9,8.935488
15,14.989747
5,4.935213
10,10.091263
5,5.0511694
10,10.02044
7,6.8468966
18,18.147676
11,11.258679
4,3.9178345
7,7.035684
14,13.716535
10,10.140951
7,6.831747
9,8.979723
10,10.070182
5,4.910257
4,3.968076
3,2.8044577
7,6.969865
11,10.845576
12,11.945865
9,8.953902
10,10.135167
10,10.382171
10,10.0288315
15,15.035848
9,9.140985
10,10.038676
4,4.1857815
14,13.934886
8,7.8951235
5,5.1412725
19,18.766388
5,4.9013166
6,6.0685678
11,10.954003
11,10.745665
7,7.1984873
13,12.91516
8,8.148389
9,8.975334
17,16.75553
14,13.831957
5,5.028253
7,6.992215
14,13.977106
7,7.07938
9,8.821523
10,9.944237
16,15.890214
18,18.05455
5,5.0567436
6,6.088684
7,7.018192
11,10.930704
15,15.388197
13,13.230774
11,11.072254
10,10.071869
13,12.855071
0,-0.12198355
8,7.7880216
6,6.077615
9,8.989284
11,10.839068
9,9.012445
15,14.704136
9,8.971502
8,7.978799
9,9.15426
9,9.10171
10,9.891881
10,10.149556
8,8.06574
13,12.955296
7,6.8975043
7,6.8975043
7,6.9529543
14,13.83267
10,10.063683
12,11.982771
12,11.999713
16,15.98396
13,12.951442
14,13.863546
13,13.019778
13,13.03557
3,3.0177128
6,6.1544952
3,2.9858656
12,12.063516
10,10.107492
6,6.029347
10,10.0423565
10,10.190542
13,12.934173
7,7.0706296
12,12.044477
12,11.796478
9,9.140577
14,14.087094
0,-0.12198355
14,13.991097
7,6.968448
14,14.0638895
8,7.9540854
11,10.989901
8,7.960494
12,11.94028
6,6.210942
14,14.045097
10,10.084668
12,11.94028
12,11.9456835
15,15.00933
17,16.998259
13,12.914718
9,9.084549
8,8.07172
13,12.993854
11,10.805787
10,10.0297165
7,7.104514
12,12.0059
3,2.9296582
5,4.9378595
8,8.172925
7,7.037275
17,17.121233
14,13.897543
12,11.985373
11,10.976438
10,10.19669
8,8.163612
3,3.0633934
11,11.127785
8,7.9956098
15,14.939393
18,18.10206
6,5.9309373
13,12.8277
11,11.176114
13,12.770055
11,11.044161
6,6.0097394
11,11.02483
10,10.143395
9,8.947152
6,6.5603647
8,7.988947
7,6.9318833
14,13.698196
14,13.882686
6,6.083329
11,11.028127
5,4.940811
7,7.060922
12,12.0916395
13,12.993285
10,9.995156
11,11.129774
12,12.062529
16,15.941176
10,9.957072
18,18.059412
3,3.05313
8,7.969696
7,7.0279136
6,6.1376634
12,11.911999
7,6.9868083
6,5.9393954
8,8.030346
10,10.013064
10,10.0251
8,7.8078527
8,7.931414
11,10.96596
9,8.979603
0,-0.14381786
6,5.923351
5,4.883113
5,4.9918394
18,18.07501
9,8.927604
4,4.072003
9,9.016726
3,2.9574602
10,10.216927
17,16.989864
7,6.812682
15,14.99836
6,6.068168
12,11.962038
12,11.995635
14,13.813198
3,3.00213
13,12.95813
10,10.041339
10,9.899715
11,10.756358
16,16.153807
12,12.157114
9,8.863938
8,8.0868435
10,10.024758
8,8.030216
8,7.981792
8,8.055584
7,7.083571
11,10.972161
13,13.089514
6,6.0946093
7,6.9418015
10,9.851811
9,9.038921
11,11.14832
8,7.862523
6,6.4496737
16,16.068514
9,8.917054
12,11.955796
11,10.7606535
13,12.939596
9,8.955339
17,17.00816
14,13.945963
8,7.9845924
8,8.031991
8,7.9942126
8,7.992732
8,7.99522
0,0.040632706
10,10.0314045
10,10.108799
12,12.001973
15,14.994417
8,8.122987
6,5.9405713
18,17.854555
8,8.092849
8,7.918124
9,8.906557
12,11.9962435
16,15.926784
17,16.997814
11,10.984712
8,8.125089
11,10.972825
14,13.92657
14,14.029486
6,5.966712
10,10.072323
11,11.056109
11,11.053747
13,12.939408
10,10.151123
10,10.072074
9,9.236556
9,8.976274
11,10.893904
6,5.9890547
13,12.87425
10,10.088822
9,8.890438
9,8.998218
15,15.017336
14,13.80991
11,10.938092
11,11.039917
8,7.9386277
13,13.028086
13,12.815751
10,10.120806
5,4.990182
15,14.992573
16,15.931237
6,5.942574
9,8.997851
16,15.972582
12,12.141644
8,7.9501796
8,8.311451
13,12.820078
15,15.023368
14,13.904777
12,11.941057
11,11.088543
8,8.052232
13,12.901517
11,10.936961
13,12.973736
10,10.063178
12,11.849357
3,3.0671728
12,12.13705
13,13.058425
12,12.002878
18,17.98005
12,11.944902
3,2.993588
3,3.231707
6,5.9931026
9,8.945007
5,4.773631
8,7.99125
6,6.186878
10,9.9276905
11,10.930935
16,15.948254
16,15.980964
17,16.954203
2,1.9499655
9,9.086661
14,14.075407
18,18.049065
6,5.99582
17,16.979002
10,10.0133705
15,15.000774
11,11.056287
15,15.058861
1,1.0036571
12,12.088325
13,13.160138
10,10.161999
8,7.890365
11,11.124485
13,13.062998
18,18.090176
4,3.9262664
8,7.861306
11,11.228244
10,9.947824
8,7.9942126
10,9.800689
8,8.173138
11,10.915048
11,10.946096
13,13.016972
11,10.947572
10,10.166516
8,8.052177
11,11.00817
11,11.076736
20,20.05467
17,17.211044
8,7.948121
19,18.969631
9,8.9826975
13,13.0384865
7,7.3710203
9,8.938464
13,12.797507
10,10.032203
1,1.0769999
11,10.981287
6,6.151151
11,11.079312
13,13.018698
10,10.094126
12,11.869211
8,7.9805
13,13.042783
7,6.9082975
8,7.9483585
7,6.949836
5,4.9814897
13,13.154203
12,11.936244
6,6.134721
8,7.946897
7,7.0405493
7,6.90869
4,4.041146
9,9.011248
12,12.019027
15,14.968428
14,13.818653
5,5.1574993
11,10.929993
11,11.09077
5,5.0937834
8,7.9181924
5,4.8170176
7,6.9907727
6,6.225719
11,10.934217
1,0.84963316
9,8.97724
12,12.001985
14,14.000477
10,9.900171
10,9.866418
5,5.009169
11,10.883876
6,6.0228724
10,9.935719
4,4.200916
11,11.038728
12,12.034784
6,5.85437
13,12.920877
8,8.018821
12,11.957696
12,11.909118
11,11.013395
9,8.944818
10,10.020363
8,8.006676
12,11.955172
5,5.0004816
14,14.001941
11,10.866785
13,13.04747
9,9.00886
12,12.080781
11,11.037824
5,4.9803777
12,12.037973
8,7.676985
12,11.864774
11,10.924709
8,8.010324
11,10.958645
6,6.013495
9,9.106461
9,9.06304
17,16.976322
11,10.871205
9,9.03334
11,10.995538
14,13.923552
11,11.06605
7,6.9806247
9,8.914997
10,10.057014
11,10.907603
8,7.8960085
10,9.893803
5,4.9691467
10,9.934978
17,16.933107
3,2.8708086
13,12.874458
13,12.926933
10,9.8577385
13,13.134671
10,10.050731
3,3.1399148
13,13.197296
3,2.8708086
7,7.03405
6,6.099184
8,7.8543634
11,10.934868
15,14.991183
7,7.0569
14,13.965996
9,8.9851
11,11.223516
5,4.917477
11,10.953655
12,11.748389
6,5.9248843
10,9.958022
5,5.050505
5,4.9576263
9,8.931132
12,11.875541
14,13.788686
10,9.998044
11,10.96
4,3.7119539
11,10.88017
5,4.962093
8,8.031082
10,10.075134
15,15.052724
9,9.053791
12,11.916014
9,9.195764
6,5.665227
8,8.101556
15,15.074422
16,15.968833
10,10.063683
7,7.0089483
11,10.986965
4,3.9516048
17,16.930513
15,15.105765
6,5.739114
15,15.099192
12,12.159522
8,8.101556
13,12.966042
11,10.82485
9,9.233059
13,13.027446
12,11.987534
14,13.914037
11,10.778152
8,8.06202
11,11.1909075
7,6.922794
8,8.032721
16,16.044516
14,13.969514
9,9.050114
9,9.033829
10,10.006472
18,17.909693
6,5.8878856
14,14.108399
7,6.984476
10,10.043769
10,10.13453
17,17.049364
8,8.01932
10,9.751941
13,13.104302
10,10.168812
6,6.018646
19,18.83195
10,9.903305
3,3.140054
10,10.086149
10,9.940311
18,17.914783
13,12.974095
6,5.9986916
18,17.993233
6,5.957595
10,10.074218
11,11.195748
6,5.9687457
18,18.005411
13,12.999049
11,10.950014
7,6.9262056
9,8.993051
8,8.076752
5,4.9855022
13,12.903301
18,17.969233
11,10.936277
5,5.026581
6,6.197321
4,3.9393234
10,9.825416
12,11.846997
10,9.942619
3,3.1391165
8,7.891021
15,15.083675
6,6.1944046
8,7.9656825
13,13.016452
6,6.0441217
10,9.782463
8,7.9216003
9,9.075861
8,7.9404726
7,7.10675
11,10.928214
7,7.0471716
5,5.131465
11,11.249311
13,12.99567
11,11.216144
12,11.964273
13,12.943226
6,6.2414565
8,8.039887
9,9.071034
11,10.910107
14,13.844853
15,14.944238
16,16.10781
17,16.959528
7,6.9591904
10,10.092507
6,6.2195444
8,7.9837303
7,6.7738743
14,13.718464
11,10.936304
13,13.1788435
13,13.018149
14,13.930596
13,13.06401
12,11.750852
10,10.088474
8,7.9899373
5,4.7593064
4,4.00881
10,10.065453
10,10.092507
12,11.8680105
13,13.039925
8,8.0412245
12,12.054312
12,11.864327
10,10.152338
6,6.1646686
5,5.0063996
10,9.934157
9,8.931974
10,9.938928
15,14.879916
10,9.999983
10,10.087743
8,8.015078
4,4.1831765
1,1.1129624
6,6.0654836
5,5.0720267
13,12.941781
15,15.047831
8,8.027133
18,18.144821
10,10.018239
10,10.131997
11,10.8982935
12,12.085969
9,8.902843
12,12.088325
7,7.0105157
1,1.0486552
10,10.244481
9,8.884923
8,8.187283
8,7.967027
11,10.967434
12,12.088658
18,18.01127
13,13.003924
12,12.002878
6,5.9902215
18,17.826906
1,1.0026181
17,16.982285
9,9.081323
4,4.0072546
8,8.074959
7,7.0129914
10,9.938364
10,10.027182
4,3.9944968
16,16.206642
7,6.9243827
8,7.917762
3,2.9755611
8,7.881924
8,8.102048
6,5.7784367
10,10.198006
6,5.8489513
6,5.8359885
4,4.0495934
6,5.989247
11,10.84052
12,11.684673
9,9.094352
13,13.073895
15,15.162147
11,10.966227
14,14.136025
14,13.820101
12,11.93643
10,10.187977
12,12.087169
16,16.010197
10,9.863267
14,14.071814
10,9.894556
0,0.05523922
14,14.132709
16,16.132694
17,17.121216
10,10.089798
11,11.074728
8,8.015005
12,12.220733
10,10.017244
10,9.991857
6,5.8804355
10,10.11782
15,14.851682
20,19.861526
12,12.069473
12,12.080966
10,10.0041685
13,12.994146
14,13.876778
5,5.120931
10,10.106544
13,13.041649
11,10.973147
12,11.869211
10,10.053189
10,10.003702
2,2.0973835
18,17.91433
14,13.8688345
14,13.845517
14,13.808682
10,9.8474045
18,17.958687
6,6.040609
14,14.096194
7,6.956865
3,2.9877295
3,2.9904773
17,16.780825
7,6.9656153
7,6.9824758
6,6.205006
11,11.002506
1,1.0831093
8,7.9126883
8,7.8651543
8,7.7747064
14,13.928868
10,10.054301
10,10.089193
7,6.9230394
14,14.185902
14,14.024829
9,9.00531
17,17.068571
13,13.008705
1,0.7072736
13,12.992675
10,9.971945
2,2.0832748
7,7.0216146
5,5.124167
19,19.00219
14,13.961296
15,15.002066
5,5.0275307
10,10.233376
10,10.036079
8,8.106388
8,8.10895
9,8.899748
8,7.886654
10,10.278644
7,7.135114
10,10.103984
11,11.021444
15,14.931965
16,16.241196
19,18.946882
5,4.9898005
1,0.901408
7,7.015475
5,5.0238853
16,16.112753
13,12.994435
5,5.0947967
10,10.129551
13,13.019778
13,12.829121
13,12.995607
11,10.941587
16,16.1536
10,10.102506
10,10.121136
7,7.181748
14,13.933802
8,7.9194307
10,9.961797
13,13.077212
9,8.916768
15,15.012775
10,9.905209
5,5.1223564
12,12.004888
12,12.002348
3,3.0794318
7,6.832316
8,8.0820265
16,15.977382
5,4.79994
8,7.97189
5,5.098257
6,5.998574
12,11.972271
10,10.240376
1,0.92993844
16,15.978423
10,10.069799
0,-0.14572617
14,14.025078
12,11.61679
6,6.1398125
10,9.992133
11,10.97013
10,9.9131365
12,12.079075
12,12.155707
15,14.9296
5,5.2127776
9,9.05183
9,8.940882
10,10.166366
10,10.104096
11,10.903748
12,11.992105
8,7.97187
12,12.141234
9,9.127911
10,10.0380745
5,4.785404
6,6.103535
9,9.118827
5,5.07688
1,1.1267344
11,11.035208
7,6.839036
11,11.067398
11,11.025335
10,9.996436
6,6.0205426
12,12.127367
17,16.941994
11,11.053186
12,12.159759
10,9.921565
11,10.904039
5,4.8326855
7,7.057151
5,4.9766154
6,6.0205426
14,13.732258
16,15.985494
4,3.9918368
10,10.048635
12,12.060686
12,11.705481
7,6.8352213
10,10.120718
15,15.150968
9,9.018565
8,8.12574
9,9.032789
15,14.912935
14,13.87252
10,10.091215
10,10.059541
6,6.100138
16,16.249245
17,16.775085
7,6.9880548
9,8.917781
3,2.6801672
9,9.076337
12,11.888948
12,11.961928
13,13.128599
13,12.852812
9,9.0737705
10,9.989616
15,15.025794
17,17.325104
10,9.904477
10,9.902622
14,13.826137
14,13.979204
5,4.9039264
14,14.034674
10,10.140972
11,11.131363
13,12.921511
14,14.202457
4,4.04204
18,18.045721
3,3.0064151
9,8.864643
9,8.864751
7,7.000504
14,14.009766
8,7.829759
5,5.046294
12,12.046824
7,7.181305
15,15.076171
13,12.962398
7,7.299839
9,9.011716
6,6.1437235
3,3.0028028
12,12.051211
11,10.953453
2,2.175945
4,3.8029134
12,11.946085
9,9.149032
7,6.9710307
7,7.002608
7,7.021918
10,10.031533
10,10.031533
8,7.961296
8,8.060014
18,18.045448
10,9.971756
10,9.905253
14,13.9311695
11,11.217306
11,11.130637
14,13.845198
9,8.895268
10,9.967367
3,2.9177926
15,14.752146
6,5.9893785
4,4.1531243
19,19.358097
10,10.0911875
7,7.0482407
11,11.037118
8,7.830467
15,14.983466
12,12.154856
12,12.040927
12,12.003309
7,7.1071463
3,2.94973
15,15.253721
7,7.060922
11,11.027501
9,8.91763
6,6.063881
13,13.092555
8,7.983321
4,3.9518933
8,7.9818587
0,0.03200192
11,10.958931
11,11.077952
15,15.034728
9,8.863283
12,12.091255
11,11.145967
12,11.8187065
15,15.048063
13,12.963021
4,4.027048
9,8.896636
9,9.10633
14,14.113903
6,5.9942493
14,13.839798
14,13.980997
12,11.939502
12,11.793184
6,5.8299284
5,5.018735
9,8.894848
12,11.928976
18,17.775738
18,18.250847
13,13.0396185
13,12.891953
15,14.9618025
17,16.916677
9,8.8279295
4,4.0138273
15,14.990341
9,8.915621
3,3.0167897
10,10.01569
12,12.001061
10,10.012637
12,12.073303
13,12.938899
9,9.038976
7,6.9529543
8,8.149156
17,16.860691
9,9.06304
10,9.808502
18,17.917034
18,17.953981
9,9.046744
18,18.285309
5,5.0168195
10,10.045884
13,13.13723
10,10.010155
13,12.983846
5,4.9146786
4,4.009986
12,12.135861
12,11.970924
11,10.963942
12,12.130511
8,7.836473
8,7.9616404
8,8.035704
12,11.965201
3,3.1330655
4,3.8960888
20,19.697424
12,11.721454
3,3.0816703
4,4.1231847
11,10.969167
7,6.8626547
14,13.961337
10,10.4178295
17,17.090832
10,10.135456
5,5.02969
8,7.926812
11,10.922743
9,8.9688225
17,17.147875
10,10.195011
5,5.0070815
4,4.1328135
10,10.0770445
13,12.8820095
7,7.0821176
13,13.048525
6,6.047034
11,11.0726795
8,8.022868
10,9.78205
14,13.968743
11,11.023015
11,10.993335
8,7.98369
2,2.0508513
2,2.0284524
11,11.07701
15,15.085682
7,6.8502975
9,8.971502
7,7.0661874
4,4.0355153
14,13.794243
12,12.044477
6,6.0584536
7,6.9284325
3,3.0826054
2,2.0011075
13,13.316739
5,5.129383
13,13.104763
11,11.006766
9,9.4007635
6,6.03468
11,11.1423025
11,10.975606
13,12.942596
5,5.0163436
11,11.0689535
11,10.742425
9,9.024178
6,5.961699
9,9.011632
4,4.0245333
10,9.943171
16,16.000864
7,7.050859
8,7.982685
2,1.8295076
16,16.110512
11,11.153255
13,12.920877
7,7.114651
10,10.196297
10,10.101907
10,10.108746
9,8.906557
3,2.9853933
9,8.950007
13,12.786913
1,0.69669396
1,1.1964873
9,9.02696
17,16.874687
17,17.139229
12,11.895842
6,6.1638494
14,13.782456
10,10.190276
5,5.002802
10,10.005868
4,3.7058403
9,9.244672
14,13.949448
12,12.079075
8,8.014928
18,17.924868
12,11.993203
5,4.927778
9,8.99202
12,12.100315
16,15.946171
10,10.314783
2,1.9649061
18,18.345938
16,16.09924
13,12.758207
13,12.880862
10,9.91754
14,13.922188
11,10.907918
10,10.002254
11,11.113128
13,13.032975
10,9.993827
10,10.049509
10,9.98994
9,8.989433
11,11.126628
10,10.349252
8,7.983161
9,8.8424225
10,10.126378
8,7.862078
11,10.881158
10,10.232955
19,19.138783
7,6.96201
3,2.942732
8,8.022205
3,3.1858199
13,12.999711
13,13.02558
9,8.965993
7,7.2037992
7,6.6629386
9,8.903243
13,12.8889265
14,13.979205
15,15.046411
13,12.993507
4,3.7068238
7,7.182083
10,10.382171
9,9.1008835
6,5.918127
5,4.9918394
13,12.808119
6,6.003419
13,12.970873
12,11.880487
6,6.010087
5,4.899761
6,6.0257277
10,10.233376
9,9.012325
10,9.905624
15,14.969116
9,8.879556
17,16.971706
9,9.003964
9,8.809749
12,11.770311
13,12.943784
15,15.081795
12,12.061492
8,7.891903
14,13.808682
17,17.055573
15,14.813573
2,2.0673766
14,14.068389
5,5.0567436
8,8.144023
8,8.144628
8,7.9310627
9,9.118827
9,8.97161
5,5.027394
6,6.010932
8,7.968359
9,9.041183
6,6.1376634
5,5.028875
7,6.9567633
14,13.954639
8,8.000995
16,16.022757
8,7.9743404
8,7.9804893
20,19.944088
10,9.843213
8,8.048266
2,1.94276
10,9.919983
3,3.0671728
18,18.03917
9,9.023092
12,11.911674
7,7.25219
3,2.9230115
10,9.944548
13,12.795211
12,11.83085
18,18.014673
14,14.147833
9,8.869972
3,2.9772558
7,6.943898
12,11.979659
8,7.8721194
8,8.049822
10,10.022759
14,13.868842
9,9.118195
11,11.162313
20,20.139109
16,15.929424
6,6.0312953
9,8.919399
8,7.980827
14,13.939433
13,13.134855
10,10.295974
15,15.025156
8,8.171066
4,3.8723161
12,11.900664
12,11.805061
13,12.861982
12,12.032458
9,9.157796
10,9.994648
10,10.286702
10,10.020373
17,16.941454
10,10.092257
10,10.0001
16,16.022583
11,10.879643
5,5.0454164
1,0.99947995
7,7.0156636
20,20.260279
10,10.002619
12,11.793762
10,9.802309
15,15.058693
16,15.86853
11,11.075159
3,3.1408384
14,13.826652
1,0.8445034
13,12.784869
3,2.9789379
6,6.0920343
14,13.894357
4,3.9943278
15,15.1766205
15,15.29054
11,10.981832
11,11.00139
9,8.879762
18,17.930637
0,-0.11578802
18,18.068062
9,9.225739
13,12.986468
13,13.054777
10,10.062568
17,17.18298
15,14.878357
5,4.924886
1,1.0946679
0,-0.13393451
8,8.143144
10,10.00017
6,5.9195714
4,3.826925
10,10.0473
9,8.874464
10,10.098619
9,9.164715
11,10.929718
10,10.041933
8,8.025412
14,14.193464
8,7.8404818
8,8.02632
16,15.985881
12,11.85551
12,12.029016
15,15.096931
6,5.798889
6,6.013414
5,5.0310526
15,15.08367
10,10.108628
14,13.986781
15,14.843733
12,12.028004
18,17.906143
12,12.096686
8,8.026173
11,10.909437
9,8.801625
17,17.036884
10,10.0423565
10,9.968762
7,7.049804
12,11.930803
14,14.235031
5,4.9737406
16,16.10547
8,8.079893
7,6.990301
14,14.096194
13,12.968309
11,10.9097
6,6.098392
3,3.0093253
6,5.965193
7,6.9689345
7,6.9180493
15,15.0876875
11,10.929992
7,7.001523
10,9.996179
10,9.9276905
12,12.037458
12,11.980653
12,11.81749
7,7.0690694
2,1.9473113
8,8.062529
10,10.137944
2,2.1009655
13,13.039678
2,1.7842242
15,14.963647
7,6.79699
11,11.004552
5,5.0542274
6,6.055898
12,12.173227
15,14.61111
11,10.90919
10,10.122496
16,15.986983
10,10.223783
8,7.9727907
10,10.297849
17,17.122309
14,13.730154
10,9.947024
8,7.9270425
11,10.963114
18,18.081583
3,3.0518386
0,-0.14314862
9,9.182921
9,8.9549465
9,8.827638
21,20.750746
10,9.778691
14,14.096157
13,12.950881
11,10.847971
12,11.840827
10,10.005014
12,11.968358
8,8.047421
8,7.9671154
11,11.005752
9,9.009161
9,8.846193
8,7.9753585
10,10.000384
12,11.927442
8,8.116843
11,10.799772
12,11.968801
17,17.109266
7,6.9906445
5,5.017224
10,10.0570755
7,7.021433
7,6.9706345
8,7.9048667
13,12.857844
12,11.917967
12,12.108233
10,9.935325
13,12.850348
10,10.15571
14,14.031489
7,6.9482417
6,5.941928
5,5.0295777
8,7.842253
13,12.786944
12,12.088991
12,12.032324
14,14.031489
12,11.931238
10,10.156936
12,12.109386
10,10.104546
11,11.112891
10,9.799978
5,5.050036
14,14.029021
13,13.034735
12,11.954015
9,8.91775
13,12.815038
9,8.945121
12,11.90081
10,9.953484
12,11.9847
12,12.0321455
12,11.915859
9,8.936652
10,10.098971
9,8.954783
11,11.047816
8,7.9796753
9,8.997108
5,4.8373685
8,8.093553
5,4.9376264
11,11.077642
10,10.131777
4,4.0034933
5,5.015419
9,9.059699
11,10.966094
9,9.0163555
13,13.017027
13,12.8282
11,10.890976
11,10.9951515
9,9.075899
5,5.1721416
19,19.215794
6,6.042488
12,11.967443
2,1.9648792
1,0.8134809
10,9.820162
4,3.9228241
7,6.926997
7,6.8799577
10,10.12969
16,15.984925
9,9.097867
11,11.199311
11,11.248949
8,7.953595
8,8.168443
6,5.992289
6,6.1015744
11,10.748412
12,12.160264
5,5.043953
13,12.9723625
8,8.073685
15,15.138484
7,6.9408484
6,5.947726
15,15.031191
12,12.099629
8,8.1838875
6,6.1100936
10,10.033781
12,12.0066
9,9.089883
9,8.923581
10,10.130371
9,8.930914
15,14.880875
9,8.877875
2,1.9977275
15,15.011695
5,5.0688105
9,9.000067
7,7.0878053
11,10.992791
2,2.0129871
7,7.140518
13,12.993285
17,16.93649
13,13.15048
11,11.030687
4,4.0836287
11,10.7811
13,13.018269
8,8.06202
9,9.002487
7,7.008721
13,13.141452
10,10.042011
14,14.061451
18,18.138586
15,14.810122
11,11.0444975
11,11.028127
9,8.953338
14,14.236456
5,5.0037065
6,5.8803277
15,14.8597975
15,14.8597975
14,13.929935
11,10.902969
11,11.023264
8,8.043574
13,13.204469
8,8.0139265
8,8.090574
9,8.95784
8,7.921115
10,10.231575
10,10.124438
11,11.082507
11,10.908708
11,11.183067
11,10.846655
7,6.9408565
10,9.933802
7,6.998052
11,11.122739
15,15.028667
11,10.920968
13,13.068774
12,11.998658
10,10.050306
11,10.857515
15,15.027489
6,6.268477
8,7.891915
14,14.009134
11,10.857318
13,12.822019
8,7.878083
3,3.2022967
8,7.999699
4,4.008775
9,8.921513
5,5.096128
5,4.9336705
7,6.982054
16,16.127731
7,6.803464
0,-0.15086712
11,11.061544
13,12.870578
10,9.946081
4,3.9516048
7,7.0596647
13,12.974025
12,11.870497
11,10.947814
16,15.979795
11,10.90545
9,8.89039
9,8.989119
11,10.96122
6,6.02087
16,15.911696
19,19.195724
5,5.1973724
8,8.120633
2,2.0609746
10,9.83635
10,9.994269
10,9.916013
9,9.060641
15,14.868444
14,14.106617
9,9.136386
12,12.1339035
13,13.149137
7,6.7675805
10,9.947345
9,8.931974
4,3.981403
11,11.028469
10,10.018788
11,10.780316
8,7.9228053
10,10.147592
18,18.062584
16,16.048374
10,10.314783
8,7.8182764
1,1.0356439
11,10.7811
15,15.192488
15,15.0691805
13,13.052249
8,8.022131
10,10.140954
19,19.232718
16,16.069962
13,13.006958
10,10.029811
6,6.025916
4,4.128011
6,5.9023137
9,8.827515
5,4.969776
6,5.8733854
10,10.114568
9,9.026092
20,20.000256
11,11.096645
8,7.850887
12,11.952671
11,10.86179
11,11.141683
6,5.938518
7,6.956089
2,2.0917804
17,17.092295
15,15.1577
8,7.8039384
4,3.9848807
10,10.032203
13,13.051317
9,8.928478
11,10.847634
6,6.0228724
13,12.94799
9,8.967147
3,2.8278298
9,9.052139
7,7.057151
12,12.024131
10,10.178401
11,11.073833
11,11.073654
10,10.028186
11,11.021067
11,10.982774
13,12.804874
16,15.942891
9,8.989718
7,6.998895
8,8.023903
16,15.942891
8,8.025981
7,6.770621
17,17.190844
13,12.770383
6,6.0411205
5,5.103269
12,12.035082
8,8.092561
12,12.040867
11,11.001484
9,8.960219
11,10.91919
3,2.9810145
3,2.9309208
13,12.909469
10,10.0041685
10,10.19896
6,5.9249783
5,5.1050324
8,8.050551
19,19.133205
14,14.063962
9,8.954818
13,13.1501045
10,9.957645
19,19.29663
6,6.1026077
4,3.974953
17,16.944386
10,10.120423
12,11.989105
19,19.009562
10,9.965115
10,9.816886
5,4.716984
5,5.09339
11,11.044819
10,10.187633
5,4.9730473
11,10.990066
13,12.786511
14,14.092149
8,7.953159
12,12.013433
14,13.892507
13,12.944354
8,8.035973
8,7.9978604
9,9.042276
16,16.019169
2,1.966996
8,8.087029
10,9.862977
17,16.99757
16,15.804881
11,10.9455185
11,11.055195
9,8.91553
10,9.973394
10,10.176727
11,11.09533
14,13.849128
2,2.0729809
10,9.904631
10,10.002327
16,16.029823
11,11.078688
4,3.9854763
15,15.005699
5,4.878831
11,11.035739
11,11.018712
10,9.91754
12,11.977115
5,5.02454
15,14.700575
12,12.094676
12,12.10874
16,15.647729
11,11.036557
7,6.8874717
11,10.960751
2,2.0634084
11,11.121327
11,11.024343
8,7.8221445
13,12.915043
9,9.040322
2,1.9519349
5,5.2456064
6,6.0940714
9,8.951286
14,13.800484
5,5.083805
7,7.120787
6,6.3930006
6,5.9309373
10,9.999782
17,17.112782
5,4.949195
4,4.0406
8,7.995588
18,18.090433
16,15.953287
2,2.051326
11,10.896389
3,3.2820232
18,18.244087
9,9.043179
8,8.0141
6,6.035525
8,7.9561696
8,7.9561696
13,12.5171
15,14.718796
7,6.8975043
7,6.9529543
1,0.9955882
10,10.101625
12,11.922289
16,15.989672
4,4.244618
5,4.7896075
5,5.131465
6,5.9499216
5,5.1584516
5,4.9855022
8,7.913504
17,17.153711
14,13.923193
7,6.984727
9,9.015938
15,14.958527
15,14.757435
8,8.071511
14,14.032056
14,14.00434
8,8.164739
10,9.970447
14,13.814628
11,11.083167
10,9.904755
10,9.904755
9,9.111948
10,9.957651
12,12.026518
14,14.044765
8,7.9704022
9,9.23054
12,11.931321
11,11.055167
18,17.921633
8,8.062246
13,13.041968
11,11.092043
19,18.937521
16,15.892853
10,9.89945
13,12.811876
9,9.239532
15,14.98369
15,14.98369
13,13.069965
0,0.055586707
20,19.886873
14,13.957046
9,9.15426
13,13.017182
3,2.9574602
15,14.950582
11,11.224627
17,16.884884
7,7.114752
7,7.096774
12,11.91016
7,6.918579
3,2.89616
10,10.160237
10,10.057458
9,8.959506
12,12.13183
12,11.894874
8,8.008652
13,12.914879
7,6.96881
14,14.176546
14,14.1806965
16,16.113722
12,11.802518
7,6.9262056
12,12.062334
11,10.983771
16,16.012463
9,8.884849
13,13.1304
15,14.984908
11,10.879198
15,14.953688
12,12.16851
11,10.953453
7,6.96786
1,1.0036571
7,6.869407
11,10.919422
15,14.990024
9,8.950248
11,11.116865
18,17.861994
8,8.034655
16,16.09084
9,8.815693
8,7.9241967
13,13.083803
10,10.199858
12,11.907098
12,12.111609
5,5.1944046
7,6.97108
4,3.9708316
10,9.870876
18,17.755022
11,10.728536
12,11.9847
12,11.922528
10,9.985568
12,12.063537
5,4.994376
9,9.025821
10,10.276832
7,6.9636607
14,14.042264
11,10.895098
9,9.025551
15,15.052463
11,10.866107
14,14.200462
5,4.83371
17,16.985573
10,9.905209
8,7.9912677
4,3.7753894
11,11.125824
12,12.25299
7,7.003589
12,12.097746
15,15.04627
5,4.9676027
7,6.9870906
10,10.319052
19,18.978342
8,7.941404
10,10.226515
13,13.224557
9,8.869812
11,11.192848
9,8.818802
9,8.822465
8,7.9557586
9,9.0107355
9,8.919647
17,16.891571
17,17.172836
10,9.999311
15,15.014667
10,10.077722
11,11.024357
12,12.007212
8,7.927167
12,12.152468
12,11.799749
11,10.908422
18,17.91865
15,15.0416155
11,10.874513
6,5.9931026
6,5.9433055
4,4.181674
12,12.123264
11,11.044549
8,7.7865257
6,5.9877315
9,9.133139
12,12.074743
16,15.8772
10,10.02732
8,8.004711
9,9.203386
10,10.104665
15,15.046411
11,11.03852
11,11.121004
13,12.838295
11,10.910405
5,5.06805
8,7.9310627
9,9.126315
15,15.109193
12,11.801195
3,3.037955
6,5.989164
10,10.058958
13,12.846287
9,8.956254
5,5.017092
12,12.208474
2,1.8831596
12,11.911621
12,11.911621
11,10.983619
11,11.029508
18,18.053186
7,7.087479
12,11.887236
8,7.9033175
12,12.155376
10,10.020624
3,2.7961822
3,2.9286277
13,13.085359
14,13.87804
11,10.984718
10,10.082716
7,6.983072
7,6.7546763
15,15.367087
14,14.135898
13,13.07062
12,12.03027
12,11.979857
16,16.060385
10,10.012229
6,5.741078
20,20.000525
16,16.049154
5,5.003582
5,5.054086
10,10.020788
13,12.864778
10,10.297549
17,16.973541
8,7.855693
3,3.1408384
10,10.101769
8,7.670654
9,9.022471
7,7.1275964
6,6.0869694
9,8.963667
13,12.909316
12,11.877275
5,4.908663
8,8.132715
12,11.691501
10,10.068707
8,8.099018
1,1.0114235
17,16.859015
10,10.126989
6,6.093692
12,12.018087
10,10.013671
8,8.048061
9,8.8513
14,13.845517
15,14.856611
10,10.334217
10,9.91243
13,13.041649
7,7.0587254
9,8.945704
5,4.993202
10,10.224256
8,7.8122325
13,13.001168
11,10.996961
12,12.030025
13,12.821555
9,8.982096
9,9.043046
12,11.721454
9,8.857002
7,7.187854
16,16.079977
8,7.983161
7,6.8406863
10,9.9635725
8,7.9189916
8,7.942186
8,7.9317594
12,12.122438
12,12.05644
12,12.133996
10,9.757241
9,8.943338
15,14.895619
14,14.098126
14,13.978089
14,14.0980625
9,9.051681
1,1.1563199
9,9.210427
12,11.9355755
13,12.882308
6,6.1733103
9,9.025281
11,11.153255
2,2.1155105
18,17.933203
12,12.09803
3,2.9883065
11,11.076817
9,9.11218
7,7.2917542
7,6.8930674
16,16.076662
10,10.009105
14,13.8227215
14,13.914037
8,7.9783616
13,12.976184
14,13.952356
10,10.167034
10,10.048722
9,9.257986
17,16.960613
11,10.798671
13,13.084898
12,12.071641
10,10.020551
13,12.880059
13,13.040518
10,10.026736
8,8.156322
11,11.091919
6,5.9011903
10,10.091205
13,13.067977
6,5.938261
12,12.038239
13,13.035778
5,4.996572
8,8.148207
4,3.8690944
10,9.93409
18,17.813166
8,8.069883
16,16.028408
10,10.021354
7,6.9072084
10,10.271532
9,8.863332
9,8.994623
7,7.0253153
8,7.901603
15,14.924924
18,17.6615
8,8.080822
9,9.006257
11,11.072623
8,8.079963
5,5.0655575
11,11.113449
13,13.110788
5,4.895973
14,13.839766
14,14.087632
10,10.286702
12,12.125463
10,10.049907
13,12.983868
11,11.001054
12,12.031248
14,14.011514
12,11.89593
11,11.164891
7,7.0616493
15,14.987287
9,8.940953
12,12.096639
20,20.042171
10,10.076188
12,12.099024
9,8.872554
5,5.02454
17,17.057669
15,14.965102
9,8.862398
16,15.9541025
5,5.081633
14,13.675644
13,12.865327
10,10.233302
8,7.9995446
12,11.94028
10,9.9264555
16,15.870898
8,7.9138246
18,18.22026
8,7.9675937
10,9.966926
10,10.025827
15,14.940617
9,8.925579
10,10.208404
1,1.0061125
3,2.9711382
11,11.104689
10,9.993991
7,7.043877
7,7.072339
11,10.981174
8,7.9249663
11,11.214252
7,7.012734
2,1.966996
11,11.2402
6,5.75731
15,14.750927
5,5.0259075
9,8.973245
12,12.2293215
13,13.025663
7,6.9989586
2,1.9061108
8,7.9252357
11,10.969167
6,6.2766666
19,19.138783
12,11.998741
9,8.93725
14,13.9649725
13,13.037228
10,10.078355
12,11.999713
14,13.947703
10,10.1285515
21,21.148039
12,11.8160715
10,9.892858
13,13.158877
6,6.0209217
10,10.182424
6,6.0113225
7,7.006888
10,9.916796
11,11.061977
10,10.044111
4,4.0857587
6,5.8359885
15,15.08473
14,14.078196
11,11.224496
9,8.954484
19,19.133707
8,7.941099
7,7.085327
18,18.065649
18,17.898434
12,11.867324
14,14.0001335
10,10.067617
13,12.899589
11,10.96361
10,9.851824
7,6.997977
15,15.037531
13,13.037705
5,4.863943
5,5.1614356
4,4.121204
8,8.201388
6,6.1360784
7,6.93204
10,9.925771
3,3.0177128
10,10.009773
18,17.917221
11,11.156025
12,11.935585
2,2.1908743
10,10.0251665
11,11.100121
6,5.8965616
19,19.161064
11,10.994313
9,9.031997
10,9.934978
8,8.001981
13,13.013199
10,10.017029
13,12.769995
15,14.963767
12,11.927494
4,4.007809
18,18.105711
12,11.899783
11,11.306442
7,6.9813933
18,17.887674
9,9.031997
11,10.939129
16,16.054428
10,10.060686
11,10.955532
0,0.034478296
6,6.0411205
9,8.935242
9,9.071434
13,12.785143
7,7.141858
10,10.019524
4,4.006643
15,14.994439
8,7.8039384
11,10.980159
14,14.067854
7,6.940373
15,15.2931
7,7.0364676
11,10.965925
3,3.0087874
6,6.0644484
11,10.942286
6,6.008407
6,6.3180943
8,8.140607
16,16.093895
9,8.977888
2,2.008003
9,8.970364
8,8.074959
11,11.131363
10,10.008631
13,13.0647335
11,10.983107
10,10.139148
17,17.158142
15,14.8597975
10,10.210715
8,7.9332957
11,10.949449
18,18.09928
10,9.928949
5,5.0403285
9,8.930914
11,11.034479
13,12.735741
9,8.932383
14,13.8224535
12,11.953712
10,9.899767
11,11.223516
11,10.991949
18,18.041115
17,16.987406
13,12.979135
13,12.868126
10,9.9638195
9,8.890438
5,5.1831627
10,9.970726
11,11.161286
8,8.046009
10,10.114628
6,6.143886
6,6.0896735
3,3.0633934
13,12.752613
10,10.000255
10,10.026224
9,9.169476
6,5.9920235
8,7.8311167
6,6.094584
6,5.963038
17,17.024002
9,8.945949
11,10.865179
7,6.8802137
17,17.065289
7,7.035684
14,13.896384
6,5.5972514
16,16.003246
17,17.037926
6,6.105046
9,9.0765085
16,16.0025
6,6.0228724
6,6.0473413
10,9.963336
10,10.010134
15,15.009278
7,6.929444
15,14.78893
7,7.04787
20,20.223663
6,6.140968
4,3.9905543
2,1.9963436
14,13.862981
6,6.3366604
12,11.895179
8,8.00008
10,9.956752
3,3.0738099
10,9.90725
10,10.162319
10,10.011221
14,14.007888
17,17.178158
16,16.063755
9,9.0100975
13,13.08092
5,5.1456366
6,6.0460515
6,6.1437235
4,3.8953288
11,10.88698
7,7.213847
10,10.027447
13,13.011223
11,10.853421
9,9.038921
12,11.923466
10,10.127722
12,12.04553
11,11.007347
9,9.013677
13,13.050151
8,8.1431055
5,5.03456
6,5.946936
10,10.227551
8,7.9915996
13,13.023187
9,8.97161
11,11.007985
16,16.112753
15,14.990281
5,5.123672
11,10.988939
14,13.923878
11,10.953481
10,10.304294
10,10.141165
9,8.97161
4,4.0797935
6,6.0041575
12,12.098103
10,9.753609
10,10.033499
6,5.9440656
7,7.120787
10,9.915689
11,11.164052
19,18.90734
5,5.0567436
8,7.971877
9,8.911296
5,5.0074797
9,9.046745
8,7.9840994
17,17.02802
14,13.918791
6,5.927727
8,8.13149
10,9.806324
13,13.110239
15,14.986749
13,13.013613
14,14.043211
8,7.9386277
5,5.0419765
9,9.0959835
9,8.805582
14,13.897488
12,12.140468
17,16.94428
12,11.92334
12,11.91998
11,10.721378
14,14.040505
8,8.132555
5,4.8659163
11,10.93697
10,10.254167
8,8.162881
7,7.0667677
4,4.1551332
8,8.151249
14,13.842902
12,11.886157
16,15.9827795
8,7.982685
7,7.0962057
14,14.01592
9,8.857869
6,6.100138
12,11.994381
7,6.7879987
11,11.093029
7,7.0413485
14,14.443486
11,11.144465
14,14.186095
8,7.866223
2,2.0609746
12,11.901
14,13.923436
7,6.9588604
8,8.083006
13,13.015918
6,6.15919
8,7.872615
10,10.196845
10,10.0631695
15,14.903334
11,11.164526
11,10.926025
8,7.872615
12,12.1621475
12,11.979201
9,9.026697
10,10.10509
7,6.9521365
10,9.922788
13,12.96886
13,12.9555645
15,14.800318
14,13.979976
3,3.074115
13,13.020279
19,19.044914
11,11.075921
3,3.1329515
10,9.96334
11,10.969438
9,8.882304
6,5.901563
17,16.933243
5,5.0211535
12,12.231667
5,5.2877507
12,12.084109
12,12.038926
4,4.0708957
13,12.965424
6,6.0015645
6,5.6747503
13,13.05054
11,11.015186
18,17.879322
14,13.94486
6,6.054379
8,8.262349
11,10.898683
14,13.922878
7,7.0460043
9,8.818845
10,10.236113
13,12.957678
10,9.999618
14,13.874362
13,12.973403
9,8.952537
16,16.387358
16,15.975452
8,8.0112295
14,14.002422
10,10.037327
14,13.967747
6,6.2600513
10,10.216927
9,9.024547
9,8.663277
14,13.908336
14,14.0107355
13,12.798776
17,17.023653
8,7.6526127
8,8.035704
13,12.993285
18,17.88917
8,7.9818444
11,11.036634
12,12.053116
1,0.84942573
11,10.916722
4,4.002647
13,12.747433
13,13.034832
9,9.217133
13,12.820685
10,10.195987
20,19.992298
14,13.843321
9,9.054586
7,7.008193
10,10.004291
7,7.008193
4,3.8517334
6,5.918127
12,12.045069
8,8.120633
14,14.057262
8,8.066077
4,4.0794415
9,8.979723
6,5.9312124
6,5.9272585
3,2.7575932
17,17.087187
14,13.849128
11,11.1973505
9,8.869022
10,9.993918
0,0.03673588
10,10.224992
10,10.177856
17,17.002193
0,0.040632706
4,4.2871876
14,13.847653
12,11.9685335
15,14.705639
11,11.078379
10,10.05586
18,18.404562
7,7.006447
13,13.012787
11,10.860284
7,6.9024205
14,14.074275
16,15.666055
12,11.943835
10,10.05586
13,13.0223875
7,7.0907903
10,10.107492
5,5.0503693
13,12.973141
10,10.062159
2,2.1117184
4,4.265849
11,11.100432
11,10.74952
10,10.147378
4,4.1219273
21,20.870674
0,-0.13500379
3,3.1891532
6,5.9835978
6,6.0937924
15,14.951496
10,9.799812
2,2.0618002
8,8.04199
12,12.077452
15,15.062233
8,7.9446135
5,4.907467
7,7.1859384
11,10.927516
14,13.813426
11,10.738169
11,11.144105
5,4.893975
14,14.257503
7,6.8962474
10,10.124573
6,5.9428144
4,4.1644115
21,21.01766
8,7.823167
9,8.926098
4,3.9925678
8,7.8544116
20,19.967457
8,8.062289
10,10.004166
4,3.9949145
8,7.9968762
13,12.981604
14,13.924879
9,9.013723
20,19.926271
11,10.843908
5,5.008596
9,8.97285
16,15.950164
8,7.9215226
14,14.09454
12,11.910176
13,13.087161
17,16.921757
13,12.831763
14,14.111129
17,17.109266
1,1.0075415
9,9.130305
11,10.938387
6,6.0772862
10,10.049611
11,10.847755
2,2.0809708
9,8.998332
7,6.834858
12,12.024194
10,10.039122
12,11.887472
13,12.818782
9,9.068698
6,6.0209217
6,6.151815
14,13.930698
8,8.00059
12,11.913847
14,13.890246
14,14.111543
7,6.9041023
6,6.089988
13,13.139921
10,9.830673
8,8.063299
17,17.135584
8,7.902839
15,15.166753
6,6.4496737
15,14.922258
1,1.1788652
11,10.982451
4,3.9888833
3,2.9424665
9,8.938016
17,16.946245
14,13.949422
8,8.187283
8,8.001238
13,12.973505
18,17.842169
0,-0.12827931
9,9.074865
4,4.093933
14,14.054902
7,6.898718
20,20.260279
11,10.827137
11,11.163344
7,7.190732
8,8.152607
5,5.008639
10,9.862029
10,9.94664
7,7.0247817
16,16.066004
14,14.032268
18,17.8352
11,10.965795
9,9.027623
11,11.146428
10,10.034758
9,9.0983305
13,12.820688
13,13.015593
17,17.184063
5,4.924886
8,8.0814495
8,7.936408
9,8.951286
16,16.044975
8,8.055245
15,15.013848
13,12.913951
8,8.07174
13,12.871241
13,12.993507
17,16.864805
12,11.763334
12,12.209084
6,6.020192
16,16.180775
11,11.0955715
5,5.081364
8,7.7647395
6,5.9567432
5,4.907731
6,6.117892
12,11.816604
11,10.982981
5,5.0766315
9,9.069501
11,11.028401
6,6.0228724
5,5.083805
7,6.8218255
14,14.053826
2,2.067201
12,12.175296
12,12.101149
8,8.125089
16,15.847453
8,7.942066
17,17.122913
20,19.988781
13,12.936036
6,6.08886
7,7.018218
10,9.962362
12,11.849205
8,7.97994
8,8.081476
11,11.070032
11,11.124837
17,16.974226
11,10.991165
9,9.009025
10,10.237978
4,4.0708957
6,5.9758143
10,9.890307
10,10.026972
15,14.967915
9,9.188604
7,7.0055256
5,5.046299
14,13.896135
6,6.3930006
4,4.1137857
5,4.8903704
6,5.975205
8,7.9991875
13,13.023247
11,11.024343
11,11.038636
17,17.032087
7,7.0091043
9,8.960726
6,5.9063106
10,10.182566
8,8.005224
11,10.946047
10,9.852379
7,7.1038446
6,6.209174
1,1.0250876
9,8.90118
11,11.164052
7,7.120787
10,10.126989
11,11.104558
6,5.973251
10,9.985104
12,12.07045
10,10.0435915
8,8.06981
7,7.153779
7,7.002891
12,12.2144575
9,8.952064
12,11.948648
7,6.971264
1,1.0775778
5,4.8683667
10,10.087522
16,16.074432
16,15.906743
10,10.017889
7,6.938751
12,11.904558
7,6.897721
10,10.019888
10,10.03671
8,8.146857
9,9.031962
12,11.929122
8,7.98508
4,3.9290407
10,10.164535
10,10.018614
8,7.9537067
10,10.128069
12,12.179658
7,7.0667677
13,13.018022
11,10.860724
11,10.900816
13,12.90215
8,7.933075
10,10.185917
10,10.0871725
10,10.0345
19,18.914917
1,0.8496546
2,1.7350265
7,7.0307775
10,10.261539
12,11.872324
19,18.953712
7,6.9991918
6,6.084573
8,8.032833
2,2.0446796
9,9.068726
14,13.840051
2,2.0031786
16,16.026068
17,16.974691
9,8.980118
2,1.9462664
18,17.990145
12,11.976802
10,10.100629
11,11.094936
14,14.082394
9,8.878187
12,11.833648
0,0.055586707
11,10.914398
6,6.076126
5,5.3193684
14,13.925583
20,19.986332
14,13.90421
12,11.893969
7,7.123409
8,7.9976974
8,7.998816
9,8.802506
14,13.987798
11,11.019536
12,11.98515
11,11.045015
11,10.975795
10,9.896986
10,10.316994
5,5.054284
6,5.9518557
7,6.9934726
7,6.9934726
8,7.9561696
12,11.998945
11,11.006711
7,6.915299
14,14.070543
8,7.859647
7,6.9860473
14,14.107402
10,10.145834
12,12.029303
11,11.060124
3,2.89616
12,12.000098
10,10.0071
10,10.081437
11,10.904819
5,5.0426154
6,6.03292
6,6.033899
9,9.024838
9,9.228998
5,5.0474467
9,8.966322
8,7.8736305
15,15.064442
12,11.89271
13,12.959634
11,11.015442
6,5.9566603
3,2.922298
10,10.097681
12,11.923487
6,6.020015
2,1.7671098
9,9.189359
12,11.7421055
15,14.952151
10,9.992486
18,18.18331
12,11.929011
10,10.077577
11,10.952145
9,9.10821
13,13.036268
8,8.011321
10,10.200681
9,9.003848
6,6.0354266
11,10.911649
15,15.015331
10,9.997044
6,6.2600513
12,11.98608
12,12.116303
11,10.983311
10,9.982475
14,14.057536
10,10.094937
17,16.948214
8,7.8744016
10,10.047299
12,11.706028
10,9.716528
15,15.018047
14,13.985665
10,10.1015835
17,17.19271
19,18.886206
4,4.0370927
14,14.216694
2,1.9356248
10,9.922127
9,9.0163555
10,9.966014
12,12.081934
11,10.943858
2,1.850898
10,9.879458
10,10.134366
12,11.832861
13,12.961711
9,9.044882
16,16.075071
8,7.965857
13,12.986468
14,13.990027
13,12.920583
18,17.905718
3,2.7556236
7,7.161711
9,8.973542
13,12.96055
14,13.924633
5,5.2995806
5,5.0528145
9,9.126482
5,4.9826145
12,12.116817
14,13.93067
15,14.833054
10,9.965899
12,11.969736
7,7.1008806
14,14.000477
6,5.8431654
12,11.922197
8,7.9496903
7,7.121505
4,3.867725
12,11.904234
10,9.939728
10,10.20771
9,8.986994
7,7.032467
9,8.986994
12,12.017831
15,15.068608
3,2.94973
15,14.922173
4,3.962786
10,10.076351
5,4.990182
13,13.049671
7,6.9866543
4,4.2306137
5,4.8981476
14,14.032985
11,10.770593
12,12.036225
7,6.729573
7,7.1061497
7,6.897866
13,12.991213
11,11.011601
9,8.967926
7,7.2741065
9,8.877887
9,8.973146
1,0.8145198
8,7.9310107
7,7.17149
9,9.028957
11,11.056109
15,14.913722
3,2.9371603
7,6.9619193
7,7.04139
7,7.0166497
6,5.943283
9,8.905921
8,7.8966255
9,8.934234
3,3.1022184
12,12.058962
8,7.895674
11,10.942286
6,5.952075
6,6.0636067
11,11.1009
12,11.900038
9,9.026656
12,11.970708
9,8.934517
7,6.9830003
5,5.0167985
12,12.0030575
14,14.134727
13,12.851065
1,0.7084179
13,12.970527
15,14.943987
8,7.8916335
10,9.8380375
6,5.8909626
12,11.860503
14,13.747278
12,11.899463
3,3.2000017
11,10.925908
11,11.09225
9,8.953279
9,9.055597
12,11.965259
4,4.230193
16,15.924694
5,5.2129297
9,8.917778
12,11.715076
11,11.068855
8,7.932153
8,7.961296
8,7.965777
11,10.947814
11,11.029834
15,15.178898
10,10.145725
8,7.97024
7,6.9381156
12,11.942224
12,11.970132
5,5.0276103
11,11.052944
2,2.1253598
2,2.1253598
14,13.808352
11,10.884826
13,13.003491
11,10.834378
11,10.867825
13,13.092555
9,8.946475
10,10.142774
17,16.97203
12,11.996605
6,5.886274
11,10.858582
12,12.117825
11,11.046795
10,9.790536
0,-0.14580412
7,6.94028
9,8.963004
12,11.968801
7,7.246531
9,8.959651
11,10.875359
14,14.107139
16,16.24334
8,7.8311167
11,10.977128
5,5.331221
11,11.290429
10,10.137806
13,13.031128
13,13.125564
14,14.009766
8,8.184327
14,13.968488
11,10.999797
14,13.88041
16,16.041248
8,7.878612
10,9.741408
10,9.975723
10,9.999862
6,5.9252934
6,5.852529
14,14.0141535
11,11.202986
3,2.844291
5,5.1574993
2,2.0431986
18,17.809393
15,15.019759
15,14.906863
11,10.729378
17,17.056087
10,10.193794
10,10.072811
17,17.002924
7,6.965645
13,12.763998
9,9.0239105
6,5.848763
10,10.200681
7,7.1563416
10,10.226378
1,0.9341606
4,3.8639276
10,10.075632
13,12.913971
11,10.990841
6,5.979122
9,8.925306
9,8.899539
14,13.968935
10,10.267573
8,8.168402
15,14.991074
9,8.919276
5,4.941894
10,10.052672
10,10.319013
13,12.96251
7,6.971036
8,7.9116592
11,11.100786
8,7.932153
2,2.0172677
8,7.9101133
20,20.000256
9,8.992556
15,15.049642
11,10.914464
10,10.05587
11,11.1423025
3,3.0630436
18,18.081583
15,14.922648
5,5.053194
5,5.084376
11,11.1105
5,4.895973
16,16.097967
7,7.002921
13,12.962377
7,7.024701
7,6.8782234
7,6.90515
15,15.035812
11,11.15608
9,9.00647
6,5.894318
15,15.168955
6,6.076936
9,8.965649
11,10.7748575
16,15.993345
9,8.975067
9,8.946366
12,11.831806
12,11.864126
5,5.063517
15,15.089468
18,18.13006
13,12.97227
17,17.18298
13,12.757668
10,10.118805
4,4.2170954
7,6.9746523
6,6.048201
14,13.8555975
6,6.115472
7,7.0046287
9,9.010555
8,8.066692
14,13.899219
10,9.940136
15,15.087326
7,6.946777
7,6.969465
9,8.912722
6,5.9834986
5,4.8445125
13,12.876417
11,11.114029
12,11.917337
9,8.946903
17,17.483253
12,12.13066
9,9.190143
11,11.105966
10,10.30734
4,3.96793
6,5.9775805
11,11.060495
7,7.1302414
12,12.123556
14,13.842909
12,12.078053
8,8.141052
8,8.009622
12,12.029287
10,10.112307
10,10.078778
7,7.040686
14,13.907632
13,12.947247
13,12.99944
9,8.96916
9,9.169323
11,11.096636
12,11.872108
9,8.788351
10,10.073811
10,10.161828
20,19.91002
8,8.155925
11,11.177152
14,13.992962
15,14.916486
8,7.8878264
8,8.279007
19,19.076612
5,4.991841
4,4.1311913
8,8.016018
16,16.07961
2,2.0079372
5,5.234433
10,10.021206
9,8.931877
11,11.104139
12,12.09448
14,13.928609
16,15.971434
10,9.806603
9,9.088004
9,8.93778
8,7.965857
8,8.028251
10,10.070725
14,13.94797
8,8.005936
11,10.756358
4,3.9104106
13,12.971945
8,8.155484
9,9.016398
11,11.047779
2,2.1483996
14,13.910795
10,10.022085
10,10.059806
8,7.9107857
4,4.001617
7,7.199312
4,4.000074
3,3.014338
18,18.065649
0,-0.11639189
9,8.930481
10,10.12618
11,10.97665
10,10.064995
10,10.213927
17,17.06334
20,19.849127
7,6.9062276
16,16.031145
7,6.9833126
13,12.9850235
8,8.13731
17,16.914288
6,5.8794665
10,9.843666
9,9.069078
17,17.24538
3,3.0093477
4,3.9815476
13,12.911202
4,4.1325
10,9.859783
8,8.081978
12,12.202945
7,7.069737
9,8.996067
7,7.1142263
8,8.084719
6,5.970477
10,9.906666
7,6.9327097
9,9.113223
4,3.9881022
7,7.021348
14,13.841657
13,13.039612
14,13.877727
14,14.123668
10,10.147605
12,11.960922
6,6.079847
11,11.100489
3,2.634865
10,9.901522
13,12.86039
8,8.011301
13,12.852103
12,11.92075
16,16.050144
11,11.006766
3,2.8782763
5,4.9932947
4,3.9361758
13,12.977313
7,6.8742905
3,2.9929655
10,10.040647
9,9.082924
9,8.861078
14,13.941585
9,9.047929
13,13.148685
2,2.2142146
13,13.100959
15,15.131011
12,11.748662
13,13.316739
8,7.992177
10,10.095706
12,11.773703
4,3.7702727
9,8.749583
11,10.97423
10,10.023764
2,1.9940526
9,8.963933
7,7.0755095
13,12.989477
10,10.076248
6,6.03468
10,10.093699
18,18.33984
6,6.023529
9,8.971278
13,13.139921
14,13.9017105
11,10.972943
15,15.09743
18,18.095259
7,6.924446
14,13.968743
10,10.062891
15,15.184314
6,5.844949
8,8.083191
10,10.061389
6,5.9649634
3,2.803348
9,8.858799
11,10.986867
8,8.041844
8,8.028925
15,15.145596
15,14.948587
9,9.016627
13,13.017881
8,7.889194
10,9.985906
9,9.016692
10,10.098184
11,11.193927
8,7.8744564
9,9.083429
6,5.97958
12,12.053641
14,14.001372
14,14.288769
8,8.011321
5,4.9159265
8,8.2754345
11,11.029392
7,7.0431776
12,11.933761
14,13.813426
13,12.9397745
14,14.011423
13,13.002315
13,13.032267
10,10.007292
7,6.8172216
14,13.777834
5,5.0125937
11,11.0216875
12,11.962118
8,8.311444
13,13.045146
8,7.9938307
10,10.135519
12,12.081316
11,11.245845
11,11.02756
11,11.129396
2,2.1880841
7,7.0764265
9,9.118508
9,8.916262
12,11.981083
9,8.876803
5,5.10553
9,8.998509
11,10.983922
9,9.0440645
12,11.951501
10,9.895611
10,9.774591
8,8.048878
14,13.915965
8,8.105268
16,16.234524
10,10.059874
11,10.888784
9,9.0073595
5,4.8266797
5,5.124167
10,9.865136
7,6.8454165
8,8.05098
13,12.812708
2,2.0551083
2,2.1020236
12,11.872849
1,0.9430874
16,16.197939
12,11.746294
13,12.979381
10,9.787363
19,18.837261
10,10.013549
18,17.836435
6,5.846809
10,10.289651
11,11.084309
4,4.101547
9,8.820644
15,15.0349455
10,10.2133
9,8.818802
10,10.011221
9,9.027623
8,8.113807
6,5.9113235
11,10.90221
10,10.067065
10,10.149691
12,11.909118
8,7.948121
8,8.061018
9,9.110316
15,15.106223
5,5.1050324
17,17.066132
5,4.993385
11,11.105491
8,8.060964
13,12.9605255
14,13.759586
18,18.018461
8,7.996107
8,8.110933
10,10.228734
9,8.859803
5,5.0238853
2,1.922776
11,10.8238
10,9.858977
12,11.7694
10,9.867048
14,13.92779
18,17.923834
14,13.888933
16,16.130215
14,13.899882
10,9.875226
15,14.933244
5,5.0766315
7,7.047533
10,10.175298
8,8.12684
13,12.8883095
5,5.109834
13,12.902776
0,-0.122576155
6,5.829843
8,8.015226
6,6.0438895
6,5.9055233
9,8.834844
10,10.033615
10,10.189517
14,14.10787
12,12.054395
13,12.99467
12,12.041251
11,10.945808
13,12.91792
10,9.98032
7,7.04739
14,13.986223
14,13.884916
6,5.9371934
11,10.991367
6,6.0616765
12,11.998508
17,17.241583
8,7.943121
15,14.949787
6,5.897244
8,8.121154
4,4.0590773
13,12.975892
7,7.296436
13,12.808521
15,14.958077
13,12.879509
14,13.771295
16,15.662241
16,15.922781
12,11.831936
10,9.885387
16,15.918067
6,6.005552
5,5.0190935
13,13.147798
6,5.947984
15,15.080698
10,9.915742
4,4.00518
12,11.915182
10,9.82678
4,4.100184
16,15.949791
16,15.919242
7,7.066225
8,7.8822427
4,4.100184
17,17.101778
13,12.90136
7,7.1883626
8,8.071511
9,9.013539
9,9.207608
10,9.994124
11,11.107882
3,2.9388795
14,13.952557
9,9.204324
12,11.938807
7,7.0302997
7,6.991037
8,7.8359637
5,4.984346
13,12.973241
5,5.1575766
8,7.9113364
5,4.990182
6,6.0888205
11,10.999089
10,9.937435
8,8.099018
7,6.8940153
7,6.892954
2,1.7577121
12,11.708842
13,13.155181
8,7.906515
6,6.0783157
13,13.04346
13,12.792666
9,8.955821
11,11.003261
4,3.87471
13,12.973505
6,6.091144
8,8.009912
8,7.95586
16,15.895442
7,6.908627
14,13.842903
11,10.769363
9,8.983985
8,8.078622
12,11.916929
15,15.108845
8,8.142707
6,6.1263247
15,15.019916
10,9.935722
13,13.293161
15,15.155065
10,10.142176
12,12.016636
10,9.985743
14,13.939433
2,2.0910356
6,6.0430603
6,6.025269
8,7.9296865
14,13.756886
4,3.9944642
7,7.0129914
14,14.014071
10,9.946355
10,9.983099
9,9.003964
3,2.832797
7,7.0186005
8,8.054584
8,8.1722
9,8.926098
17,16.969507
14,14.056653
8,7.909122
12,12.016636
11,11.006407
10,9.847062
11,10.925908
3,3.0979276
8,7.9033175
12,12.069381
6,5.9833126
14,13.883114
11,11.154676
9,9.046808
12,12.033213
7,7.057593
8,8.164973
2,1.9800895
6,5.9463906
10,9.994454
9,9.022791
18,18.056578
16,16.028408
11,10.916283
9,9.074695
8,8.031993
8,7.882439
9,8.839153
8,8.077449
12,12.056328
8,8.190055
9,9.119796
13,12.997738
14,13.8688345
16,15.941565
12,11.990844
7,6.976983
12,11.701711
15,14.989733
16,16.210701
9,9.034215
5,5.132773
7,7.174534
13,13.135379
14,14.072382
16,15.989672
17,16.728058
11,10.991193
12,12.004588
6,6.144323
12,11.881255
5,4.918362
14,13.840263
5,4.974163
11,11.1123295
10,10.0942135
4,4.075888
10,10.083821
9,9.011716
12,11.936214
10,10.083821
15,14.960702
13,13.0205555
5,4.984346
7,7.035684
18,17.943077
11,10.967412
21,21.05811
11,11.065344
11,11.032906
6,6.064486
10,10.126572
9,8.919647
8,8.171066
13,13.018264
9,9.026356
15,15.059438
13,12.96299
8,8.025135
7,7.2896576
3,3.1783323
10,10.098109
3,2.9691901
9,8.930405
4,3.9946983
10,9.92249
11,11.0163965
2,1.9473113
4,3.940698
11,11.140087
14,13.892505
14,14.026205
9,8.948654
6,6.21735
10,9.93113
17,17.089455
9,8.901958
10,10.023079
10,10.170444
14,14.069686
10,10.088118
10,10.06959
10,9.975723
13,13.072725
19,18.77028
9,9.174835
10,10.057458
7,7.1325316
10,9.928884
10,10.051295
10,10.11423
8,8.091871
9,9.074865
14,13.975504
11,11.050812
16,16.063004
18,18.151236
11,10.8624325
7,7.006447
2,2.2241962
8,8.060753
8,7.859691
9,9.113959
8,7.8879266
9,8.893457
10,10.029732
10,9.962362
5,5.124416
5,4.99847
9,8.928274
7,7.045731
12,11.9827
12,12.033239
13,13.141571
14,14.032268
7,6.9796863
3,2.92454
15,14.962519
19,18.855803
9,9.228099
7,6.9931817
9,8.834844
10,10.10682
10,9.996621
11,11.196426
11,11.057918
17,17.125786
8,8.006483
10,10.060644
7,6.8405128
12,11.914766
9,8.947082
9,8.976391
8,8.028239
4,4.007576
10,9.930974
10,9.927885
12,12.048238
11,10.91919
6,5.8775854
6,6.4496737
6,5.957559
10,9.816886
9,8.875133
17,16.951492
8,8.089164
2,1.7386099
12,11.917668
11,11.0309105
10,9.801524
12,11.934
8,8.021339
10,9.935462
5,5.110933
8,8.231032
14,13.858009
11,11.09077
10,9.9528055
10,9.944123
9,9.284269
9,9.28147
10,10.111787
7,6.9304805
6,6.0609508
7,7.0425467
17,17.238964
16,15.995072
5,4.977853
8,7.750819
15,15.034728
4,3.8330767
16,16.041418
6,6.21908
6,6.033816
12,11.917562
11,10.763805
9,8.952865
9,8.946768
7,7.134597
20,19.675049
13,12.576985
17,17.034544
10,10.091205
10,10.030861
16,15.956842
11,10.94392
10,9.994648
10,10.20971
16,16.054914
10,10.104991
11,10.899847
10,10.028389
12,12.281375
3,2.7802153
13,12.993507
5,5.0766315
7,6.949847
13,12.923177
10,10.140614
10,10.150194
7,6.9379854
9,9.189359
10,9.880093
12,11.744172
13,12.910577
8,8.041844
8,8.041844
11,10.825758
14,13.924575
12,12.051778
8,7.855954
10,10.20345
8,8.015094
8,7.981005
10,9.913268
11,11.005634
11,11.075303
15,14.991845
2,2.0940306
6,6.240799
4,3.8799927
8,8.018426
7,6.936761
7,7.096774
12,12.077337
10,10.158532
10,10.155787
12,11.990511
10,9.860933
7,6.9138303
12,12.011043
15,14.8861065
11,11.216144
9,9.000627
2,2.0634637
19,19.13125
11,11.009564
11,10.813379
3,3.0826054
6,6.0768046
5,4.980148
12,12.021512
14,13.882686
14,13.792131
9,9.022533
11,11.017422
1,1.0787832
10,10.083431
10,10.085795
12,12.001973
10,9.928154
9,8.99202
13,13.109413
15,15.203044
10,9.8563795
11,10.972943
10,10.0454645
5,5.2699423
4,4.0355153
9,9.04898
9,9.096968
5,4.9944544
8,7.8652434
18,18.01127
7,7.1301413
13,13.119656
6,5.9613404
7,7.057987
12,11.885691
10,9.920164
4,4.093933
5,4.886379
13,12.944241
14,14.017883
9,8.8918495
9,9.109311
13,12.939395
12,12.168212
3,3.1294363
10,10.092549
8,7.8361387
12,11.820512
10,10.02722
11,10.998476
10,10.301037
15,15.0088625
8,8.231229
8,8.081476
12,11.963014
10,10.229644
7,7.3353624
14,13.988608
6,6.1537185
16,15.863586
8,8.003073
6,6.0788026
8,8.013483
16,16.074692
3,3.013646
15,14.848384
11,10.915592
9,8.963343
9,8.72848
11,10.721378
9,9.010055
10,10.140585
12,12.201669
7,7.3537507
5,4.7666464
5,4.9766154
5,4.9766154
20,19.71114
13,12.981479
18,17.969261
10,10.113324
14,13.9282055
3,3.0747447
6,6.116484
11,10.996127
14,14.115021
9,8.781288
1,0.9596517
2,2.151873
10,10.150914
5,5.0567436
8,8.005224
12,11.974051
8,7.9241633
8,8.016111
11,11.133172
10,10.103646
10,10.008631
15,14.857397
2,2.1034946
9,8.933163
4,3.9556358
18,17.675528
13,13.013199
10,10.105856
7,6.9690485
10,10.009183
8,8.0495405
10,9.863422
10,9.908811
13,13.012757
9,8.859021
9,8.948201
15,14.998749
14,13.94944
10,10.140332
18,17.848318
7,6.9190927
9,8.975889
4,4.027167
15,14.703572
7,7.1097364
13,12.900921
11,11.107148
11,11.062873
5,5.083506
5,5.083506
7,7.2047796
12,11.887472
15,14.949496
13,12.804874
14,13.981163
1,0.7335694
8,7.8910365
7,6.9138937
2,1.7718248
3,3.1405566
6,6.0043097
14,14.025078
4,4.009162
1,1.0497342
6,6.0036516
7,6.915299
9,9.043179
5,4.9691467
7,6.9901366
18,18.111988
13,13.064243
10,10.072011
6,5.945246
13,12.773691
17,17.113756
7,7.1924543
3,3.0572715
5,4.991215
8,7.922173
5,4.97392
7,6.9400296
7,6.922794
10,10.087747
10,9.944548
20,19.985367
9,8.852433
11,10.861233
10,10.17273
7,7.1563416
11,11.053998
8,8.033273
8,7.9244285
7,6.9782634
8,7.9659214
11,11.175796
2,2.0604775
13,12.976787
14,14.096099
12,12.06011
18,17.939247
5,4.8206134
12,11.768086
13,13.084001
5,4.8946657
10,10.284701
13,13.200806
12,11.796478
7,6.960524
15,14.964962
12,12.028948
8,8.103376
10,9.935979
11,10.913382
5,5.109834
11,11.02152
2,2.086724
12,11.965822
4,3.9512885
6,6.068136
13,13.099001
8,7.8744564
9,8.955271
7,7.303202
5,4.8060265
9,9.070972
7,6.929727
10,9.818943
12,12.063516
11,10.934217
5,5.2674694
12,12.140053
11,10.829536
10,9.983484
10,9.984801
10,9.858977
8,8.061018
1,0.93749577
11,11.124105
11,11.124485
9,9.164409
4,4.0115128
11,11.239429
8,7.9401064
11,10.924258
6,6.0515814
16,15.8083105
11,11.0654125
12,11.982701
7,7.044644
11,11.059024
7,7.0513372
0,-0.14126809
2,2.0509288
4,3.927449
0,-0.13867137
10,10.028848
15,14.685121
16,16.033344
7,6.9553437
8,7.9951587
8,7.877924
11,11.117529
5,5.059578
9,9.015304
8,8.132117
9,9.040322
9,9.003803
6,5.722016
14,14.034467
9,8.895256
9,8.905851
11,10.9608555
10,10.075334
6,6.145083
10,10.089979
12,12.028755
11,11.1269455
10,10.126556
7,7.074315
10,9.974846
13,13.087161
14,13.965834
14,13.903647
10,9.829093
13,13.156102
15,15.017741
5,5.084376
12,12.07045
3,2.9286277
11,10.923596
7,6.949845
13,12.975732
9,9.057668
9,8.891386
15,15.038235
13,12.998839
11,10.901861
13,12.811113
19,19.200335
13,12.747433
5,5.1575766
12,12.06979
8,7.9469495
7,7.1180596
10,9.969171
2,1.8626825
9,9.377043
8,8.12471
8,8.044301
10,10.040045
5,4.997629
11,11.179341
13,12.928591
7,7.2160406
17,16.949217
8,7.817365
15,14.944453
15,14.989651
13,13.211238
12,12.033396
8,8.004878
17,17.072027
16,15.899098
12,11.772426
10,9.867048
10,10.188467
6,6.2267966
10,9.969171
14,13.924898
17,16.946852
13,13.009052
10,9.853021
12,11.94375
9,9.10821
11,10.890581
8,8.011321
6,5.739114
8,7.8805933
10,10.094729
11,10.816526
2,2.3167536
9,8.997396
10,9.972661
7,6.985382
6,6.1688848
16,16.044516
1,0.95243233
9,8.966322
9,9.244991
12,12.044477
10,10.001711
14,14.027757
11,10.904819
5,5.1601467
7,7.1142263
9,8.950417
8,7.946189
9,9.053957
11,11.044018
11,11.20605
2,1.9499655
11,10.861891
15,14.826165
8,7.6914134
11,10.829536
12,12.104152
3,3.025749
14,13.99463
9,8.955689
6,5.9500203
12,11.933576
0,0.040632706
10,10.283771
11,11.092367
17,17.12515
20,20.006243
7,7.00597
12,12.035464
17,17.026657
11,10.960154
9,8.81665
12,12.108558
9,8.769925
12,11.792027
14,14.09782
6,6.1687174
7,7.0481606
10,10.0849085
10,10.198523
11,10.900816
11,11.126359
12,11.9849615
12,11.748551
14,13.95652
4,4.088182
10,10.030781
10,10.026751
3,3.072557
9,8.954598
12,11.97348
11,10.830673
6,6.0124717
6,5.8548536
16,15.992913
9,9.117049
8,7.952524
10,9.995374
17,16.883713
15,15.01706
8,8.084279
17,16.896122
9,8.824552
14,13.966622
11,10.919202
11,10.833563
9,8.8279295
7,6.953559
11,11.046808
7,6.9804425
6,5.9749575
12,11.855407
12,12.090027
11,10.967125
13,13.135327
11,10.85925
10,9.98605
6,6.076398
11,11.175121
9,8.86701
11,10.960949
12,11.873514
12,11.875501
8,8.050575
11,11.011297
11,10.908552
5,5.0509925
13,12.993285
7,7.063818
9,8.946123
1,1.0486552
1,0.7335694
11,10.9597025
10,10.0771055
10,10.027919
11,11.089957
3,3.0405338
17,16.977947
17,17.14952
7,6.9872293
6,6.1704655
4,3.9740226
16,15.76374
3,2.965572
8,8.032721
15,15.105765
13,13.122082
12,12.082657
12,11.970939
9,8.988226
9,9.100877
10,10.042017
11,11.005357
12,11.786607
10,9.964252
12,12.056216
8,7.9386277
10,10.1739855
10,9.894221
12,12.109386
10,10.0069475
8,7.915885
8,8.040986
4,4.172365
13,12.954883
9,8.945007
1,1.0775778
12,12.015997
12,11.844303
10,10.276832
6,5.9523244
11,10.881996
13,12.97888
12,11.982056
3,3.3324184
7,6.9468765
11,11.011827
6,6.024835
13,12.807206
12,12.05644
4,4.0438704
5,4.9081206
8,8.144628
7,7.002973
7,7.002973
6,5.932981
16,16.014395
14,13.922136
8,7.830467
14,13.962839
9,8.971096
5,5.02969
3,3.1849506
13,13.139921
5,4.9688015
4,4.0286136
14,13.839877
11,10.963819
4,4.04204
2,2.2023513
6,6.1586437
11,10.987123
12,12.108496
4,4.044047
15,14.9991
7,6.951477
6,5.835172
3,3.1296732
2,2.0838797
12,11.984666
17,17.046434
8,7.919632
12,12.001892
5,4.9359956
8,7.9251924
7,7.103372
8,8.052177
6,5.803489
12,11.894556
11,11.328833
8,8.005354
6,6.330821
15,15.093271
13,12.983
14,13.94944
8,8.064486
18,18.116144
11,10.959846
9,8.971502
18,18.019867
20,20.085827
8,7.963273
12,11.906233
8,7.9850426
13,12.918156
14,13.808703
14,13.807454
9,8.93131
1,1.0390388
4,3.8917925
12,12.005339
8,7.97532
13,12.872489
11,10.998997
8,7.800764
11,11.014473
18,18.181063
8,8.022042
20,19.839144
15,15.016383
10,9.969492
7,6.979075
19,19.04897
9,8.972701
10,10.032554
17,16.997194
12,11.94429
10,9.995033
9,8.983536
17,16.87477
7,6.9667535
10,10.087463
14,14.062381
16,16.050539
11,11.072116
10,10.075934
10,10.00911
11,10.944202
8,8.028539
15,14.949644
12,11.972271
14,13.956472
10,10.11148
18,17.972372
3,2.9515023
13,12.797507
5,5.0551186
16,16.062508
7,6.882117
15,15.035313
14,13.835747
7,7.0996075
12,11.86544
9,8.730494
10,9.905842
6,6.0155506
10,9.979251
12,11.978601
12,11.978601
9,8.9822035
8,7.9317594
10,10.191541
10,9.9264555
5,4.784213
8,8.19246
6,5.8862906
10,10.034423
5,4.875244
11,11.188158
11,11.002684
13,13.170262
14,14.186095
9,9.052139
11,11.160154
11,10.862457
3,3.0747447
22,21.913008
14,13.960856
5,5.2662787
15,15.096923
13,12.948044
9,9.002778
9,9.0087
10,9.916948
13,12.945355
13,12.93488
6,6.1255603
12,11.905737
6,5.8759317
3,3.0109382
16,15.9180975
12,12.205121
9,9.014152
12,12.196357
11,11.127575
16,16.110748
13,12.933492
13,12.890921
15,15.100812
15,14.887619
9,9.13312
11,11.057458
11,11.067866
13,12.967327
9,9.090949
6,6.0117536
2,1.9987168
6,6.099285
8,8.191478
9,8.985291
13,12.9807
8,8.152434
6,6.08886
17,17.040522
15,15.185533
10,10.07072
12,12.060499
12,12.171085
12,11.887629
11,10.848853
15,15.04627
10,10.350369
10,10.192057
8,7.9251924
8,7.994656
7,7.0252004
6,6.0013647
10,10.085659
16,16.109257
10,10.070491
3,2.9661772
9,9.059428
13,12.897539
5,5.126406
14,14.324974
10,10.098647
12,12.155707
9,8.955998
7,6.8415775
6,5.982553
10,10.220173
11,11.043417
10,10.102748
6,6.0286508
10,10.023442
11,10.915316
13,13.18528
10,10.187633
10,10.024528
11,10.912705
8,8.01593
16,16.087658
2,2.0374193
12,12.043245
7,7.1062217
9,8.8866005
16,16.1486
10,9.996991
11,11.142565
6,6.1029053
10,10.086149
10,10.112404
10,10.01466
1,0.9324146
6,5.9505143
10,10.200778
8,8.009809
8,7.9359922
7,7.1045413
12,12.183674
17,17.178158
7,7.0840154
3,3.103905
3,3.0383346
5,5.0312743
10,10.014738
9,8.8687725
11,11.069289
14,14.13286
14,13.890741
13,12.843177
14,13.827553
9,9.024178
5,5.093201
10,10.099261
13,12.929507
10,10.029251
17,17.090118
8,7.911127
4,4.0907774
10,9.885446
18,18.154608
8,7.9549303
11,11.175641
9,9.045113
10,10.017281
4,4.062625
12,12.155376
4,3.756825
2,1.6984484
10,10.1547165
7,6.8375864
7,6.973403
3,2.8390286
2,2.0671444
6,6.053658
13,13.138856
12,12.090846
9,9.030807
3,2.9581482
14,13.991392
3,2.858124
13,13.084685
10,10.008584
13,12.881669
13,13.032883
18,18.224241
10,10.182031
13,13.095536
12,12.05557
18,17.988
17,17.056963
12,12.0066
12,11.915898
12,11.9484005
8,8.015124
17,17.203167
6,6.1061096
9,8.907644
11,10.6060705
11,10.818771
7,6.874949
7,7.2641125
8,8.056127
16,16.021276
11,10.976715
14,14.106617
11,10.983107
15,14.908343
11,11.001054
9,8.952537
1,0.8134809
7,6.9313574
9,9.003964
10,10.102989
13,13.055563
10,9.93137
6,6.055447
5,4.8972383
15,15.011456
8,8.097155
13,12.937343
3,2.8154633
4,4.100964
22,21.896976
3,3.0324717
19,19.039179
15,14.883944
10,9.989236
13,13.003299
11,11.088931
11,10.971352
3,3.0019927
14,14.223605
11,11.053747
18,17.906584
9,8.918039
10,10.02722
14,14.105052
1,1.1021161
6,6.033669
10,10.021997
5,5.021798
10,10.148236
10,10.110068
0,0.036405805
11,11.053596
5,5.0261407
14,14.177678
13,13.009006
9,9.204478
5,5.1489615
12,12.094192
8,8.01593
12,11.832564
13,13.027174
19,19.010897
18,17.996588
7,7.1510396
7,7.069737
17,16.96042
9,8.872509
10,10.267573
10,9.953099
17,17.0823
10,10.026736
5,4.971719
13,12.810603
8,8.001907
8,7.9764047
7,7.0821176
8,8.028629
14,13.999188
9,9.087349
7,7.0043554
8,8.007771
12,11.906127
7,6.9524813
10,10.116801
10,10.074422
7,7.2736115
7,6.93204
16,16.072575
8,8.09207
13,12.931803
16,16.020012
14,13.786042
10,9.966349
7,7.1549597
7,6.9637074
6,6.020015
16,16.132301
7,7.168863
14,14.022522
14,13.948433
9,8.958188
9,9.011145
9,8.867095
5,5.019067
9,8.832987
20,19.64463
10,9.905902
9,9.051078
20,19.702719
8,8.069416
9,8.740601
7,7.054522
14,13.967623
5,5.0784855
10,9.989799
10,10.00632
10,10.004408
7,7.1526556
10,10.200077
11,11.081266
8,7.6914134
13,13.017881
6,5.861421
2,2.082872
10,9.983466
3,2.9418194
11,10.861891
6,6.1599784
16,15.81579
8,7.9914846
12,11.913976
8,8.180855
12,11.94028
2,1.8831701
2,1.9933473
9,8.941786
6,6.0162334
10,10.134006
10,9.944127
7,6.9524813
11,10.947252
8,7.994656
7,6.915511
10,10.170992
20,19.700167
14,13.9703245
8,7.9719443
5,4.9670386
11,11.094774
4,4.063224
8,7.8744564
8,8.1706
12,11.827879
6,6.210942
13,13.027844
10,9.99881
4,4.30391
12,11.833447
9,9.051078
10,9.96434
9,8.871749
8,8.096636
10,9.978282
16,16.056292
9,9.073483
14,14.077419
11,11.138689
6,6.057125
7,7.109908
5,5.0551186
8,8.105861
10,10.018688
8,7.9648833
10,10.037198
7,7.0205226
11,11.035298
10,10.001711
10,10.013549
8,7.922644
11,11.067286
5,5.0781264
19,19.05086
12,12.136857
19,19.032614
15,15.052724
9,8.813112
9,8.830582
10,9.893359
11,10.989666
12,11.8993225
16,16.13586
15,15.051063
13,12.99143
10,10.16147
10,10.1041975
11,11.1768265
7,6.9062276
12,11.929836
8,8.11188
8,7.9691133
10,10.112404
9,8.853888
6,6.268477
11,11.054113
5,5.1456275
7,6.9830003
13,12.88813
11,10.973788
10,9.917691
16,16.22178
7,7.182083
10,9.937488
7,7.0773115
10,10.008588
10,10.278644
15,14.861068
11,10.924007
10,9.959155
17,17.044317
10,9.8495865
14,13.955409
11,11.14114
11,10.883815
6,6.201465
15,14.994439
10,10.189095
7,7.296436
11,11.2149105
9,9.05183
11,11.0016575
15,15.151759
10,10.060295
16,15.953287
8,7.675624
15,14.914335
9,9.016726
10,10.087297
14,13.823777
13,12.912878
14,14.082013
3,3.2172477
10,10.089422
12,12.20032
9,8.8794365
10,10.131112
4,3.9631586
8,8.22347
10,9.963192
12,12.125035
10,10.158187
6,6.33572
15,14.958751
5,5.1623755
5,4.8534813
11,10.904295
12,11.899984
7,7.109742
5,5.0717506
10,10.353649
14,13.942931
6,6.0417953
11,10.990148
9,9.025521
13,13.111377
10,10.233376
12,11.848239
7,7.097111
11,11.275538
4,3.803544
16,15.950507
8,8.081578
12,11.888465
10,9.973957
11,11.016085
14,14.139985
11,11.112633
4,4.05353
15,14.718774
17,17.02163
6,5.776128
9,9.065662
15,15.0905
4,3.9794395
6,6.1425376
15,14.700504
8,8.229142
12,12.009408
10,10.163064
14,14.186136
10,9.919759
10,10.064609
10,9.973128
5,4.776147
2,2.0634084
10,10.047299
10,9.97454
14,14.172445
16,15.985929
12,11.891169
10,10.299228
9,8.889933
10,10.067129
12,12.065021
13,12.84459
13,12.908889
9,9.132227
6,6.076965
17,16.952837
16,16.023798
13,13.024359
6,5.9290185
10,10.121838
8,8.068388
13,12.828414
7,6.9304805
7,6.9304805
12,11.9867325
5,4.986687
17,16.92852
13,13.134069
6,6.0166817
13,12.854341
4,3.6128445
13,13.051344
11,10.794796
20,19.822292
5,5.0641556
8,8.101288
7,7.03345
7,6.969567
17,17.122847
4,3.8732517
8,7.9717937
4,3.994185
14,14.001301
9,9.005014
6,6.0441217
6,6.1944046
4,4.2066197
4,4.2152057
4,4.217634
5,5.0063996
12,12.120344
10,10.069188
11,11.102979
12,11.939329
20,19.860731
7,7.050366
5,4.9695725
11,10.962147
9,8.9515085
8,7.946525
12,11.977903
7,6.8463445
4,3.8897476
9,9.165059
6,5.8944464
7,6.918405
5,5.059128
1,0.99977475
4,4.1282
11,11.093567
11,11.057918
10,10.059491
10,10.012664
1,1.1755103
4,3.9298117
9,8.904472
15,15.227178
8,7.8784633
9,8.931774
12,11.9476
11,11.0645275
8,8.034655
10,10.037809
10,9.917463
16,15.972121
5,5.025214
4,4.1163163
8,8.082956
10,9.896986
9,8.912814
9,8.909197
13,13.077087
4,4.0391994
11,11.036435
11,10.882783
3,3.1815279
13,13.227474
5,5.093568
5,5.093568
3,3.1529377
12,11.708842
11,11.011304
6,6.0455346
10,9.94633
5,5.1006975
9,8.975118
15,14.826036
9,8.921238
9,9.075228
12,12.060222
9,9.009419
3,2.92713
8,7.8962374
7,7.087479
12,11.916591
12,11.981879
8,8.027054
12,12.057196
15,15.055089
5,5.0349274
17,16.883713
12,12.117164
10,9.963314
6,6.093692
14,13.966101
11,10.98637
11,10.860664
17,16.949621
12,12.108334
6,6.1061525
18,18.224943
14,13.9923
11,10.924953
10,9.808502
5,5.1208725
12,12.057196
6,6.0459304
8,7.9677052
14,14.017883
6,6.1892405
14,13.652065
2,1.9535093
5,5.115522
10,9.80845
6,6.099184
13,12.986468
14,13.864561
17,17.121233
9,9.005948
11,11.000271
15,14.728478
7,6.8771706
16,16.110512
13,12.987406
15,15.030716
10,10.004792
13,12.9683075
8,8.039072
17,17.009058
7,7.0865192
10,9.875044
10,10.178554
9,8.967907
4,4.0375276
16,16.242327
2,2.0431986
9,8.9042845
7,7.0711107
6,5.935297
11,11.159363
12,11.920507
14,13.737007
4,4.181674
17,16.9634
4,3.9949145
20,20.075151
8,7.9982767
16,15.846853
5,5.0332866
10,9.939018
8,8.1474
8,7.876237
18,18.365051
8,7.8721194
9,9.022101
11,11.09319
8,7.9772477
7,6.9465246
12,12.133996
11,11.035407
10,10.00037
14,14.10246
17,17.208553
8,7.9714327
10,10.052331
12,12.029287
17,17.111729
10,10.028182
6,5.9353085
7,6.915299
9,8.956642
12,12.0051565
7,6.985486
13,12.918205
2,2.084328
3,3.2820232
10,9.933242
15,15.000939
10,10.089256
10,9.96334
13,12.973241
7,7.114752
11,10.826059
10,9.945187
9,9.0618515
9,9.0107355
3,2.9847016
5,5.071316
4,4.0156875
10,9.890837
11,10.88697
4,3.9756112
2,2.12228
7,6.8946633
2,2.073827
10,9.956427
6,6.069437
11,10.826059
9,8.940312
15,14.915853
10,10.047227
13,12.992902
13,12.966042
7,6.861299
13,12.820078
13,12.755766
8,7.993495
7,7.064292
5,4.8711896
9,8.984482
7,6.9690485
14,14.028106
16,16.00511
6,6.296441
1,0.93127865
8,8.049746
11,11.179341
12,12.059205
15,14.991601
17,16.989683
11,10.95055
11,11.175641
23,23.104353
16,16.144117
7,6.852083
4,3.8893704
18,17.711283
14,13.87635
18,17.711283
9,9.058498
15,15.003197
12,11.931232
17,17.08707
11,11.093499
6,6.055958
7,6.9276752
5,4.9814897
4,4.0235596
15,14.772563
7,6.9124336
7,7.1652412
14,14.041147
12,11.952671
8,8.051909
11,10.964604
10,9.979549
10,10.319052
11,10.893253
14,14.210916
10,9.943894
12,11.876941
10,10.15571
13,12.522062
4,3.9280078
8,8.11441
5,5.001848
12,11.971954
14,14.096743
12,12.03614
6,6.01316
16,15.88664
5,4.7954125
4,3.967786
11,10.976339
17,17.05511
5,5.0247345
17,16.889063
9,8.9506035
3,2.9178905
6,6.068168
3,2.9254358
5,4.9284644
7,6.90515
7,6.9276447
6,5.9433055
7,6.973403
6,5.9518557
6,5.8416257
7,7.0413084
11,11.009253
13,13.001341
6,6.235737
7,7.0447507
10,10.279676
16,16.022781
7,6.921358
14,14.021299
2,1.7417884
10,9.995033
5,5.0203276
9,9.13312
10,9.898339
8,7.956154
6,6.209174
12,12.048535
3,2.9153113
10,9.990205
7,7.0250864
7,7.141858
5,4.888691
8,8.1619625
7,7.0229497
13,13.0987
18,18.01127
9,9.1156435
9,9.1156435
6,6.083304
13,12.9297905
14,13.914945
3,2.9407418
2,1.8667504
8,7.8805137
14,13.999
7,7.0091043
5,4.924886
12,12.152468
10,10.0596285
20,19.764578
15,14.894735
9,9.185806
7,6.9706345
14,13.773465
9,8.8687725
11,11.031265
10,10.040446
12,11.875059
10,10.100625
5,5.0233107
11,10.799772
3,2.9853933
11,11.063986
1,0.959605
4,4.027167
11,10.97423
13,13.040401
5,4.926858
0,0.03200192
6,6.023529
5,5.0567436
4,4.009986
7,7.0737805
7,6.969865
8,8.1148
8,7.878576
0,0.029961398
17,17.016356
13,12.922822
13,13.279855
17,16.946245
10,10.147231
11,11.089469
9,8.852483
13,12.934064
10,9.77993
10,10.1429615
7,6.928512
10,10.1429615
6,5.9133215
14,14.071814
9,9.060641
7,6.9996095
8,7.97354
17,17.085634
1,0.89667255
10,10.109339
17,17.140446
3,3.177104
12,12.07415
10,9.782898
13,13.088109
10,10.124629
14,13.965834
11,10.962143
9,8.949282
7,6.893855
7,6.9067283
8,7.8555527
15,14.851682
12,12.021948
7,6.9721293
13,13.1893015
11,11.021067
10,9.958079
10,10.032552
14,14.009553
12,11.968706
11,10.995538
5,4.972836
15,15.047313
14,14.107853
8,7.8858256
13,12.79583
10,10.234695
7,7.1142263
3,3.1186845
11,10.929937
11,11.174897
10,10.103127
10,10.167034
4,4.085086
10,10.057565
10,10.092135
13,12.934167
9,8.915621
13,12.828933
10,10.111787
13,12.932516
13,13.1387
6,5.989164
7,7.1067986
10,9.833805
13,12.820685
13,12.763472
9,9.169323
14,13.885751
10,10.0322695
8,7.9700174
9,8.7868185
6,6.2766666
10,9.896744
0,0.027186496
10,9.999041
10,10.028717
6,5.9119205
10,9.960426
10,10.090966
12,11.8337345
8,7.9176755
10,9.973438
9,9.067782
9,8.968859
6,6.222484
15,15.00536
8,8.028629
9,8.963347
9,9.045792
16,15.986058
7,6.942403
7,6.8917027
9,9.1392975
12,12.050261
7,6.939974
10,10.03288
10,10.057718
4,3.7005868
13,12.896908
9,9.162789
14,14.06253
7,7.1153545
14,13.808703
11,11.224496
14,13.830137
15,14.968071
9,9.123099
12,11.861371
13,12.968477
6,6.1165833
7,7.0467935
10,9.871641
16,16.041248
14,13.871262
10,9.976767
10,9.948135
14,14.195186
8,7.7988186
9,9.019003
8,7.7169166
6,6.145677
9,9.055497
6,6.148043
10,9.906458
8,8.137137
10,10.06722
15,15.024318
8,7.9310107
5,5.13036
14,14.033615
15,14.758963
17,17.056034
17,16.91769
11,10.989477
12,12.072412
10,10.021814
7,7.181748
7,7.0049815
11,11.117271
11,11.117368
15,15.011695
10,10.149184
14,13.937682
15,14.858806
15,14.951808
5,5.285965
8,7.934254
1,1.1267344
6,5.9230165
7,7.015245
8,8.2754345
7,7.1606092
14,14.187446
13,12.91161
9,8.955745
7,6.925131
7,6.96201
19,19.006784
11,10.915316
11,10.915316
9,8.979603
13,12.939718
12,12.0790415
5,4.9602556
5,4.9577837
4,3.9717727
5,4.978669
4,3.955092
17,17.008549
9,8.772185
6,6.298484
22,22.013975
4,3.7651718
5,4.998771
7,6.971084
12,11.94686
11,10.987123
11,10.901649
8,7.8615384
8,7.91108
8,7.946422
7,6.9637794
16,15.953421
10,9.968269
12,11.956729
7,7.1619368
6,6.037595
12,11.728155
6,5.8613777
7,7.174157
8,8.033818
10,9.900052
8,8.136892
13,12.948528
14,14.083331
12,11.982771
11,11.034769
7,6.93204
4,3.9723082
15,15.056231
11,11.015442
10,10.100629
12,12.053641
12,12.15165
8,7.9745436
10,10.162831
13,12.923177
15,15.087591
10,9.791262
9,8.7440605
10,9.834324
4,4.2170954
10,9.946835
4,4.038702
18,18.42356
11,10.934678
12,11.942579
8,7.9674115
2,1.9956381
8,8.12091
6,6.0960283
7,6.913455
10,10.197219
15,15.039358
10,9.9131365
8,7.885139
3,3.0041811
7,6.926407
2,2.0577705
12,12.152523
13,12.883248
15,15.051609
10,10.00255
10,9.989463
8,7.952643
6,5.6808877
9,9.059994
11,11.260023
17,16.940714
17,17.046694
6,5.9986916
10,9.957198
13,12.838896
12,11.863153
13,12.907814
13,12.873811
6,6.193636
10,9.94957
14,13.937945
7,7.0707498
10,10.0387
6,6.0583563
11,11.073653
12,11.946855
7,7.0344667
7,7.0344667
10,10.008009
10,10.150189
14,14.202457
12,11.772818
7,7.0299516
10,10.039223
12,11.8547945
11,10.941456
12,12.049117
12,12.031768
12,12.031253
12,12.089323
12,11.766991
8,7.7093463
12,12.185106
14,13.95933
11,11.011827
10,10.064299
12,11.9484005
13,12.994533
14,14.132339
8,7.829759
8,7.968359
11,10.818032
18,17.715548
6,5.887766
13,12.863898
18,18.012022
13,12.877746
16,15.989474
7,7.072069
11,10.667423
13,12.899607
12,11.850038
7,6.7589426
2,2.1972785
8,7.891591
9,8.859803
11,11.078384
12,11.998408
9,9.039678
8,7.901774
10,9.966349
5,5.1733017
15,15.017125
6,6.0769362
17,17.024832
10,10.278801
7,7.2025237
5,4.8918815
9,8.909354
20,20.164371
10,9.738063
13,12.911501
15,15.017023
14,13.903161
13,13.01939
9,8.807919
10,9.958788
10,9.85722
8,8.095265
12,11.981822
8,7.9588985
9,8.866399
11,10.926175
10,10.104197
14,14.046634
7,6.916083
7,6.979912
15,14.985838
11,10.981005
14,14.093646
10,10.230427
15,14.973887
14,14.216694
7,7.0367
8,8.04987
15,14.729922
11,10.989924
10,10.019935
10,9.891544
7,7.357314
8,8.049508
18,17.771456
5,4.984224
5,5.03456
13,13.017182
15,15.243153
6,6.048201
7,7.1161323
15,14.799109
8,7.88686
12,11.958401
12,12.0906315
18,18.093985
10,10.160237
7,7.0220933
7,7.123409
11,11.074472
15,15.243333
9,8.872604
15,15.062233
12,12.125719
7,6.805011
9,8.90013
17,17.339315
9,9.0075245
10,10.148019
10,9.985931
16,16.252535
2,2.0261838
12,12.014166
9,9.025145
13,13.004984
7,7.364406
7,6.809744
10,10.482925
11,10.981832
12,11.9303465
7,7.0160947
11,10.999996
8,8.005267
8,8.013998
6,5.8648906
6,6.1763115
13,12.575084
3,3.0405338
12,11.957171
10,10.107232
8,7.977323
10,10.077966
14,14.193464
12,11.78718
12,11.937508
18,18.056139
17,16.836489
7,6.8783054
18,18.165792
10,10.028348
8,8.024467
9,9.156004
3,3.01571
1,0.9185663
13,12.890831
12,12.05268
9,8.854501
9,8.952771
11,10.953189
5,4.9163094
10,9.712606
9,9.003121
14,13.947841
8,8.059247
11,10.845576
10,10.046323
15,15.294887
6,6.149026
9,8.871749
13,13.018022
16,15.997503
9,9.03334
6,5.8645287
10,10.144187
11,11.071667
16,15.997058
13,12.859299
6,5.9186993
8,7.8948855
2,2.2169237
5,4.9632406
9,9.001813
11,10.823279
18,17.872267
10,9.878946
12,11.8632555
4,4.1724014
11,11.025758
6,6.036335
10,9.816886
2,2.0551083
14,14.132059
6,6.059612
5,5.108776
15,14.933526
10,10.101563
13,13.116178
10,10.154206
10,10.154206
6,6.0228724
13,12.882951
8,7.8361387
13,12.747403
11,11.039952
10,10.102989
11,10.904009
5,4.8700423
14,13.913411
13,13.057662
13,12.887246
12,12.113802
14,13.812263
7,6.904035
10,10.251902
12,11.827646
8,8.024336
8,8.024336
10,10.012435
7,7.348642
8,7.9756384
11,11.008761
8,7.918936
8,8.031362
5,5.1093545
11,11.071669
17,16.95002
11,10.749121
6,6.024687
8,7.911127
10,10.00186
10,10.024528
7,6.8927894
9,8.968863
11,11.032906
8,7.996541
6,6.106794
6,6.205006
14,14.082045
10,9.871461
7,7.097523
9,9.07442
6,5.9249783
12,11.95031
3,2.840111
20,20.2381
7,7.0857563
10,9.82515
15,15.222375
5,4.958941
4,3.9424644
10,9.993991
10,9.983161
15,15.024985
7,7.001486
7,7.066191
12,11.899411
14,13.684541
11,11.129396
13,12.813439
14,14.151449
12,12.182656
3,2.967984
9,8.923196
21,21.030436
7,7.001212
12,11.994328
9,8.9471655
15,14.950039
14,13.890892
9,8.875812
10,10.206227
12,11.980691
5,4.980351
13,12.84459
10,9.756715
6,6.048898
5,5.045676
9,9.010055
15,15.04693
6,5.962275
8,8.003149
4,3.9516048
12,11.790098
10,10.06013
11,10.89936
5,5.2995806
6,5.98189
11,10.887837
5,4.933652
10,10.005251
9,8.943272
15,15.104474
16,16.062508
6,5.923247
13,12.913951
9,9.024129
13,12.89898
6,5.9650373
10,10.253822
6,6.216294
11,11.123269
4,3.9424644
12,11.985738
10,9.942255
1,0.89261705
14,13.764917
10,10.112307
10,10.229228
12,11.849205
7,7.181748
8,7.878083
10,9.987147
14,13.784318
12,11.939502
9,9.09531
8,7.878083
13,12.997038
12,12.162088
7,7.1154785
14,13.928794
14,14.029486
10,10.038278
5,4.918362
8,7.9424195
13,13.168213
18,17.763918
10,10.415021
18,18.159065
10,10.039718
7,6.968852
6,6.0811143
2,2.0816772
10,9.716528
10,10.100009
5,5.051828
14,13.977904
8,8.12431
7,6.9631953
10,10.216927
10,9.967416
9,9.158245
5,5.1437864
10,10.083535
12,11.8906355
11,11.081398
9,8.912678
9,8.912678
5,4.959003
10,10.16989
15,14.970253
8,8.057684
7,7.0220933
17,16.903353
12,12.061048
13,12.958339
1,0.6688744
15,15.044619
16,15.95161
4,4.230193
4,4.144284
12,12.05644
17,17.004597
10,10.294142
9,8.860646
5,4.954513
8,8.018802
20,20.129725
12,12.080373
20,19.927296
12,12.066105
12,12.173307
10,10.215514
10,10.139986
12,11.924155
11,11.06802
7,7.0413084
2,2.041674
13,12.956406
10,10.060686
8,7.976267
10,10.105659
10,9.990422
10,10.124438
9,8.90423
11,10.825644
11,11.2338
7,7.0826364
10,9.97519
9,9.02171
16,16.013506
8,8.083995
7,6.9857492
10,10.067658
10,9.909765
9,8.904139
9,9.291069
14,13.781883
12,11.806081
14,13.899543
12,12.142626
11,11.086096
4,4.0164332
15,14.855514
14,13.983995
10,10.036675
9,9.1380415
7,7.019322
9,8.815693
5,5.0999327
6,6.081206
12,11.872324
19,18.87282
11,11.162741
13,12.947247
7,7.1153545
6,6.0438895
11,11.059079
6,6.0585613
14,14.014881
8,7.9113364
8,7.956204
13,13.098443
15,14.925471
17,17.084862
7,6.9917297
14,13.8900175
13,13.073001
14,13.96666
7,7.118337
10,9.902428
9,8.900045
10,9.839962
9,9.110298
13,13.042428
13,12.590007
20,19.628109
15,15.039109
7,7.274478
17,17.167698
10,9.994454
10,10.112152
16,16.020826
11,10.997953
15,15.165875
15,14.962519
7,7.286909
13,12.918131
13,13.008705
14,13.830977
13,13.040657
11,10.966369
16,16.029758
10,10.076743
16,15.99813
8,7.8537745
9,8.983964
9,9.149032
6,6.0417285
11,11.014833
11,10.996785
8,8.0752
14,13.89473
8,8.16783
11,11.389613
14,13.832637
15,14.820958
7,6.939149
2,1.9645327
5,5.1462393
11,11.094156
13,12.910577
13,13.102061
8,8.071165
8,7.983161
9,8.904129
11,10.974919
10,9.783908
9,9.075758
10,9.892879
6,5.688862
9,8.979834
0,0.048822526
11,11.145835
14,13.842438
15,15.040249
10,10.09512
13,13.03601
10,10.003366
11,10.886945
12,12.135452
8,8.480041
6,6.133626
12,12.061035
13,13.108707
11,10.999373
14,14.079444
8,7.9164443
5,4.8574653
8,7.965126
12,12.168212
13,12.882951
12,11.895478
10,9.94592
7,7.095006
4,3.9944642
10,9.901096
14,13.784357
13,12.899607
6,6.020015
13,12.9814825
10,10.167604
13,13.16309
13,12.730607
6,6.00329
14,14.07406
13,12.773691
12,11.743333
16,16.056114
13,12.9371195
17,16.837872
15,14.762713
6,5.917105
8,8.039898
12,12.153901
5,5.0528393
11,11.035208
8,8.109544
12,12.063476
9,8.954318
9,9.049059
11,10.837411
11,11.023015
4,3.965244
6,6.205006
10,9.79472
14,13.920449
10,9.911465
10,10.135288
8,7.998322
11,11.043915
11,11.159258
9,9.026986
6,5.9119205
17,17.081787
11,10.91516
3,3.0761871
5,4.9898005
12,11.97069
2,2.1251934
12,11.875501
10,10.068707
10,9.866418
12,12.144623
11,10.958462
12,11.988326
12,11.954289
11,10.996542
10,9.975979
10,10.105856
8,8.021694
12,12.045287
16,15.980417
11,11.032273
10,9.969006
9,9.110096
14,14.018073
6,5.9390593
12,11.984905
18,17.892033
10,10.180279
12,11.988383
6,5.9574013
14,13.951596
5,5.0832176
10,9.966465
5,4.8743544
8,7.941099
7,6.928512
8,8.07959
3,2.9879766
1,1.0695912
8,8.0348425
10,10.068136
10,10.099388
16,16.20309
5,5.006914
6,5.85437
10,9.8474045
12,11.966115
6,6.0001135
10,10.04999
13,12.967531
4,3.9710019
5,5.05774
18,18.063221
14,13.898309
10,9.947156
11,11.0590925
11,11.07157
7,7.0343475
14,13.871252
13,12.959292
14,14.067716
0,-0.14314862
15,15.05322
11,11.0002575
11,11.0688925
10,9.961613
10,9.94641
15,14.882345
5,4.973155
8,7.7124734
3,2.941875
9,8.858666
13,12.944913
5,5.0102677
6,6.1482773
12,12.275541
8,7.9365096
9,8.947776
10,10.028389
4,3.8697698
12,11.900664
5,4.945708
16,16.146492
16,16.241196
12,11.973314
7,6.8103356
10,10.295064
10,9.93449
7,7.0695963
13,12.881235
5,5.0517626
5,5.1211977
2,1.8403908
14,13.847653
14,13.882011
20,20.044899
8,7.8181167
11,10.964767
5,5.0564284
5,4.7989454
4,4.0075374
10,10.128732
17,16.97203
7,6.966692
8,7.9654202
8,7.9982767
11,11.069058
13,12.865758
11,11.009091
12,12.202945
7,6.938751
13,12.9605255
9,8.890438
5,4.7593064
1,0.96495837
9,8.983242
12,12.080095
8,7.9719443
10,9.920706
12,11.972827
9,9.12735
7,7.005092
9,9.059994
14,14.000717
7,7.036667
11,11.097426
11,10.910145
14,13.95652
8,7.9727907
10,10.028848
5,4.977853
6,5.8695154
9,8.993394
2,1.9573364
10,10.138961
14,14.079215
13,12.815038
10,9.927098
10,10.276807
11,10.913572
4,3.935197
20,20.204056
15,14.924837
14,13.847199
13,13.337686
7,6.9598484
10,10.035618
8,8.205967
3,2.8708086
4,3.8866308
8,8.191478
8,8.0583935
8,8.237621
7,6.9765477
8,8.150397
7,6.9901366
4,4.0789995
15,15.066888
8,8.032801
3,2.8878298
9,8.83432
2,2.0917804
5,4.9824963
15,15.153305
13,12.967684
16,15.9870205
10,9.934907
13,13.064243
8,7.951918
11,10.986192
3,2.9153113
4,3.8639276
6,5.8428726
9,9.134225
14,14.000717
11,11.188158
13,12.905386
13,12.739576
12,11.964125
12,11.846467
13,13.021595
2,1.7842242
9,9.038921
14,13.982723
11,11.050676
8,8.030146
13,12.96113
13,12.672086
4,4.001617
15,15.00494
19,19.026175
5,5.064383
4,4.1333714
13,12.978492
9,9.140985
15,15.088273
5,5.084376
6,5.9295263
7,7.2037992
10,10.048736
8,7.9373875
8,8.03046
8,7.9309974
11,10.751597
15,14.983998
15,15.046017
10,10.013549
14,13.8890295
10,10.1072645
15,15.058067
14,14.0503
9,9.03334
10,9.788657
6,6.1046405
7,6.7742715
11,10.929735
12,12.17048
14,13.9299755
10,10.191549
9,8.947587
13,13.097084
13,13.373436
8,7.8224664
6,6.0124717
11,11.050501
10,10.094521
14,14.029135
13,13.041224
14,13.988793
7,6.90907
8,7.9657454
7,7.098281
13,13.03356
15,14.92719
16,16.065407
9,8.963347
10,10.024801
15,14.865905
9,9.080642
9,9.0349655
15,14.935379
8,7.890365
6,5.8775854
12,11.900681
15,15.006306
8,7.9967456
13,12.812648
9,8.875812
9,9.0239105
5,5.09339
10,9.994071
11,10.931636
9,8.895754
4,3.8781264
11,11.048368
14,14.127955
5,5.120931
8,7.8296227
9,8.877887
15,15.070475
11,11.115888
11,11.206757
7,6.9507427
1,0.9084044
3,2.965572
13,12.771593
10,10.078411
18,18.023434
14,13.764093
10,9.878946
11,10.994613
11,10.941587
18,17.952658
15,15.274102
14,13.788234
18,18.229483
7,6.9402514
9,8.955674
15,15.103874
8,8.166692
7,7.0658097
6,5.9456043
7,7.063818
8,7.9215226
11,11.041702
17,17.044317
14,13.933369
10,10.0388565
10,10.278801
10,10.064562
11,11.035277
11,10.753338
4,4.2463126
13,12.871241
11,10.9373255
12,12.060686
11,11.045654
5,5.0128856
13,13.020432
11,10.99015
20,19.996304
14,13.998546
6,6.222889
5,5.014106
8,7.8585505
10,9.853109
1,0.95058954
7,7.0345254
11,10.962879
7,6.834708
11,10.993335
11,11.126856
5,4.9693036
8,7.6526127
10,10.081263
5,4.9712973
14,14.092526
10,10.226378
7,7.060998
6,6.041097
6,6.0638328
13,12.898405
11,10.987123
12,12.1539955
6,5.958819
8,7.9529696
8,7.975677
15,14.989201
14,13.992962
7,7.0346537
11,11.2276535
6,5.9749575
12,11.725181
10,9.978327
11,11.027561
9,8.84168
8,8.270842
11,10.94608
11,10.974871
10,9.872924
20,20.112843
10,9.939728
11,11.031328
10,10.229241
13,12.896452
7,6.9637794
6,6.1687174
11,11.027994
9,8.928002
3,2.9846318
10,10.013549
3,3.1815279
13,12.871869
9,8.9863825
10,9.859049
9,9.058256
11,10.87289
16,16.001535
10,10.276807
11,10.888686
13,12.782782
4,4.0270457
9,9.025042
11,10.970453
11,11.001831
18,17.755022
10,9.839962
9,8.956765
8,8.055249
11,11.094545
9,9.092122
14,13.961675
12,11.910652
15,15.044056
10,10.126989
15,14.882348
11,10.941014
10,10.159996
14,13.9893265
8,8.1455965
11,10.853028
17,16.998323
13,12.880078
15,14.890716
20,20.093613
12,11.65695
3,3.0081494
10,10.046701
11,11.090428
7,6.9578743
10,10.156866
12,11.923487
13,12.832446
9,8.865222
10,10.306239
7,7.132811
14,13.811998
14,13.974027
14,13.95367
7,6.9029684
8,8.030346
15,14.922361
7,6.914543
12,11.819936
10,10.229482
4,3.938632
9,8.933344
13,12.993799
7,6.9207892
5,4.8220887
8,8.086726
7,6.9688034
3,3.0909848
11,11.092367
10,10.170992
10,10.123607
11,10.932682
9,8.951385
9,9.024677
11,10.921636
11,11.164374
5,4.897259
12,11.983222
9,8.969494
11,10.818032
11,11.065239
4,4.065563
10,10.094729
6,6.1065464
5,5.0517626
14,14.020699
12,11.8608
10,10.064299
8,7.867702
11,11.0170765
3,2.8330498
13,13.047105
13,13.04138
10,10.146551
12,12.010126
8,7.9403863
12,11.81696
7,6.9852314
10,9.860773
10,10.296768
10,9.998202
14,13.853659
6,6.023529
10,9.920706
11,11.072114
14,13.933802
17,17.071915
6,5.9757557
4,3.8723161
15,15.265257
15,14.858791
9,8.958542
7,7.152722
15,14.896396
11,11.202423
5,5.007655
4,4.029082
5,5.1759744
14,13.839065
5,4.716984
8,7.8844767
13,13.121799
5,5.1211977
8,8.032662
14,13.852779
8,7.9936557
8,7.7957897
11,10.986255
12,12.063516
11,10.983771
15,14.977047
4,4.0861807
12,11.8603115
10,9.818943
10,9.890837
5,5.305573
4,3.6128445
9,8.932043
15,15.12956
8,7.970246
13,13.140286
15,15.018043
13,12.999198
16,15.968528
12,12.059903
14,13.906425
11,10.99273
9,9.169749
13,12.920276
6,5.9063106
6,6.134019
11,11.055269
12,12.11121
8,8.101556
13,12.8569145
4,4.2724524
13,12.930207
16,15.952494
13,12.989044
7,6.93499
12,11.966204
9,9.011689
8,7.8798184
3,2.7789483
15,15.0349455
11,11.145989
10,10.11148
9,9.029571
9,8.893632
11,10.931692
10,9.905113
5,4.9768867
13,12.935433
11,11.167198
10,10.132377
13,12.888892
0,0.03200192
20,19.700167
10,10.073222
18,18.096485
11,11.030538
11,10.811052
0,0.03200192
11,10.900966
15,15.037869
2,2.092952
10,10.103646
9,8.875245
13,12.930207
8,7.965928
5,4.82469
2,2.0356255
13,12.845959
6,6.0890775
13,13.040325
10,10.222482
8,8.091223
13,13.017881
12,11.920479
9,8.8424225
9,8.964879
5,4.8264136
11,10.721378
11,11.199311
19,19.004202
7,7.0066037
12,12.016629
6,6.056443
13,12.972839
13,12.973695
10,10.189743
12,11.991644
10,9.898638
9,8.895824
14,13.943828
13,13.054868
13,12.818207
13,12.89234
3,3.0517378
9,8.825325
13,12.902396
13,13.063272
14,14.082553
19,18.795345
10,9.966182
11,11.026121
16,15.912421
21,20.894213
10,9.948805
9,8.954598
14,13.949424
13,13.145555
6,6.073745
12,11.70611
9,9.097867
13,13.099001
15,14.98369
8,7.9902043
10,10.086805
5,4.9898005
11,11.022409
10,10.032908
5,4.9510016
12,12.133623
16,15.976301
7,7.044644
9,8.853377
6,6.0245585
2,1.9411445
11,11.017753
11,10.826059
5,5.132773
13,13.081933
10,10.011597
12,11.863153
11,10.9060755
13,12.672086
6,6.1310287
15,14.766493
15,14.766508
6,6.055458
11,10.928214
11,10.875359
11,11.043344
8,7.865227
6,6.092179
5,5.134258
9,8.955234
8,8.16998
9,9.009664
11,11.260925
17,17.11077
11,10.97665
18,17.888828
15,15.253709
11,11.098618
13,13.221289
7,7.011416
18,17.951332
11,10.956828
14,14.235031
3,3.1391165
2,2.0671444
12,11.833648
8,7.9560657
14,14.065801
10,9.996409
13,12.890822
13,12.917369
9,9.0814
11,11.074906
11,11.003304
12,12.2785
5,4.847474
7,7.1453223
9,8.897759
13,12.892079
9,8.996773
17,17.17692
6,5.913719
6,6.104643
14,13.650155
16,15.991762
9,8.922643
5,4.778246
3,2.9181082
9,9.1449995
8,7.9787493
3,2.9178905
16,15.924694
7,7.025083
8,8.155484
8,7.9705806
4,4.217804
9,8.883975
8,7.9535584
14,13.952356
9,8.862398
3,3.0086942
1,0.9923687
6,6.0410075
6,5.933407
10,9.969171
16,16.081434
17,17.125786
10,10.055463
14,14.044765
12,12.044232
6,6.115472
10,10.158924
15,14.9204035
10,10.113517
10,9.879028
8,7.9483585
9,9.063786
14,14.016484
0,-0.11903833
9,9.018704
18,18.062584
11,11.059051
4,4.0658526
14,14.062749
6,6.1438174
8,8.00477
13,12.818716
13,13.06858
9,8.953902
5,5.2235365
7,7.0098014
15,14.994439
13,13.076719
11,10.891232
10,10.023368
14,13.866729
11,11.006979
6,6.061004
6,6.025269
5,5.0057716
8,7.925569
4,3.8893704
11,10.930361
0,-0.113141544
7,7.0826364
11,10.877698
8,7.906115
10,10.051159
9,8.789118
2,1.9900703
9,9.164573
10,9.995
11,10.881814
10,10.1860895
6,6.1646686
5,5.3385386
14,13.998173
7,6.903216
11,11.427658
7,6.765717
12,12.163907
10,10.069053
6,5.9408975
11,10.891998
3,3.0683753
12,12.056328
7,6.973403
6,6.0427914
9,8.930914
9,8.912343
11,10.964149
17,17.046207
17,17.330029
8,8.086006
10,9.928174
4,3.8686712
10,10.057565
17,16.997068
14,13.931845
4,4.0157046
14,13.89737
11,10.936431
8,7.9787035
6,6.127726
15,14.88909
8,8.037176
12,11.975026
17,17.238956
6,5.9761105
5,4.9797144
4,4.3610773
6,5.974836
6,6.0117407
10,10.181136
8,8.041352
10,10.195336
16,16.033472
10,10.208235
11,10.854209
15,15.055089
7,6.976714
11,11.053221
6,6.148043
8,8.006969
11,10.946096
17,17.10619
8,7.994151
18,18.012562
4,3.8589277
12,11.914981
5,5.1341786
12,11.912409
14,14.071029
12,11.897857
5,5.142863
7,6.9809933
13,12.751987
15,15.175947
5,5.0167985
11,10.755847
4,4.1131053
3,3.0365715
5,5.00902
10,10.04643
13,12.905905
17,17.149208
9,8.8035555
16,16.09157
9,8.959651
13,13.025279
6,5.93033
7,6.9327097
11,10.924738
11,11.130821
7,6.9822206
8,8.033533
11,11.028523
19,19.16423
9,8.93124
7,7.1270585
16,16.074432
8,8.050912
6,5.9658046
8,8.04271
17,17.222408
9,8.877441
18,18.140188
12,12.071641
15,14.92583
9,9.102795
12,11.768086
12,12.043519
10,10.100339
8,8.128129
11,11.040809
15,15.111789
10,10.09798
6,5.961699
2,2.0910356
5,4.9426217
9,8.928261
6,5.9574013
8,7.981347
8,8.047421
8,8.136929
7,7.0257964
17,17.082174
7,7.0524383
9,8.778607
10,10.1393795
11,11.15906
11,11.087576
11,10.920982
9,9.228998
17,16.99268
13,12.853396
10,10.070108
9,8.890702
8,7.9751234
10,9.943807
13,12.8571205
10,10.029763
7,7.05435
14,13.892041
14,13.961352
10,10.092549
6,5.9760823
7,6.89502
10,9.9909525
19,18.794083
2,2.0640132
8,7.9317594
10,9.845248
15,15.157717
7,7.0561304
6,6.13308
11,10.882197
6,5.841789
7,7.114829
9,9.05183
7,7.0129914
5,4.897259
5,4.912637
7,6.8144403
12,12.219393
5,5.212353
14,14.108086
14,14.069272
17,17.221111
17,17.151503
3,2.7595632
10,10.285867
13,12.939294
3,3.0811486
11,10.870717
6,6.012382
7,7.018218
9,9.025281
15,14.9487295
5,5.0229635
10,10.026972
12,12.154511
14,13.616911
18,17.969261
7,6.8972936
7,6.9746523
15,14.898527
9,9.050477
10,9.910446
13,12.781051
11,10.950317
10,10.096673
12,11.846585
9,9.002205
9,8.969575
13,12.880862
12,11.9757395
8,8.110859
9,9.034849
4,4.200693
5,4.947745
13,12.930809
11,11.053437
7,6.9918485
16,16.066004
17,17.05908
10,10.120718
8,7.8888235
11,10.87446
14,13.914037
11,10.90514
11,10.90514
7,6.9562893
11,10.951552
5,5.05413
8,7.861256
8,7.9879074
11,10.906459
9,8.983574
13,13.234269
10,10.056421
3,3.1883583
14,14.069371
11,10.928939
4,4.1254745
14,13.884713
4,4.1311913
2,2.0604775
2,1.9268804
10,10.221869
1,0.894953
2,1.9357493
2,1.9573364
13,12.790879
11,10.981832
8,8.059247
8,8.006483
8,7.9561696
14,14.028647
16,15.993007
10,9.99745
8,7.9172587
19,18.77028
4,3.8172057
13,13.042532
10,10.184663
11,10.792841
11,10.79335
12,11.897857
14,14.142827
6,5.980425
13,12.867157
5,5.050303
12,11.854678
3,2.8767655
6,6.1310134
5,4.908226
7,7.0535994
3,3.1345427
17,17.08704
10,10.070919
11,11.097474
17,17.172836
10,10.2340355
8,8.161635
10,10.030362
10,9.933802
3,3.0223236
0,0.036405805
9,8.997343
9,8.941611
14,14.103102
9,9.005948
11,11.073297
3,3.0396364
4,4.2242603
5,5.0295777
9,8.92863
11,11.172789
10,10.062594
14,13.899219
14,13.754579
15,14.82645
9,9.031535
13,13.051259
5,5.016234
10,9.917463
10,9.977478
5,4.7916136
14,13.704689
17,16.965517
9,8.900329
10,10.236079
11,10.9986925
15,14.99934
16,16.221622
12,11.792805
12,11.947254
9,8.85657
4,4.0384693
9,9.0578165
16,16.01965
3,3.072557
14,13.822202
11,11.05388
8,8.000236
11,11.172789
10,9.713871
8,8.006874
10,10.0183525
5,5.024544
2,1.9926307
13,13.061875
6,5.9500203
6,5.950651
12,12.152391
15,15.159355
11,10.894456
10,9.855938
6,6.0726686
11,10.90204
5,4.8510737
11,11.044828
10,10.096384
15,14.983026
18,18.063221
18,18.085781
7,7.0413923
9,8.949006
14,13.910347
19,18.80351
10,10.059371
12,11.920479
17,17.105238
17,17.025116
16,16.132301
11,11.04374
6,5.9440656
5,5.001465
9,9.065266
3,3.0528147
5,5.255065
8,7.8965926
11,11.160839
10,10.061035
8,8.027914
6,6.1376634
5,5.084889
13,12.832446
15,14.973135
8,7.908094
3,2.832797
4,4.1219273
8,8.02973
12,12.027844
3,2.7456348
6,5.856465
11,10.732715
7,6.946777
11,11.202986
12,11.832395
15,15.145998
9,8.996751
6,5.9669175
15,15.089686
7,6.810239
10,9.991692
7,7.0320253
11,10.928214
11,10.896389
13,12.983563
9,8.94459
8,7.8910365
14,14.030699
12,11.910842
11,10.948222
15,15.070081
15,15.070081
10,10.027753
11,11.074728
12,12.098963
2,1.9533823
12,11.864327
7,6.8879976
14,13.889342
2,2.0129871
16,16.089537
12,11.853063
15,15.014667
10,9.903292
9,9.024838
4,4.287399
10,9.971493
15,15.035201
13,13.097885
10,10.083335
5,4.965244
7,6.96881
6,6.0975285
5,4.9691467
9,8.871749
9,8.893457
6,5.8096113
19,18.795345
9,9.010282
8,7.9678736
10,10.073811
8,7.883402
12,12.108496
12,11.998969
10,10.0631695
3,2.9980998
8,8.054951
15,15.083752
5,5.1901417
10,10.041339
15,15.05322
12,11.996439
9,9.174093
12,12.027189
12,12.079219
15,14.924924
17,17.109266
4,4.127019
12,12.129895
17,17.126402
14,13.956472
10,9.887107
4,4.04204
5,5.152761
10,10.061535
4,3.6845922
8,8.039072
4,4.042564
7,7.0971627
13,13.009689
1,1.0026181
5,4.9374533
8,8.044253
17,16.816553
13,13.15124
8,8.053126
12,11.933453
8,8.063486
14,13.8900175
10,10.060521
11,11.068041
13,13.141472
10,10.064562
15,14.970182
10,10.009005
15,15.056099
14,13.982209
10,10.009819
9,8.9997425
14,13.88651
4,3.8639276
4,4.187139
5,5.013725
9,9.062742
6,5.873974
10,10.01753
13,12.826288
11,11.047904
15,15.139093
7,6.8652673
11,11.022628
17,17.043024
11,10.82604
12,11.952484
8,8.064486
17,17.063305
6,6.0585613
5,4.9577837
13,12.894851
14,13.838908
6,6.095309
5,5.120931
8,7.978799
10,10.140332
9,8.975082
8,8.084446
11,10.951181
11,10.939386
14,13.73641
7,7.044644
12,12.109895
11,11.110325
12,12.067872
14,13.844895
6,6.024687
14,13.938291
4,3.7915602
18,18.003782
11,10.986255
9,9.079602
6,6.008295
10,9.985855
9,8.8035555
11,11.007713
9,9.002944
14,13.741118
7,7.030499
7,7.057537
9,8.947041
4,3.9859092
8,7.9834723
15,15.1565485
11,10.93832
11,10.942725
18,17.969233
2,2.062084
16,16.010828
18,18.077343
10,10.01209
13,12.725393
8,8.015807
13,13.080785
17,16.94848
5,5.087669
11,11.141681
10,10.0227995
8,8.047133
11,10.919969
10,10.07102
10,9.983996
8,8.117913
8,7.999585
7,7.0857563
7,7.141858
9,8.709275
7,7.0218697
7,7.1629615
6,6.330821
13,13.054868
6,6.143886
8,7.9326115
14,13.931586
9,9.035272
14,14.200193
9,9.059802
13,12.922822
8,8.0084095
12,11.89593
12,12.101229
6,6.0565743
4,4.054658
5,5.075484
10,10.19614
8,7.952595
10,9.943171
1,0.93790656
12,11.945003
9,9.063786
13,12.803432
12,12.108368
10,10.11148
9,8.767399
12,12.112977
2,1.6852084
10,9.923794
7,7.0328217
14,13.972032
12,11.933101
6,5.9537477
12,12.048032
8,8.003494
0,-0.13314229
11,10.9782915
8,7.9831877
18,18.363752
20,20.45798
5,4.993385
8,7.9219427
15,14.998092
6,6.029347
7,7.083571
12,11.803762
5,5.094689
9,8.973245
9,8.970561
9,8.899896
11,10.925874
9,9.13679
15,14.942204
9,8.767813
16,16.07648
1,0.73474896
15,14.954899
1,1.0946679
12,11.9838505
11,11.016973
14,13.788861
8,7.8951273
7,7.114752
11,11.06192
13,12.979381
17,17.002193
10,10.030902
16,16.154627
14,13.915384
8,8.018821
5,4.9796834
8,8.049465
13,13.159064
18,18.1421
17,16.982285
4,3.9390392
7,6.9353185
13,12.909032
8,7.88678
8,8.021616
9,9.030198
6,5.973251
3,3.2129416
9,9.000198
10,10.041112
11,10.89588
16,15.657722
10,9.973284
10,9.971563
10,10.365825
17,17.068571
13,12.8934555
11,10.8982935
5,4.7936516
14,14.053826
5,4.9730473
9,8.95253
7,6.942896
7,7.0963893
16,16.052523
13,13.160279
10,9.888972
2,1.8619245
8,7.933144
9,9.073483
15,15.004506
14,14.022422
15,15.015331
4,3.9054234
9,9.116487
6,5.914433
10,10.026316
10,10.068846
10,9.951365
1,1.0695912
5,5.1965804
10,10.139768
9,8.952405
7,7.1439834
5,4.9267564
9,8.883467
9,9.115628
8,7.801531
14,13.977106
3,2.9478858
14,13.856359
13,12.868854
6,6.034733
10,10.218228
13,13.067045
14,13.8900175
8,7.9726887
13,12.785624
8,8.12574
13,12.916481
15,15.011456
12,11.628736
10,10.044691
12,12.046207
4,3.8151312
10,9.971493
8,7.9899397
2,2.0509288
10,10.126249
14,13.910127
11,11.023601
13,12.912878
12,11.852864
15,15.0037155
9,9.017723
5,4.886379
5,4.9608636
8,8.013344
8,7.9095993
13,13.275463
10,9.987147
8,8.003597
8,7.9077516
11,10.972869
6,5.929053
1,0.96436864
17,16.978493
4,4.0963864
9,8.965756
8,8.026485
8,7.9914846
4,3.8907883
13,12.962152
8,7.9789443
4,3.9476073
8,8.197204
13,12.932166
7,6.778841
7,6.982054
8,8.06122
8,8.0834675
10,10.139078
10,10.149184
8,8.143143
0,-0.12239751
1,0.98447037
22,22.047327
12,11.791006
2,1.8428679
2,2.077404
12,12.034366
2,1.9867961
20,20.106552
7,6.773841
14,13.69168
10,9.763613
14,13.910035
12,11.964273
12,11.816604
22,22.065447
10,10.190499
10,9.991854
8,8.14226
5,4.990182
12,11.965115
10,10.019452
11,10.922236
5,4.8457937
10,10.006441
10,10.1605215
5,5.0453677
11,11.087153
12,11.942897
10,10.125911
10,10.018577
12,12.02088
10,9.984078
13,12.912553
20,19.75159
7,6.8724737
10,10.077348
10,10.166516
9,8.815693
18,17.861994
14,13.925375
13,12.84397
10,10.225759
8,8.144628
5,4.9712973
9,9.024526
11,10.85925
5,4.984101
9,8.86701
11,10.888799
5,5.129383
13,13.019788
12,12.098464
6,5.8888955
10,10.102352
9,9.030188
7,6.8521047
15,15.043336
5,5.3329186
4,4.1602974
7,7.2160873
11,10.927325
4,3.9815476
9,9.086991
1,1.0271634
2,1.9774975
13,12.855676
6,6.175393
10,10.050306
18,17.969988
8,7.949512
14,14.096875
6,6.1294866
14,13.844291
6,6.144323
10,10.080461
10,9.886384
6,6.054459
10,10.080781
6,6.0559006
12,12.122366
5,5.2770834
14,13.897288
10,9.962342
11,11.084309
6,5.9498987
10,10.268037
8,8.016018
11,10.9322405
11,11.275828
7,7.0206385
7,6.9604897
3,2.9711382
8,7.979404
14,14.000191
8,7.968826
2,1.7752265
15,14.999437
11,11.015977
8,7.92742
8,7.8058815
18,18.0998
15,15.029664
10,10.0018425
8,7.901042
5,5.027761
10,10.003702
10,10.002278
9,9.189359
3,3.1405566
5,5.197431
8,7.9162006
10,10.175245
12,12.060528
15,15.037869
9,8.922485
16,16.005386
9,8.974477
8,8.171066
11,10.978971
18,18.059917
18,18.285309
10,10.141042
17,17.045933
13,13.038708
9,8.909097
9,9.033424
10,10.096349
18,17.8854
13,13.004984
16,16.057049
10,9.8755245
11,10.986439
12,12.175296
12,11.77858
10,10.073746
12,11.91829
7,6.914116
11,11.199786
10,9.954821
10,9.901348
7,6.9317017
10,9.975093
9,8.970612
10,10.044087
13,13.049239
13,13.055003
10,9.83993
7,6.9137616
16,15.782575
17,17.031065
10,10.155718
7,6.8946633
7,7.279981
8,8.257415
9,9.042276
9,8.917778
9,9.022762
15,15.137733
11,10.899334
8,8.07959
9,8.793883
16,15.975247
14,13.998098
11,11.060124
10,10.164113
18,18.076248
7,6.9934726
5,5.0403285
9,8.905865
11,10.671968
13,12.795027
11,11.203988
7,7.0786
14,13.8606825
11,11.016085
10,9.962666
9,8.931974
9,8.863156
7,7.1433783
16,15.685332
10,9.960426
4,3.747859
9,8.945767
14,14.132083
9,8.994403
17,17.12167
5,4.954341
6,6.1175857
4,4.1548367
8,8.083006
3,2.8840637
12,11.837952
5,5.072784
5,5.1831627
4,4.044047
10,9.953595
8,8.023077
9,9.089161
6,5.929082
12,11.947917
10,9.870876
13,13.147572
4,3.860418
8,8.125344
6,5.965523
3,2.871567
7,6.765717
5,5.0350423
3,2.858124
17,17.292973
13,13.179427
12,11.961783
5,4.9670386
6,6.339167
11,10.982987
6,6.104347
10,9.993991
14,13.567649
6,5.9838715
10,10.121253
14,13.84017
2,1.9632225
2,1.9632225
4,4.040362
5,4.8317556
12,11.809484
5,5.0781264
10,10.015911
6,5.953469
15,14.964376
13,12.851056
8,8.058654
16,15.891626
2,2.0578525
10,10.124573
10,10.238541
11,11.216595
14,13.904221
9,8.910954
7,7.3235154
7,7.3235154
14,13.972288
16,16.073282
15,14.958237
11,11.015134
10,10.079465
10,10.013179
13,13.032454
11,11.010905
4,4.099059
10,10.1407385
11,10.938518
10,10.1892395
11,11.150136
15,14.9520855
12,11.899463
7,6.9955497
7,7.1154785
5,4.9766154
11,11.175663
5,4.9766154
11,11.106276
13,12.790491
12,11.85338
21,20.967049
10,10.161412
11,10.790314
13,12.99134
5,5.033789
5,5.124167
10,9.963196
15,15.068333
16,15.783266
8,7.9510508
9,9.085476
10,9.905951
2,1.9256506
11,10.955195
1,0.9077049
13,12.990684
13,12.942559
10,10.06287
11,11.031265
12,12.042615
5,4.9795837
10,10.278181
11,10.865222
10,9.990069
1,1.0218065
8,7.9199543
6,5.966575
7,7.101385
11,10.890984
13,12.909165
3,3.1933827
9,8.906557
2,1.9314218
10,9.899973
11,11.102726
6,6.1046405
6,5.844381
9,8.990116
10,9.866151
8,8.151249
9,9.0764
15,15.086882
11,10.94921
8,8.062466
7,7.1522093
10,9.887633
12,12.098728
12,11.931238
10,10.015364
0,-0.122576155
7,6.9090266
8,8.142369
10,10.094729
9,8.859649
11,11.031328
8,8.090574
12,11.928479
8,7.698919
21,21.015333
16,15.987948
10,9.913102
14,13.969928
12,12.053283
8,8.02973
13,12.775335
3,3.0279744
7,7.0405493
10,9.995033
13,13.025928
12,12.045107
2,2.2241962
8,7.927078
7,6.9022837
11,11.111284
11,11.090115
14,14.065298
13,13.034297
11,11.005094
17,17.113428
8,7.8594275
11,10.993335
16,16.086205
6,6.0936494
8,8.032662
13,13.046221
12,12.13039
9,8.996942
10,10.11556
5,4.944693
10,10.314949
9,8.956938
10,10.064949
5,4.9426217
10,10.19614
14,13.930596
3,3.1412022
5,5.0891347
6,6.285283
5,4.9284644
7,7.06257
5,5.077644
14,14.195111
18,18.077158
9,8.943917
13,13.079825
19,19.130154
10,10.250118
9,9.004046
11,11.02615
10,9.962739
9,8.973146
9,8.733541
8,7.946358
9,9.024677
13,12.882308
10,10.0656395
16,16.34454
13,12.654874
12,12.041807
6,5.916888
11,10.965584
10,10.137787
10,9.840064
7,6.8068213
9,8.905893
10,9.976748
8,7.9101133
10,9.966523
6,5.93991
13,12.860907
4,4.1432443
14,14.037041
3,3.2077591
1,0.70116884
6,6.052894
18,17.919405
14,14.050389
14,14.062484
4,3.8965628
13,12.843742
14,13.882795
6,5.952075
11,10.936431
12,12.064826
10,9.93368
13,12.915001
7,6.828472
10,10.190527
13,12.820567
6,5.831391
0,-0.14449431
8,8.042851
9,9.027109
15,14.975526
7,7.1510396
12,11.900762
5,5.1992955
10,9.859255
9,8.869085
14,13.9360075
6,6.0455346
9,8.992556
7,6.9054627
7,6.9598365
7,7.0304484
14,14.218762
9,8.9851
10,9.908986
16,16.03302
11,10.954375
6,6.0515814
6,5.9359827
9,8.893141
10,9.981005
14,14.01592
11,10.909464
10,10.197086
13,12.954059
15,14.61198
17,16.874893
15,14.9296
10,10.081141
6,5.964072
9,8.921114
12,12.117825
18,18.033207
11,10.881996
15,14.982764
6,5.8886576
9,9.070155
8,7.8940334
7,6.9465175
5,5.0924063
3,3.1664824
10,10.161542
10,10.083455
5,5.129383
8,8.037176
10,9.981484
10,10.078823
8,7.9547067
3,2.8455265
6,6.193193
15,15.087326
6,5.9493523
6,6.2724648
14,14.002205
16,16.158537
10,9.93368
7,6.986133
10,10.140629
7,7.152403
6,6.0124717
8,7.7163315
7,7.0802364
14,14.048003
14,14.022329
11,11.039948
16,16.124855
10,10.092135
14,13.999346
13,12.8448515
8,7.895674
6,6.013414
6,6.012881
8,8.033864
8,7.923516
18,17.830526
9,9.093774
8,8.021256
14,13.850075
6,6.0401225
6,6.0402493
15,14.949305
17,16.99532
7,6.9996095
7,6.8525705
14,13.995372
6,6.1116295
7,6.96786
16,16.013548
10,10.0128565
8,7.9296865
9,8.970612
4,4.0596685
11,10.871657
7,7.0204196
6,6.1586323
10,10.010215
15,14.927436
9,9.009266
9,8.904139
4,3.982219
7,6.808777
11,11.174897
9,9.083767
19,19.085913
12,12.016617
2,2.1253598
12,12.036424
12,11.976727
10,10.035714
15,14.946163
9,8.9323435
15,15.156449
14,13.935451
10,9.82337
6,6.008186
9,8.8905945
9,9.100041
12,11.886539
2,1.8831596
8,7.9249663
7,7.0690694
6,5.920386
12,12.0066
13,13.044894
11,10.885877
8,7.9161525
9,9.024178
11,10.965743
8,7.88141
14,13.9713
13,12.9683075
10,9.807073
16,15.938999
9,9.054825
15,15.081087
8,8.100943
13,12.953024
9,8.861271
12,11.833979
8,7.7531157
8,8.044666
13,13.161586
13,12.869621
19,18.871466
18,17.763918
14,13.95447
12,12.017831
5,5.0179577
9,9.067227
4,4.00073
3,3.127197
7,7.0768576
11,11.061348
5,4.9791493
12,11.888948
5,5.2328606
14,14.048575
3,2.9030643
3,3.0601516
5,4.8057947
11,11.061284
12,12.144623
14,13.831957
10,10.081988
9,8.951431
9,8.919058
15,15.148377
7,6.951135
8,8.090294
6,6.143886
14,13.883665
14,13.85499
12,11.9865
14,13.867907
12,12.082179
6,6.069159
8,8.055919
20,20.029608
12,11.753549
18,17.994219
17,16.975122
9,9.009419
19,18.92605
6,5.929181
17,16.930513
20,19.719751
6,5.927828
7,7.023583
7,7.025077
11,11.283263
7,6.764847
10,10.12703
8,7.9607496
2,2.0797505
10,10.030474
13,12.710346
11,10.942691
3,3.0415223
7,6.908529
11,10.884041
11,11.010159
10,10.053355
10,9.884782
11,10.960925
16,15.986983
16,16.198711
11,11.157338
10,9.886288
8,7.8878627
12,12.077074
17,17.076378
11,10.732715
10,10.235389
10,10.149711
7,6.9703875
10,10.059107
8,7.92931
7,6.8975043
12,12.02014
5,4.954341
10,10.070245
9,8.922985
10,9.91243
10,10.158924
6,6.0848594
9,8.843473
6,6.08619
9,9.038921
12,12.133914
11,11.071419
15,14.897988
10,9.846443
11,10.940411
10,10.171829
18,18.16624
17,17.173182
13,12.891465
12,11.935059
17,17.042627
17,17.063305
14,13.899077
8,8.022868
10,10.029942
7,6.973403
3,2.780224
16,15.97866
6,6.0286508
11,11.019616
10,9.928804
11,10.978251
14,14.107791
6,6.036656
14,14.05091
8,7.8296227
5,5.061046
6,6.051495
10,9.7916975
13,12.980177
17,16.748121
13,13.123182
7,6.8843627
9,8.985
9,8.922643
11,10.909437
11,10.875359
8,8.081978
3,2.9171019
9,9.093139
13,12.993854
12,12.01192
13,12.770309
13,12.85803
10,10.058309
13,13.169758
11,10.847755
12,12.033239
12,11.959494
16,15.770451
8,7.9513655
12,11.863153
14,13.889154
9,9.041117
11,10.959125
4,3.834629
13,13.221754
9,9.001731
12,11.916261
4,4.099059
13,13.008706
9,9.291094
17,17.046694
9,8.909197
12,12.057457
15,15.14012
7,6.9619126
14,13.896384
15,14.990024
7,7.17149
8,8.032662
12,11.955234
8,7.8602176
14,14.107348
11,11.007347
3,3.1356018
10,10.078871
9,8.903471
10,10.126983
14,14.017918
3,2.9355998
3,2.7977753
10,9.916941
5,5.2700553
7,6.9710345
11,10.913074
16,16.02291
17,17.172836
15,14.967071
7,6.8172216
14,13.925096
14,13.832156
5,5.0468426
12,11.952207
17,16.921757
8,7.942066
10,10.054923
10,10.070919
10,9.78011
18,18.180798
10,10.038693
13,12.829121
9,8.874378
16,15.880824
6,6.059612
3,3.0218418
10,10.020129
5,4.9338083
19,19.136776
5,4.9151297
10,10.080769
14,13.8794365
7,6.8611393
12,12.201772
13,13.046221
8,7.9691257
8,7.8696737
8,8.102656
8,8.166692
10,10.037809
12,12.05644
10,10.154151
9,8.834844
10,9.8520155
8,7.871381
10,9.992193
13,12.972612
13,12.991043
10,10.03518
2,2.0577705
5,4.9750285
5,5.1733017
5,5.043953
8,8.011015
9,8.994525
19,19.026134
8,7.8940334
12,11.79106
9,8.928317
14,14.065077
3,2.9873967
14,13.965865
7,6.942158
18,18.173939
7,7.0537577
9,8.935634
13,12.991043
11,11.013442
9,8.907211
2,2.167567
13,13.070907
18,17.97641
4,4.0518317
8,8.106388
8,8.068388
14,14.025942
16,15.772092
12,11.999133
10,9.941895
10,10.028226
11,10.881018
13,12.807957
7,7.0785975
8,7.9513144
5,5.1349564
12,12.014497
6,5.9236975
11,11.175724
5,4.971172
9,8.86159
6,6.105181
14,14.0291815
8,8.029965
14,14.001535
10,9.986438
17,17.248549
14,13.920232
1,1.1353061
4,3.7915602
8,8.068242
8,8.109454
5,5.217367
17,17.211044
10,10.078411
12,12.036948
9,8.929885
2,2.129559
11,10.952985
13,12.97819
5,5.0036855
11,10.625371
7,7.0978312
4,4.2710876
11,10.627436
13,12.728393
10,10.06536
9,9.041183
8,7.964955
8,7.9900475
5,4.945049
19,19.102345
8,7.8946114
9,8.956192
8,7.8813004
10,10.003626
13,13.035056
6,5.891214
11,10.95818
6,6.102086
17,17.021603
15,14.859186
5,4.8892865
7,7.0853004
8,8.113807
14,13.955605
10,10.070108
13,12.852534
7,7.0320992
11,10.943858
8,8.029744
3,3.0747447
15,14.902302
2,1.9336606
14,13.906632
9,9.104119
12,11.897586
12,12.061421
6,6.235306
14,13.888933
14,13.943163
13,12.866267
9,9.008963
13,12.711524
13,12.712481
13,12.841187
11,11.0689535
10,10.180294
11,11.025758
10,9.783117
9,9.001813
11,10.91991
10,9.961719
11,10.915301
4,4.2568736
8,7.8078527
12,11.957072
10,10.11148
20,19.51253
12,12.142626
9,9.05775
11,10.857318
14,13.68609
12,12.072981
12,11.910959
7,7.050043
18,18.066338
11,11.138689
13,13.123508
4,4.1489463
6,6.0940714
8,8.040664
9,9.027109
9,8.982259
11,10.981174
5,5.025903
9,9.220327
5,5.022869
15,15.172195
12,11.879076
6,5.9428144
13,12.988243
10,9.977478
10,9.966926
12,12.100691
4,3.9946983
5,4.9434886
12,12.040327
11,10.817371
10,10.052587
6,6.235306
10,9.863089
8,7.984603
8,8.169677
14,14.053826
10,9.966256
20,20.183268
13,13.097131
10,10.124278
12,11.982285
11,11.018113
4,3.9992201
4,3.8417878
8,7.9554586
13,12.9897585
16,15.887703
12,12.002985
12,11.943928
3,2.9772558
9,9.030254
13,12.876417
14,13.869684
12,12.14466
9,8.935917
4,4.3699727
5,4.9983435
13,13.119312
9,8.933006
13,13.068702
12,12.060833
8,8.002614
10,10.071442
2,2.1441557
10,9.919442
13,13.0341015
13,12.960392
10,9.808961
10,10.149472
13,12.94221
15,15.092934
6,6.102922
14,13.818818
16,16.326801
11,11.033548
9,9.028962
9,8.987497
13,13.132786
14,14.0001335
6,6.0011096
8,8.015997
5,4.9576263
13,12.876041
9,9.041733
5,4.979704
12,11.931661
5,5.086456
3,3.0716996
5,4.969335
11,11.095464
13,12.705586
8,7.9498425
12,11.730249
11,10.985973
3,3.041497
12,12.059548
8,8.0112295
14,13.890892
7,7.0328217
3,2.809656
11,10.921088
6,6.017224
11,11.0848875
12,11.848239
6,5.763462
12,12.053421
4,4.287399
8,8.060496
7,7.0312223
10,9.984801
11,11.032396
2,2.0079372
7,6.7866664
6,5.842361
8,8.032497
8,8.0810995
10,10.192771
11,10.929823
10,10.030663
7,7.1530094
5,4.8637543
11,11.202559
4,3.96793
1,0.93127865
9,8.991493
16,15.954133
10,9.972781
8,7.8007
15,14.881119
20,20.18092
10,9.946491
10,10.076188
6,6.1688848
6,6.1281257
18,18.131992
12,12.007981
11,11.180581
6,5.911457
15,14.922361
14,13.993913
9,9.057491
10,9.953845
11,10.962419
12,11.969514
18,17.872585
7,7.007162
18,17.8831
5,4.9928455
14,13.845585
13,12.863665
5,5.11879
7,7.040673
7,7.1030946
12,11.961224
1,1.174691
10,10.013064
18,18.011702
1,1.0769999
12,11.9761715
8,7.8546395
11,10.805787
9,8.997396
7,6.908529
18,18.088215
11,11.059079
6,6.0541267
10,10.145067
7,7.1057115
14,13.992962
15,15.283797
9,8.944292
7,6.9304805
11,11.116441
7,7.0091043
5,4.8732142
9,9.001377
13,12.871241
10,10.021092
11,11.022
11,11.066383
11,10.966551
12,11.889426
20,19.536993
9,8.976328
9,8.98074
15,15.091382
11,10.925509
7,7.1061497
7,6.9996095
13,13.228592
5,4.910257
6,5.897941
5,5.186382
7,7.065089
14,14.0672245
4,4.074717
11,10.858036
3,3.1532195
8,7.9785137
15,14.784286
8,8.035595
7,6.8927894
15,14.942964
6,6.07476
9,8.836935
7,6.9693966
10,10.213683
8,8.047421
7,7.0150533
11,10.880487
6,6.020919
14,14.241966
9,8.965401
7,6.852083
7,7.0066037
10,9.904197
9,9.028962
7,7.2047796
10,10.0349865
4,3.7577055
7,6.929976
6,6.2097774
5,5.018707
12,12.02898
7,7.0571427
6,5.989164
15,14.999025
10,9.93959
9,9.154806
6,5.9645467
9,8.921231
6,6.0459304
7,7.00956
10,9.928174
6,5.952629
10,10.074218
8,7.950317
9,8.989127
12,11.899405
7,7.036199
10,9.979599
6,5.9446673
11,11.037147
10,10.1696415
8,8.0212755
16,15.773709
12,12.0059
12,11.999455
6,6.036335
6,6.036335
8,7.7866683
8,7.7866683
8,7.7866683
5,5.0633082
12,11.8383665
10,9.933113
11,10.925509
17,16.910454
5,5.0503893
8,7.951788
9,8.935217
9,8.935217
9,9.0107565
5,4.9766154
9,8.963925
10,10.058812
11,10.9256935
12,12.002348
12,11.897857
12,12.170719
6,5.973114
10,10.055463
10,10.102348
11,11.056109
10,10.350369
10,10.021354
4,3.7616816
13,12.734171
7,7.1153545
14,13.938291
7,6.9063807
15,15.052463
10,9.979251
10,9.974098
8,8.0255
8,8.1474
9,9.056251
8,8.133334
17,17.095062
9,8.993898
9,9.070583
13,12.729999
13,12.729553
8,8.0465765
15,14.811537
12,12.028879
8,7.924763
8,8.1474
5,4.9995084
11,11.009846
12,11.9666815
5,5.2639613
3,3.0140982
8,7.961131
9,9.039032
14,13.830968
12,12.138675
8,7.983666
9,8.860646
8,7.746223
4,4.006406
7,7.0043554
5,5.084376
8,7.9633555
5,4.93815
11,11.071419
11,11.007595
12,12.106998
6,6.1348286
7,6.976983
10,10.1892395
5,5.030475
1,1.1021161
11,10.906671
10,9.84206
7,6.7519784
12,11.790043
9,9.013112
6,5.8961077
10,9.873176
10,9.770286
15,14.7836075
9,9.069501
8,7.941404
14,14.186107
10,9.963196
9,8.8987
5,5.0948052
12,12.066707
13,13.023965
15,14.9596405
10,9.997595
14,13.935451
7,7.041207
8,8.041844
11,10.951845
9,9.166191
11,10.793776
10,10.062941
10,10.127898
9,9.023495
6,6.184385
7,7.072584
0,-0.13130921
5,4.918362
4,4.0987864
6,6.0826936
3,3.0671728
13,12.937481
10,9.865502
6,5.9834986
5,4.9950266
7,7.0086255
20,20.086828
9,8.930458
1,0.95058954
6,6.048201
15,14.895754
14,13.882225
19,18.972002
13,12.899342
13,12.895205
8,8.230111
14,14.013033
5,4.8170176
1,0.93714607
15,14.980953
10,10.010025
5,5.1148753
4,3.967786
13,13.277098
11,11.064632
5,5.0419765
11,10.913572
9,8.997287
10,10.127078
15,15.1834545
14,13.90905
9,8.883097
10,10.062752
5,4.913914
11,10.958845
14,13.850818
9,8.974187
15,14.9103
11,11.141676
7,6.918579
14,13.955031
0,-0.13109747
2,1.9396868
9,8.893475
11,11.02034
2,2.062084
3,2.965572
12,12.175624
12,11.834257
17,17.052376
11,11.014469
8,8.041844
14,14.000191
6,6.054676
6,6.0330653
6,6.0397677
5,5.1278462
13,12.93776
9,9.041183
6,6.082858
12,12.054685
3,2.9768634
3,3.1329515
15,15.1231165
5,4.550644
6,5.972028
9,9.001731
13,13.073866
10,9.8563795
15,15.184314
13,12.838671
10,10.10182
10,10.065101
12,11.736981
16,15.919374
10,10.293701
13,13.066755
17,16.884966
5,5.1125827
6,5.9855795
6,6.2398686
8,8.066576
11,10.9684925
9,8.947131
11,11.012207
9,9.053098
11,11.005114
7,6.8724737
10,9.8843775
7,7.060998
11,11.076446
8,7.9958596
7,6.8066974
13,12.956739
15,14.916486
9,8.960039
9,9.16099
15,14.93244
9,8.947131
7,7.25219
16,16.029657
13,13.038914
14,13.971452
12,11.900276
11,11.074109
14,13.851834
9,8.9835615
8,8.105592
9,9.031535
4,4.0789995
11,11.149011
10,10.081263
10,9.994269
2,2.0733323
9,9.092122
6,6.095915
5,5.2276754
7,7.0304456
8,8.056127
11,10.921311
20,20.042912
8,7.946525
9,9.056355
4,3.8965628
15,14.925461
8,7.9517646
10,9.97714
13,13.196342
12,12.135481
8,7.937454
9,8.942428
12,11.960401
12,12.009499
9,9.15426
9,9.047779
10,9.80143
13,13.106638
10,10.078823
15,15.210257
14,13.934764
4,3.9966068
13,13.1232395
6,6.1374965
9,9.013677
20,19.906939
14,14.023337
12,12.028374
11,11.157316
10,9.900052
10,9.984078
8,8.095265
8,8.000236
6,5.8613777
10,10.0940895
13,12.879008
20,20.088453
12,11.957696
10,9.972471
14,13.974027
11,11.145967
10,9.893226
4,4.0156875
2,2.129712
4,4.07443
7,7.066946
9,8.9767885
13,13.141815
10,10.135756
9,8.966307
15,15.145452
9,9.118433
6,6.0169106
10,9.966349
12,11.960482
14,14.006685
10,9.948309
16,15.989398
11,10.934672
12,11.935585
5,5.083506
5,4.9477053
11,10.9821005
11,10.967031
12,12.080349
13,12.918013
14,13.839191
4,3.9997294
4,4.041146
13,12.953516
13,12.935067
9,9.377043
2,2.0634282
12,11.950067
10,10.145723
16,16.047852
10,10.0165
4,4.1831765
7,6.9381156
14,13.9597
0,-0.14314862
11,11.111701
17,16.957884
5,5.000949
8,7.9450183
9,8.891053
7,7.1275964
17,16.96677
10,10.17296
18,17.896076
17,16.776333
11,10.837745
9,8.916979
12,12.0907545
3,3.0614738
11,11.009771
2,2.1498978
11,11.287527
6,6.0355453
8,7.974929
6,6.2131405
17,17.175224
10,9.873293
10,10.058898
9,9.000769
8,8.255656
10,10.119072
11,11.075003
3,2.94973
8,7.953797
10,9.999569
10,10.037487
10,9.931109
16,15.974648
6,5.739114
14,13.929299
11,10.7606535
12,12.113588
11,11.076869
16,15.960531
6,5.9612303
16,16.085741
12,12.033239
10,9.995156
10,9.961557
4,3.8784268
9,8.959287
6,6.076936
13,13.078764
11,11.01168
10,9.999569
10,9.806467
15,14.954899
8,7.964955
16,16.189932
15,15.190584
11,11.163083
6,5.6808877
10,9.859309
10,10.182221
13,13.205715
10,10.276896
13,12.945406
8,8.032662
12,11.874596
7,6.9415555
16,16.013506
6,5.89362
13,12.990684
14,13.9882
4,4.0336585
14,13.781633
11,11.035464
0,0.042096097
16,15.911453
10,10.02161
8,8.036847
13,12.94221
6,5.9587674
15,14.949305
10,10.087914
8,8.033425
14,13.910127
11,11.072541
9,8.9678135
15,15.251946
11,11.169727
8,8.11441
5,5.0238714
7,7.2128773
12,11.945248
9,8.9547
3,3.0161152
15,14.930786
12,11.786833
12,11.993583
8,8.016868
6,5.80518
6,5.7928133
10,10.216974
9,9.006263
8,7.964243
10,10.188844
10,9.845729
6,6.0333347
11,10.938045
5,4.8683667
12,11.922197
10,10.19182
3,3.0381522
11,11.041531
14,13.921107
6,6.019951
11,11.046759
5,4.9988723
16,15.920879
7,6.929976
9,9.228544
16,16.048025
18,18.265524
10,9.897078
10,9.997886
11,10.917098
7,7.383016
9,9.009161
6,6.061004
12,11.7911005
11,11.000271
16,16.198723
7,7.0346537
16,16.024761
8,7.912568
4,4.23577
15,15.071672
10,10.024144
14,13.733507
7,7.0978312
12,12.182656
10,10.180176
13,12.8935795
14,14.086286
11,11.124151
10,9.834324
11,11.028954
14,14.006443
6,5.9267063
11,10.967211
8,8.03057
9,9.010053
12,11.818598
7,6.808777
6,5.9510875
7,6.9677854
10,9.989242
10,9.904755
18,17.763918
16,16.196964
16,16.060982
4,4.0286136
9,8.872817
5,5.034122
14,13.872521
15,14.955788
10,9.982057
16,16.202688
11,10.818771
10,10.0012
9,8.936717
9,8.9767885
13,12.967742
12,11.989433
12,12.022239
10,9.951379
0,-0.14314862
14,14.108399
4,4.085692
8,8.133334
9,8.869972
13,13.181243
6,6.0980577
11,11.140717
12,11.911621
10,10.03666
14,14.033372
7,6.912129
10,9.986043
16,16.004766
5,5.108085
11,11.002684
9,8.9511175
16,15.988394
14,13.894358
14,14.007562
5,5.0505157
13,13.198296
5,4.9510016
5,4.744647
6,5.8558035
6,5.916483
14,14.021764
5,4.8534813
12,12.035836
15,14.856611
9,8.663277
7,6.96786
9,8.832591
15,15.161044
11,11.277925
15,15.174342
8,8.030261
18,17.88939
8,7.916554
9,8.821735
10,10.0596285
13,12.983447
7,7.025543
11,10.865222
7,6.847608
6,5.93033
14,14.0134325
3,3.14043
19,19.058317
17,16.857685
11,11.07812
8,8.045638
4,4.106668
10,10.116813
12,11.928976
11,11.078776
8,8.033291
8,8.032928
13,12.819028
12,11.751981
11,10.872431
6,6.048201
15,15.006768
8,7.752539
10,10.123703
8,8.064431
6,6.0545936
8,8.003149
9,8.898447
13,12.852264
11,11.052871
16,16.016146
9,8.978821
12,12.169518
6,5.980498
8,8.064834
15,14.796019
15,14.801229
2,1.9993056
10,10.12618
6,6.076966
10,10.103788
6,5.917105
12,12.105238
10,10.11148
11,11.154133
10,10.136129
10,10.136129
12,11.8668585
12,12.160487
4,3.9580977
10,9.997173
6,6.0166817
9,8.875812
11,10.931636
8,7.9121075
12,11.922276
10,10.057345
12,12.137388
7,7.130103
8,7.792701
10,10.209889
6,6.055838
15,14.953688
18,17.93454
11,11.225841
2,2.0446796
10,10.080497
13,13.092983
11,10.987781
11,10.934213
12,11.81939
7,7.08094
13,12.951442
13,12.961638
12,12.001232
8,7.9633307
4,4.0406
6,5.996983
12,11.708842
4,3.8845055
11,10.919321
11,10.839053
6,6.1156697
9,9.039558
7,7.0615516
11,11.073833
13,12.97888
11,10.969722
11,10.890536
16,15.91482
9,9.032865
12,12.051211
10,10.11024
8,8.180855
7,7.2023816
14,13.885957
3,2.941875
8,7.956154
8,7.830467
9,9.417079
12,12.046207
11,11.095165
18,18.049065
10,9.971493
10,10.025612
16,15.993043
10,10.297208
18,18.01127
6,5.969171
9,8.941178
10,9.86603
6,6.063288
4,4.22481
7,7.057151
17,16.991737
11,10.9951515
5,5.113354
1,0.9608952
10,9.9264555
15,14.958271
13,13.052281
12,12.040299
9,8.892298
8,7.9540043
17,16.9634
5,5.109834
7,6.9281783
14,13.975862
10,10.190499
7,7.0373287
14,14.239489
7,7.2157855
12,11.983647
9,9.118272
4,4.2208133
11,10.955078
7,6.8742905
7,6.9667535
12,12.060833
9,9.149032
12,11.981648
10,10.06579
8,7.9537067
11,11.210486
10,10.200195
17,17.219284
10,9.935324
8,8.292577
7,7.1235166
13,12.855071
9,8.85657
5,4.9818735
16,16.052567
12,12.2144575
9,8.939216
9,9.229151
2,2.045705
9,8.968876
14,14.014881
11,11.009148
9,9.001839
5,5.045544
9,8.895256
13,13.019855
9,8.919058
5,5.251743
7,7.2163405
10,9.763026
5,5.2348456
9,8.777895
9,8.9851465
10,9.835598
16,15.911698
14,14.216694
14,14.034674
16,15.891626
10,9.998841
11,11.124118
7,6.8725395
6,6.0526047
7,6.8724737
2,1.7671098
11,10.954375
7,6.8724737
10,9.979913
7,6.9811773
10,10.164535
4,4.0680614
5,5.088491
22,22.013975
7,7.0467935
4,3.9751208
12,11.97782
14,14.009766
8,8.011301
15,14.979117
11,11.0091505
11,11.077928
18,17.755022
15,14.962244
11,11.000753
6,5.9563537
12,12.031708
17,16.997194
5,4.9788313
8,7.7986064
5,4.9417114
7,6.9494987
11,11.260038
12,12.060171
9,8.786232
13,12.964283
14,14.023337
14,13.792131
8,8.043617
8,8.141418
13,13.0172615
8,8.079018
11,11.09077
4,4.036632
6,6.100516
10,10.132993
5,5.3606653
10,9.984641
10,9.963297
11,10.991304
12,12.128648
10,10.148226
13,13.004411
9,8.943683
16,16.019533
12,12.064803
10,10.138963
11,11.07737
15,14.862274
10,10.119676
9,9.075671
6,6.0156612
10,9.991854
11,10.899847
8,7.923927
8,7.942186
13,13.004279
8,8.157439
12,11.89864
4,4.029893
11,11.055576
10,9.795052
10,10.3170185
4,4.00073
12,12.021125
4,4.0169926
15,15.184802
15,14.987951
3,2.8392673
9,8.979723
12,11.879217
13,13.030387
14,14.26655
9,8.982096
13,12.710718
5,5.0237393
12,11.979659
12,11.943281
4,3.8953288
15,15.013264
9,9.046142
8,8.007771
11,10.928418
9,8.980691
11,11.066111
12,12.061698
10,10.206227
12,11.798481
16,16.020489
2,2.0148826
8,7.9656897
8,7.9682293
9,9.000627
10,10.018239
12,12.004788
5,4.9474373
3,2.9573188
11,10.95736
7,6.996781
11,11.123805
15,15.2115135
15,15.014874
14,13.82794
9,8.887174
7,7.1127467
13,12.952272
4,4.0678177
10,9.973128
10,10.033463
6,6.133626
7,7.071008
7,6.7755184
11,10.967438
2,1.8831701
3,2.9478858
10,10.167034
12,11.834551
16,15.915253
11,11.00648
15,15.046986
7,7.120174
9,9.0798
5,4.916084
10,9.843122
10,9.974526
9,8.87659
0,0.029468276
1,0.91140217
9,9.00914
9,9.115756
12,11.754718
6,5.9291406
6,5.9530144
8,7.981868
13,13.046148
11,10.826864
9,8.935217
9,8.905101
7,7.1526556
11,11.164526
12,11.9567
12,12.1785
4,3.774871
12,12.10822
16,16.031748
14,13.946263
13,13.02378
13,13.197296
5,5.2918353
14,13.837829
6,6.0205855
9,8.906879
6,6.1832128
13,12.786913
17,17.002893
12,11.960859
5,5.115522
9,8.933006
19,19.15926
12,11.93169
9,8.86701
14,13.553068
11,10.90514
9,8.9863825
7,6.9706345
10,10.267979
10,9.8515625
7,7.0093985
16,15.995072
6,5.962275
10,10.210715
8,8.113623
7,6.973559
12,11.914981
13,12.760335
13,13.197296
15,15.053783
11,10.92013
6,6.0798492
10,10.226392
8,8.094115
13,12.974132
14,13.895466
1,0.90782195
12,11.961928
12,11.999258
6,6.041097
11,11.079138
8,8.136054
11,11.031328
10,9.990328
5,5.0784855
5,4.952263
8,8.136054
13,12.940018
10,10.013064
6,6.085133
6,6.0888667
11,10.929061
16,15.842927
11,10.873091
5,4.945351
7,7.0737805
11,11.15955
6,6.0123453
11,10.916293
9,8.970719
10,10.0001
10,9.9335165
12,11.998408
10,10.099338
6,5.9272804
7,6.941502
1,1.0379665
9,8.954484
12,11.9806185
13,12.982139
14,14.0020485
6,5.9433055
11,10.929353
15,15.186291
8,7.8652434
11,11.196694
3,2.7022078
9,9.140577
10,9.913064
10,9.961596
3,3.1963837
6,6.020015
9,8.939257
11,10.975449
11,10.904359
6,5.7591014
9,9.076753
5,5.0567436
15,14.894551
12,12.001973
14,13.980305
12,11.77798
7,6.9852767
14,13.945489
2,2.0172546
10,9.871008
12,11.977115
12,11.977115
10,10.382171
10,9.961955
16,15.980964
15,15.085332
17,17.073006
10,9.984899
10,10.087463
3,3.0189455
6,6.285283
6,5.6862617
10,10.052132
20,20.004908
11,10.972825
3,2.9715014
8,8.026049
2,2.1898308
10,9.913148
10,10.294658
9,9.025145
3,2.92454
7,6.951584
10,10.393508
11,11.106973
13,12.899536
10,9.866418
9,8.979311
15,14.877172
10,10.187633
17,17.093214
9,9.228099
11,11.105954
9,9.069108
10,9.979293
10,9.942175
15,14.969127
11,10.951954
11,10.833579
4,3.8459964
11,10.958125
15,14.937068
8,7.923927
10,10.039718
6,6.060129
7,6.939149
7,7.2364893
12,11.946595
16,16.022757
2,1.7054974
4,3.8297763
7,7.1210394
8,8.025187
16,15.873273
7,7.0120435
12,11.888298
10,10.250118
10,10.1696415
13,12.892103
12,12.033738
9,9.012325
9,9.033899
18,18.035275
11,11.1026125
14,14.353778
14,14.14129
10,10.002619
11,11.035053
6,5.9023137
9,8.967507
13,13.087509
14,13.85323
4,4.0988193
10,10.043507
12,12.037598
14,13.922691
6,6.239197
17,17.021603
10,10.117161
8,7.971879
13,12.95276
5,5.129908
7,7.0224457
8,8.043548
14,13.9703245
10,10.069799
10,9.835191
13,13.08092
14,13.919826
10,9.805772
17,17.115131
6,5.914433
10,10.005014
14,13.952345
6,6.425851
5,5.022869
15,15.1157675
10,10.065126
6,5.7620964
18,17.969988
12,12.093587
16,15.992913
5,4.803501
16,15.866755
13,12.928418
13,12.986468
13,13.014319
11,10.934217
18,18.057224
13,13.091131
18,18.179869
17,17.111526
11,11.113199
11,11.019252
11,10.763805
11,10.865474
11,10.778152
11,11.215811
12,11.837023
13,13.033519
15,14.989445
8,7.802175
14,13.978721
6,6.0687757
6,5.9309373
14,13.800174
11,11.104438
11,10.931724
4,3.9854763
13,13.234046
4,4.0335846
5,5.1135635
9,8.932567
3,3.1424778
12,12.046185
14,13.978406
10,10.283771
8,7.9759927
10,9.96434
15,14.964265
14,14.061683
9,8.89337
11,10.973236
10,9.999729
9,8.975946
9,9.01852
6,5.980425
12,12.0704775
17,16.913363
11,11.09533
13,13.051827
11,10.922236
10,10.005548
6,5.9060974
5,5.002768
7,7.0115304
13,13.021737
3,2.9199924
15,14.801989
13,12.847792
6,6.082322
7,7.1019964
7,6.965784
8,8.134691
14,14.063612
3,2.9418285
11,10.888807
12,12.05083
9,8.972754
9,8.940245
10,10.108628
7,6.8962474
10,9.941913
13,12.976251
5,4.9814897
10,9.923177
8,8.030566
11,11.047816
10,10.0083475
6,6.065929
10,10.07635
7,7.050366
7,6.9746523
6,6.1646686
18,17.930637
6,6.1013203
7,6.888137
11,10.885877
10,10.189743
10,9.966349
13,12.672086
12,12.275541
12,11.9925995
16,15.825252
12,11.986154
9,9.038806
8,8.052028
18,18.175426
10,9.977234
9,9.030432
14,13.856388
11,11.061977
15,15.021861
12,12.135993
10,9.933285
4,4.1831765
9,8.975709
3,2.8154633
9,8.981839
12,11.853224
18,18.116776
5,5.005088
7,6.9931846
7,6.8267217
3,3.0851
8,8.203226
18,18.01115
18,17.990454
6,6.0136824
9,9.0765085
10,9.9313545
0,0.022829933
13,12.988064
14,13.895462
16,16.261597
9,9.1449995
9,9.092927
6,6.0237556
10,10.120806
8,7.960948
11,11.011531
11,10.761597
9,8.917752
10,10.092387
10,9.959155
10,10.165431
4,4.0574837
7,6.9259195
10,10.147605
9,8.963133
12,11.73268
11,11.025169
12,11.834257
10,10.029874
13,12.817715
11,11.072254
12,11.9761715
13,13.273015
8,7.994806
15,14.851682
8,7.8535604
6,6.2402186
1,0.66750836
12,12.24031
14,13.858893
9,8.919058
10,10.077577
8,7.9301386
12,11.937209
11,10.897598
4,4.1242995
16,15.976751
10,9.901541
11,10.857775
14,13.844716
5,5.066984
13,13.122082
12,12.168775
6,6.0124717
11,10.966171
7,7.113666
15,15.043996
10,10.144744
8,7.9255505
7,6.987947
7,6.944325
14,13.73641
14,13.830277
16,16.052567
11,10.979024
8,8.117666
9,8.975329
12,11.937625
14,13.821756
10,9.835736
16,15.901695
12,11.988029
11,11.07336
10,9.862731
8,8.0868435
11,11.119339
12,11.874366
10,10.163064
11,10.960688
12,11.942027
17,17.089455
8,8.169813
14,13.988243
9,9.022794
19,18.9278
19,18.937754
15,15.009535
12,12.004888
5,4.9766154
16,15.724541
13,13.089103
9,9.007104
11,10.9605255
12,12.057549
5,5.0036407
8,7.867702
8,7.9283032
9,8.995822
7,7.21905
11,11.149387
10,10.192771
5,5.0905876
17,17.185741
12,11.912879
10,9.992133
9,8.952405
10,10.023524
15,14.978199
14,14.1897545
13,13.030086
14,13.967017
15,14.835657
3,2.94973
3,3.0586793
10,9.926058
9,9.079602
14,14.065474
5,5.183986
17,17.050098
7,6.9752316
8,7.801328
10,9.977668
6,6.0669627
5,5.0631595
12,12.083294
7,6.8831763
13,12.798345
7,6.811747
6,6.076965
14,14.113903
8,7.964955
10,10.209963
13,13.05227
7,6.9934726
4,3.975083
12,11.824299
15,15.026286
19,19.31147
2,2.0261838
13,13.0075445
9,8.93187
18,17.805748
7,7.0285187
7,7.114752
7,7.0093985
9,9.085476
6,5.8878856
12,11.807072
16,16.035873
4,4.0836287
8,8.030988
9,9.172809
10,9.747941
7,7.028114
16,16.042988
4,3.8601856
9,8.85657
9,8.857948
16,15.94782
13,13.134322
13,12.962232
7,6.8975163
12,11.860503
5,4.8972383
11,11.092659
9,9.057987
13,13.07732
8,7.9674115
15,14.841697
15,15.039109
6,6.1832128
2,2.051326
12,12.015002
9,9.089883
11,11.0639925
6,6.2155538
13,13.03919
7,7.208349
11,10.79335
14,13.839326
10,10.309525
4,3.9123034
17,17.23811
17,17.064123
4,4.068225
10,10.162836
12,11.871234
8,7.975483
16,15.921312
15,14.861357
6,6.044832
11,11.009253
9,8.990116
20,19.938967
14,13.905415
7,6.9839916
12,11.942532
12,11.94297
6,6.054459
11,11.178712
7,7.0203114
3,3.0616903
8,8.120812
12,11.786607
4,4.1274347
14,13.977921
3,2.8551555
13,12.911501
5,5.1294227
13,12.989128
12,11.937789
10,10.027699
13,12.670885
7,7.1187053
8,8.059247
14,14.0134325
14,13.845517
0,-0.13130921
14,13.923954
7,7.015679
6,5.9962435
12,12.027247
10,10.289651
13,13.048867
13,12.973241
8,8.018426
14,13.924633
7,7.0206385
14,13.969375
10,10.02419
10,9.98605
14,13.917032
8,7.929547
11,10.860635
16,15.989235
14,13.697978
1,0.89261705
11,10.632785
5,4.9983435
5,4.916084
8,7.878083
9,9.02206
12,11.874176
13,12.910577
8,7.878083
11,10.860284
6,6.0510283
7,6.9400296
13,13.071545
10,10.276896
9,8.862398
12,12.003533
14,14.046061
5,5.255065
14,13.939916
10,10.062387
8,8.098707
17,17.174606
11,11.001654
9,9.086427
9,9.015938
9,9.010583
8,8.062246
13,13.037249
6,6.1263247
8,8.023077
5,5.0260987
18,17.963167
7,6.969865
8,7.892617
14,14.135734
14,14.015698
14,14.13772
9,8.946753
13,13.084685
10,9.907842
9,8.919275
9,8.944328
9,9.030393
10,10.082446
6,5.755362
12,11.931232
14,13.905879
11,11.031694
7,6.9634175
19,19.271141
11,10.793556
6,6.2478733
10,9.977485
10,9.828182
19,18.868486
5,5.2995806
15,15.0536
1,0.9430113
11,11.023015
10,10.104693
14,13.975721
8,8.031429
6,5.981878
9,9.017124
9,8.965333
10,10.084452
7,7.057593
17,16.856588
7,6.909412
9,9.189154
17,16.997887
15,15.048819
17,16.765572
14,13.868268
6,5.8944464
10,10.199858
19,19.039179
11,11.074109
7,7.0821176
15,14.979505
11,11.153174
10,10.099338
10,10.010236
6,6.040609
14,13.839137
11,10.927903
4,4.27382
6,6.052894
6,6.009796
11,11.044884
7,6.991171
7,6.8724737
7,7.0220933
17,17.113428
15,15.042011
15,15.101419
15,15.007522
8,8.1071
8,8.293541
8,8.0138235
9,9.030188
11,10.940448
14,14.150925
9,9.419901
8,7.9503303
6,6.1376634
20,20.453289
13,13.074411
9,8.882304
11,10.943697
15,14.762252
12,12.051123
7,7.0824757
13,12.898273
2,1.8622645
14,13.800174
12,12.071179
11,11.27222
14,13.950604
11,11.017753
8,8.150169
12,11.819672
18,17.963057
20,19.577671
15,14.974233
9,9.021374
3,2.9780467
5,4.980351
19,18.886206
7,7.261458
10,9.99333
10,9.888564
11,10.963487
10,10.083475
10,10.083535
7,6.8874717
15,15.184802
4,3.926993
8,7.9743404
11,10.982987
4,4.108375
13,12.979475
10,10.227793
8,7.941487
10,10.089141
13,12.873975
14,13.779156
9,9.082816
9,8.959979
9,9.00948
14,14.024829
8,7.95586
14,14.0134325
6,6.1748466
14,14.265756
14,14.022607
9,9.02579
7,6.9128876
11,10.846655
10,10.040496
11,10.823291
13,12.726557
9,9.075758
16,15.969316
12,11.849907
5,5.0764084
11,10.780705
8,8.230111
7,7.080742
10,10.067842
10,9.99333
12,12.033218
6,5.9433055
7,6.9408417
11,11.019536
12,12.142626
14,13.936549
10,9.896976
3,3.140674
7,6.815239
7,7.1343484
11,10.823562
10,10.072323
10,10.1086
19,18.996834
3,2.8638701
6,6.0235434
11,11.105736
13,12.865321
9,9.015938
17,16.891266
9,8.946768
8,8.168402
5,4.980351
5,5.0103226
2,2.1154733
9,9.006155
17,17.198744
1,1.1267344
6,5.9433055
11,10.954585
18,17.876768
13,12.916243
11,11.100373
8,7.871978
14,14.215109
10,10.214277
10,10.191615
15,15.134536
11,10.864891
8,8.132715
10,10.049841
7,6.9179473
14,13.981588
7,7.002921
6,6.021023
11,11.024327
10,10.006371
12,12.037443
8,7.8404818
3,2.9677134
8,8.112977
8,7.905831
7,7.083549
16,15.904108
8,8.0465765
13,13.07075
18,17.89177
10,10.032999
9,9.132887
12,12.21183
6,6.268477
14,13.90905
19,19.22263
14,14.016817
11,11.207693
8,8.076634
11,10.9254875
11,10.992603
7,7.029232
17,17.317791
13,13.068774
7,6.98604
9,8.998509
9,8.922413
15,14.973621
11,11.012897
5,5.194834
14,13.956315
8,8.13731
14,13.899361
9,9.204324
11,11.206247
15,14.9410515
11,11.027561
5,5.0452623
2,1.759661
3,3.018752
14,13.969862
14,14.096157
17,17.119843
18,17.953016
5,4.9314246
13,12.776572
7,7.03405
8,7.8586836
12,11.907335
8,8.238226
19,18.96676
11,10.973611
10,10.148583
4,3.9178345
16,16.173388
6,6.1352887
10,9.939728
11,10.925573
14,13.892814
10,9.893234
4,4.1173697
14,13.999772
12,11.867432
7,6.918405
8,7.9501796
6,5.970358
8,8.069995
7,7.2037992
14,14.030267
6,5.909673
14,14.100374
9,9.04926
13,13.081978
14,14.064546
18,17.828485
10,10.144187
15,15.161878
10,10.16457
7,6.9673095
7,6.985908
10,10.107794
9,8.9549465
3,3.013646
4,4.0288
14,14.067703
7,6.921358
9,9.011716
6,5.7620964
5,4.965909
8,7.9583797
6,5.830571
1,1.06699
8,7.8805137
13,12.777329
14,13.975635
10,9.926426
10,9.926426
10,10.126389
8,7.7531157
16,16.263334
9,8.98199
11,10.939769
16,15.954695
11,10.994037
13,13.016616
5,4.832689
16,15.972121
7,7.045348
4,4.199075
15,15.044748
9,8.93187
17,16.884207
12,11.857437
5,5.0036407
14,13.858661
13,12.870366
15,15.004556
8,7.7531157
8,8.004626
7,6.907059
8,8.143144
15,14.981358
15,14.878839
6,6.0136523
18,18.068062
15,15.068527
12,12.193187
6,6.025269
11,11.093029
11,11.027394
5,5.013725
11,11.103291
11,10.892003
15,15.10444
13,12.981862
10,9.969301
7,7.02439
17,16.785318
15,15.034475
6,5.654044
9,9.012433
11,11.028127
8,7.905831
4,4.2641573
11,10.941553
10,10.032552
10,10.037808
11,10.957311
9,9.004842
10,9.966675
16,16.035086
11,10.982219
9,8.904209
6,6.0318456
11,10.875135
11,10.948351
1,0.8984597
13,12.973588
17,17.083506
4,4.233348
17,17.141474
14,13.840455
19,19.160196
5,5.0271335
12,11.951869
7,6.674407
11,11.108923
9,8.910038
6,6.0980577
10,9.966574
10,9.905666
13,12.812648
12,11.733214
14,14.050389
14,13.750418
7,6.7986593
5,5.3329186
8,8.074465
12,11.996864
13,12.84396
8,8.187283
10,9.979222
5,5.0146313
10,10.149285
13,12.813631
8,8.116135
7,7.1045413
11,10.942158
15,14.858989
15,14.693337
8,7.983161
8,7.9296865
12,11.796478
10,9.943392
10,10.0978
10,9.967656
5,5.0365944
8,8.022268
10,9.826382
12,11.846585
11,11.050182
11,10.855842
7,6.9319468
9,9.024226
9,9.080938
10,10.128147
7,7.235352
6,5.85437
1,1.0695912
15,14.859667
9,8.942782
11,11.076336
13,12.8820095
16,15.819378
7,6.8144403
10,10.0288315
11,10.9252405
18,17.932327
11,10.92282
11,11.216144
4,3.9643478
12,11.861719
10,10.105901
8,7.891021
8,7.9264784
13,12.770481
13,12.811001
12,12.081084
10,10.056815
6,6.2825184
13,12.955421
10,9.912921
11,11.011219
8,7.9362264
11,11.002506
12,11.964519
14,14.002377
9,9.022101
13,13.127384
11,11.155965
13,13.049447
11,11.083774
11,11.118599
20,20.40222
10,10.04401
7,6.8347187
10,10.139986
9,8.947483
7,7.0239186
13,12.790682
15,14.758091
9,8.97724
11,10.934278
11,11.058005
13,13.10171
10,10.1720705
6,6.0402493
15,15.172268
15,15.171495
4,4.006784
10,10.061847
8,7.9310627
5,4.9608636
9,9.024838
5,5.1488347
12,12.088681
15,14.896396
9,9.053957
4,4.106668
13,12.78685
6,6.112348
9,9.010055
11,10.867323
9,9.0312605
7,7.0281587
11,10.933679
12,11.84927
6,5.9530144
8,8.11617
9,9.110298
13,12.678139
11,11.224627
8,8.0112295
13,12.899536
4,3.9424644
9,9.086049
12,11.79106
2,1.8187135
11,10.990148
12,11.994356
11,10.843258
3,3.14132
12,12.081524
5,5.0291834
11,10.920547
11,11.051474
4,3.8329473
10,10.011058
10,10.069799
6,5.910205
1,0.9067038
11,10.93585
6,6.0429416
15,15.0349455
12,12.012192
10,10.01999
10,10.083335
5,5.0125937
4,3.9009204
17,17.032513
5,5.052953
5,5.0346036
13,13.000977
11,11.052944
11,11.047727
7,7.0592246
12,12.152945
17,16.931114
13,12.981242
2,2.1498978
16,15.859187
11,11.03852
9,9.039604
6,6.020015
15,14.901864
10,10.065676
17,17.056034
13,12.956793
14,14.055042
9,8.944328
10,10.040403
9,8.923461
16,15.81579
10,10.29768
11,10.931936
12,12.133793
9,9.001377
9,9.187489
16,16.111645
16,15.868092
10,10.027927
5,4.8752394
12,12.116303
13,13.058142
11,11.041531
14,14.053826
1,0.7007419
10,9.971756
13,12.91792
3,3.199165
11,11.273062
9,8.971131
8,7.9883833
13,13.058142
9,9.09531
11,10.868292
16,16.053104
2,2.0011075
3,2.9293947
10,9.919164
9,8.942433
9,9.140838
6,6.099879
2,1.97305
8,8.190972
8,7.948929
16,16.090483
12,12.051778
12,11.915703
9,9.009876
9,8.864468
9,8.895787
9,8.9934
13,13.035031
11,11.064538
10,10.179059
11,11.004497
12,11.988326
12,12.030847
8,8.0115
14,13.925375
10,9.9890585
9,8.845166
1,0.7072736
8,7.97189
10,10.188857
8,8.158135
9,9.0618515
7,6.9284434
10,10.024707
10,10.079531
15,14.950684
14,14.0456505
9,9.100371
7,6.9221845
10,9.92331
14,14.025635
8,7.937551
17,16.88402
5,4.9889894
0,-0.1245534
17,16.83612
7,6.949845
19,19.040636
12,12.082179
6,6.009352
11,10.962739
6,6.059612
5,4.9683695
12,12.078376
15,15.07032
10,9.860889
10,9.861402
13,13.244026
6,5.7761636
5,5.1144834
8,7.874135
9,8.874901
14,13.842
11,11.038978
10,10.134634
2,1.9883639
5,5.03456
15,15.005453
7,6.9238563
9,9.070155
8,8.016906
15,15.0782
10,10.04643
10,10.200077
11,11.129774
10,9.799812
11,11.013921
11,11.001054
8,7.9528823
5,4.940811
12,11.981896
12,11.893969
12,12.061291
6,5.993891
4,4.1226087
11,10.85853
15,15.003962
13,12.946569
6,6.13308
20,19.979506
13,13.040518
8,7.8652954
5,5.0502434
12,11.979666
11,10.837821
10,10.212722
11,11.144465
8,7.847341
12,11.945676
6,5.9537477
19,19.06749
5,4.926858
11,10.98608
10,9.973394
16,16.056292
9,8.823782
7,6.92628
11,11.095604
19,19.232718
17,16.837498
12,11.879179
19,18.889347
6,6.1001644
8,8.118657
11,11.034769
10,9.965115
15,15.040602
9,8.890054
11,11.061297
3,2.844159
11,11.060937
8,8.218044
3,2.9691901
3,3.0586793
9,9.057314
8,7.928356
19,19.073826
18,17.946194
8,8.10787
11,10.834378
7,6.9392276
3,2.8154633
13,12.84295
10,9.916114
8,7.862078
10,9.860773
10,9.85972
9,9.144588
1,0.8228579
9,9.045785
11,11.070338
4,3.9518933
6,6.066247
11,11.210428
8,7.8058815
13,12.9422865
16,15.859187
17,17.018288
5,5.1004624
4,4.221744
8,8.050551
10,10.196845
11,10.927586
18,17.86977
9,9.066218
11,10.9608555
9,8.87457
8,8.148389
11,10.9605255
5,5.00381
11,11.012693
19,18.930527
11,11.012644
10,10.191928
8,7.963321
13,13.0223875
9,8.951983
11,11.144218
8,7.6899467
10,10.06082
10,10.075839
10,10.1324415
10,10.079794
12,11.886987
3,3.2130327
18,18.065083
9,8.974605
11,11.046404
10,10.067366
6,6.0113454
10,9.969226
20,20.017723
8,7.9843416
10,9.983484
14,13.759591
4,3.9943278
15,14.977047
6,6.2502384
19,19.083458
8,7.964955
10,10.133423
7,6.9628468
19,19.085331
5,5.002802
8,8.116135
11,10.877897
15,14.779301
16,16.082277
11,10.929061
11,10.929061
12,11.994452
17,17.057102
10,9.86242
7,7.1510396
15,15.12956
14,14.053345
7,7.0720105
18,18.112432
7,7.031409
7,6.9276447
7,7.0320992
11,10.9455185
3,3.2326605
10,10.013484
8,7.933191
13,12.939856
6,5.962277
8,8.103932
11,11.066893
7,6.9880548
6,6.0250387
11,11.053689
6,5.949051
14,13.885751
14,14.108603
11,10.927986
12,12.206231
10,10.004166
8,7.9645066
12,12.023007
16,16.14454
8,8.047087
14,14.1950035
14,13.882201
9,9.002845
5,4.7872562
9,8.97472
6,6.0616765
6,5.8775854
9,9.011576
12,11.936627
10,10.158797
10,10.20345
12,11.975735
8,7.891903
7,7.0504336
22,21.852669
3,3.1529377
13,13.0374565
9,9.038006
7,7.0624146
7,7.1877546
17,16.987879
15,14.914335
12,11.886429
10,10.110559
15,14.969116
14,14.001014
7,6.7742715
9,9.049106
5,4.929229
11,11.076679
21,21.226095
11,10.944022
10,10.064312
14,13.997157
14,14.108399
8,8.141249
13,12.786783
6,6.1398125
10,9.789879
8,7.7647395
13,13.041533
11,10.94295
7,7.043665
7,7.0405493
10,9.859949
14,14.020476
7,6.9665313
6,6.078327
12,12.000193
9,8.910038
8,8.027133
8,7.9588985
11,11.059144
14,14.027651
14,13.92187
9,8.947033
1,0.90575796
4,3.8785174
11,11.113591
7,6.9833126
15,15.022599
11,10.959585
17,17.148476
4,3.9321415
12,12.059903
8,8.00008
15,14.953688
12,12.079219
10,10.112307
10,10.076496
10,10.099388
8,8.053724
5,5.4251556
19,18.847992
12,11.998711
10,9.835598
8,7.9219427
9,8.964265
0,0.06515481
5,5.40563
6,5.958597
9,8.959724
14,13.968685
8,8.100943
10,10.0917
9,8.964033
10,9.966708
12,12.101343
18,18.027466
8,8.016111
6,6.102
12,11.951396
18,17.961187
11,11.053852
10,10.10778
13,13.080177
11,11.016506
4,4.3649445
11,11.05388
8,7.9633307
11,10.870663
12,11.840269
6,6.059299
6,6.104643
10,10.008631
8,8.050912
4,3.8329473
14,14.010308
13,12.721957
10,10.105856
10,10.212287
10,9.994477
3,2.7821524
5,4.9443884
9,9.058832
3,2.9227617
12,11.8680105
11,10.722798
15,15.070081
13,13.006958
6,5.9433045
11,11.028073
11,10.99015
12,12.143524
12,11.915449
15,14.8428135
8,7.878083
6,5.9898486
5,4.9983435
13,12.868603
14,13.945694
10,9.949973
6,5.993814
17,17.089455
16,16.004766
1,1.1961458
7,7.1446323
7,7.099328
10,10.132186
9,9.063786
5,4.915985
6,5.9466777
8,7.941172
8,8.043811
8,8.024336
7,7.009275
7,7.1549597
9,8.885918
9,8.989718
17,17.028494
13,13.130165
7,7.129572
19,18.9844
11,10.967092
10,9.948758
16,16.167807
14,13.897381
10,10.000146
1,1.0068702
5,5.0271854
6,6.10795
11,11.053186
18,18.18845
11,10.928798
11,10.958231
18,18.121513
7,6.9796863
2,2.0502799
9,8.869282
8,8.079711
14,14.080895
10,9.763613
8,7.937454
3,2.8357193
14,14.022401
9,8.883093
17,17.038649
5,4.980148
16,16.099104
9,8.956174
11,11.192887
7,6.804748
5,5.2046423
16,15.877145
17,16.99757
13,12.973231
8,7.964243
12,11.994328
10,10.255069
4,4.0270114
12,12.144149
13,13.079317
7,6.8874717
14,13.905415
9,8.841952
16,16.092926
10,10.104724
11,11.092043
11,11.198588
8,7.9762716
6,5.957697
8,8.182666
14,13.9066305
10,10.054907
9,9.093774
9,8.802506
9,8.874378
17,16.912151
14,13.978281
19,19.121773
12,11.9378
11,10.928798
12,11.895478
4,3.9946983
9,9.078104
8,7.796141
6,6.064622
14,14.115118
8,7.8878264
17,16.941994
15,14.932863
10,10.262553
16,16.08699
12,11.962178
16,16.089537
10,9.99671
10,10.228326
4,3.8594224
11,11.161286
12,12.025628
7,6.722842
18,17.909693
17,16.993065
17,16.949621
8,7.937631
13,12.78469
10,10.167321
10,9.997959
8,8.034655
10,9.9313545
11,11.035407
11,11.034455
9,8.953454
11,11.055923
10,9.8351345
10,9.93371
7,6.7765384
7,6.880376
16,15.963952
12,11.968976
12,11.947952
6,6.035525
12,11.998945
6,6.036656
19,19.233332
12,12.023714
7,7.172913
17,17.055416
17,17.077948
16,16.076801
9,8.935488
8,8.021339
15,15.058729
16,16.141603
9,9.031962
14,14.016342
15,14.955888
15,14.9655
8,7.8910165
5,4.8732142
7,6.937299
8,7.907456
13,13.029162
12,12.04489
8,7.9831066
6,5.919695
12,11.762506
15,15.136886
8,8.0701685
2,1.7652705
11,11.087197
9,8.954215
8,8.033025
12,11.96929
9,9.081514
1,1.0112392
4,3.9104106
9,9.100544
11,10.99273
15,15.029936
14,14.153174
15,14.957929
5,5.0325446
6,6.2181406
7,7.0792284
15,15.120288
8,8.043617
18,18.099726
17,17.049904
10,10.021186
13,13.150919
8,8.293541
17,17.072027
5,4.9434886
11,11.1909075
15,14.9621725
9,9.016245
9,8.949677
12,12.014342
10,9.958652
14,13.823777
10,10.009673
9,9.069638
10,10.224744
14,14.034105
9,9.169323
9,8.794458
8,8.033847
14,13.965834
18,18.363752
10,10.288267
13,13.022775
11,11.034819
8,7.928501
4,3.906277
6,6.041097
4,4.152146
9,9.192219
11,11.093499
8,7.9834723
12,11.990648
11,11.142948
14,14.006944
15,14.892004
13,12.7572975
13,12.923077
6,5.9312124
7,6.8128767
9,8.920561
13,12.974095
9,8.95237
5,5.085998
8,7.96271
13,13.127839
12,11.867964
18,17.822144
16,16.165638
7,6.9562893
4,3.9847052
3,3.3425748
17,16.953697
18,18.06408
15,15.065844
5,4.9123616
6,6.066474
18,18.09928
2,1.958807
6,6.0349817
11,11.102596
11,10.958858
13,13.058142
7,7.0247045
11,10.868693
15,15.096931
8,7.837688
1,1.0486552
11,10.61674
10,10.055528
9,8.952554
14,14.043469
10,9.808331
11,11.186975
9,9.1380415
7,6.969865
5,5.006914
10,10.189781
8,7.9181924
10,10.191615
15,15.009381
12,12.065405
15,15.152338
10,10.1407385
11,10.941808
13,12.840148
8,7.9729204
11,11.097426
5,4.984224
13,12.873771
9,8.969416
7,6.944496
10,9.885446
7,7.0821176
1,0.894953
9,8.975942
17,17.051342
7,7.0061307
12,11.890404
7,7.057593
9,8.8700485
12,12.01377
4,3.906277
14,13.97109
8,7.916438
14,14.145954
6,6.095915
12,11.879437
13,12.996093
9,8.815592
8,7.918936
8,8.044666
4,4.0926266
14,13.893205
14,13.571496
14,13.814628
12,12.138675
11,10.9254875
4,4.009986
9,8.822445
11,11.230479
14,14.006606
3,3.3619215
12,11.965192
14,13.747893
11,11.029618
11,10.885877
12,11.916461
11,11.161711
1,1.0496994
1,0.94350326
11,10.885877
3,2.750064
8,8.030216
3,2.869775
10,10.046597
10,10.196195
8,7.9392824
8,7.8930855
11,11.112209
10,9.9566345
8,8.182666
12,12.006655
8,8.00013
13,13.03932
18,17.864597
9,9.003964
11,10.881295
13,13.222894
11,10.969386
7,7.021813
14,14.124327
16,15.782278
15,15.01764
11,11.154676
15,14.9725485
8,8.052703
14,13.976227
11,10.965421
8,7.9936557
11,10.967125
7,6.8990045
10,10.118377
6,5.724668
16,15.976352
14,14.004824
10,9.968114
18,18.008938
19,18.934486
12,11.866861
8,8.034078
11,10.932314
11,11.026788
8,8.1731
10,10.0121975
16,16.241196
8,7.9936557
11,11.02483
10,10.044314
17,16.98034
17,16.883177
17,17.056034
18,17.909992
14,14.109085
8,7.866801
6,5.951246
10,9.925895
14,13.85323
9,9.007066
8,7.9554586
4,4.1691403
9,8.772185
10,10.008336
14,13.769418
10,10.104546
4,3.987495
10,10.116199
10,10.050306
10,9.881882
9,8.869282
8,8.062542
8,8.206855
11,10.955861
11,11.019387
14,13.962839
16,16.085527
10,10.060521
14,13.855074
11,10.97252
5,4.893462
7,7.075096
14,14.092424
11,11.254439
9,8.929993
1,1.0356439
10,9.932914
5,5.0956116
12,11.703003
11,10.972943
10,10.054923
4,4.291116
8,7.7165227
11,11.127575
11,11.025758
14,13.974027
10,10.054907
14,13.848352
11,11.078379
12,12.081095
9,8.96808
4,4.057806
14,13.99781
5,4.992607
9,9.019607
10,9.936601
8,7.918449
11,10.987332
8,7.948121
5,4.980351
8,8.001907
8,8.048474
10,9.879458
11,11.042076
10,10.011201
9,8.967967
11,11.117529
11,10.940749
14,13.947256
13,12.830453
14,14.017963
13,13.011403
1,0.9189955
9,8.993051
5,4.9693036
8,7.940435
15,15.170055
11,11.20605
10,9.958236
8,7.8613153
11,11.178353
13,12.97329
13,13.109413
4,4.0644026
11,11.033735
4,4.0370927
5,4.9107704
16,15.920879
2,1.7121263
8,7.8600373
15,15.166277
6,6.2215786
3,2.875037
16,15.842927
7,6.9415555
8,8.005233
6,5.9179244
10,10.116329
9,9.046702
4,3.9404204
4,3.8426929
5,5.1333914
5,4.878831
13,13.003942
9,9.121798
10,9.952613
10,9.971541
14,13.820948
9,9.093774
9,8.908421
2,2.0124023
7,7.022
11,10.972915
8,8.166634
12,11.994964
19,19.082224
6,6.0337324
9,9.070708
9,9.189453
7,7.1012125
11,11.127951
10,10.010134
16,16.009424
8,8.009657
9,9.027999
10,10.008009
7,7.0624146
10,10.068254
11,11.026716
16,16.018469
5,5.0125937
10,9.913268
13,13.12474
8,8.310979
13,13.028894
10,9.82017
12,12.224558
4,3.876964
9,8.9923525
9,8.730494
10,10.043507
10,9.806467
3,3.1892314
8,8.07473
18,17.969486
14,13.872913
15,15.06346
12,12.172942
11,11.192848
8,8.02276
3,2.89616
16,16.044516
15,15.011538
9,8.929402
16,15.91695
12,12.128849
7,6.9734807
7,7.0328755
11,10.803113
10,10.0435915
8,7.9118176
8,8.005348
14,13.980954
14,14.061517
13,12.9564
7,6.9677854
9,8.945362
8,7.860418
13,12.98295
12,12.030847
9,8.953279
10,9.946492
10,9.946492
10,10.050011
8,7.9334764
9,9.076148
11,11.005926
9,8.966715
8,7.8946114
7,6.8412375
13,13.127553
5,5.0238714
16,15.846853
11,11.173059
15,15.017336
14,14.139985
4,4.005177
16,15.99251
6,6.0584536
6,5.966915
8,7.8007
8,7.9319644
7,6.9679127
9,9.053436
14,14.089206
14,13.942782
12,11.959298
8,7.9821334
10,10.213683
13,12.786378
14,13.8910475
12,11.8401375
8,7.983674
5,4.9160337
9,9.011248
5,5.0953865
9,8.980051
11,11.042007
12,12.018868
12,12.005126
12,12.037279
12,12.099629
13,12.827879
2,2.0028174
15,14.832909
15,14.84088
13,12.974056
2,1.97305
3,2.9929655
13,12.9533615
11,11.122982
6,5.846809
11,11.204129
8,8.016486
13,12.947247
5,5.172933
11,11.138992
13,12.924217
12,11.98927
5,5.1210475
6,6.1964855
9,8.809292
10,10.170543
1,0.7225625
11,11.065968
8,8.004398
5,4.9034634
8,8.051909
12,12.034837
12,11.917992
14,13.936742
8,7.788268
12,12.026357
11,10.881785
11,11.100437
11,11.020201
12,12.206231
17,17.038242
12,12.026253
10,10.138775
6,5.9095926
7,7.0012956
11,10.903748
10,10.255919
8,8.246651
8,8.01727
14,14.027505
10,9.896039
7,6.93204
5,4.758453
12,11.870176
8,8.033896
10,10.083234
13,12.947247
10,10.031131
17,17.041367
2,1.9533823
14,13.914945
7,6.997977
8,7.9580836
13,12.896115
13,12.975801
7,6.8146057
14,13.820258
7,6.809159
11,10.98123
2,2.0446796
2,1.9244623
12,12.201641
8,7.9528823
10,10.154811
11,10.903748
4,4.055294
11,10.830164
11,11.065239
6,5.9309373
9,8.941178
10,9.825832
13,12.866267
13,13.127118
6,6.6175137
4,4.128558
5,4.87163
11,11.130952
5,5.0766315
13,12.9850235
9,8.860656
15,14.964936
13,12.975658
18,17.763918
3,3.140674
4,4.0533686
20,20.045395
11,11.095165
6,5.8299284
10,10.089141
14,14.082394
5,4.982222
9,8.947629
8,7.956204
13,12.829121
14,13.9629135
14,13.963738
5,4.9927263
13,12.864669
1,1.0811514
9,8.974065
15,14.937761
14,13.805298
20,20.005661
7,7.05398
9,8.943527
12,11.739458
10,10.12092
9,8.880907
3,3.0747447
13,13.051344
13,12.877007
9,8.920343
11,11.064273
8,7.938952
5,4.9193053
19,18.87667
10,10.064938
10,10.18358
11,11.051391
10,9.938364
16,15.9689665
14,13.979473
11,11.080268
11,11.05635
11,11.01071
13,13.0833
10,10.067685
11,10.954375
11,11.046756
13,12.803432
5,5.068937
11,10.958475
12,11.884792
11,10.886782
16,16.132952
6,5.8711634
10,9.91924
13,12.786944
15,15.227178
9,9.013829
13,13.021236
11,11.2046585
6,6.0245585
13,13.080469
13,13.224516
10,10.003952
6,6.079847
14,14.045093
1,0.9348467
10,10.072812
11,11.012486
15,15.036755
17,17.139229
13,12.721957
14,13.81726
17,17.02622
11,10.943251
13,13.171978
5,5.028521
11,10.906671
3,3.162077
14,13.625982
11,11.050154
11,11.043417
9,8.798109
6,6.015206
11,11.228741
6,6.0459304
6,6.009796
6,5.989164
10,10.023725
11,10.934602
12,11.993583
13,13.002473
10,9.911024
14,13.886215
11,11.014053
10,10.044365
10,10.041339
9,9.039661
15,15.147033
9,9.093584
12,12.135138
15,15.147033
11,11.214935
14,14.176307
10,10.052666
3,3.1738558
11,11.149011
11,11.149011
13,12.9748955
14,13.777668
18,17.966875
15,14.963767
9,9.055983
11,10.983925
7,6.9467397
16,15.973645
16,16.08998
3,2.7597945
17,16.926228
7,6.702352
5,5.1097198
11,11.034819
11,10.931982
10,9.926723
16,15.997613
16,16.037823
16,16.08944
0,0.03200192
12,12.127494
3,2.9480057
12,12.045275
12,11.998508
8,8.162339
12,12.056124
10,9.8949375
6,6.008407
11,11.090042
7,6.968448
1,0.9162581
12,12.048535
14,14.060211
6,6.105181
2,2.1487374
12,12.026964
14,14.022358
13,13.099048
10,9.863601
9,9.039558
4,3.975083
10,9.938899
14,13.892198
15,15.013264
14,13.9293785
11,10.956797
7,6.9959984
3,2.8696508
9,8.974449
10,10.222497
10,10.170444
10,10.017587
8,7.913608
10,10.267156
3,3.2365973
12,11.998438
13,13.094534
13,13.004952
14,14.210032
10,9.8474045
10,9.8474045
8,8.021616
15,15.031191
5,5.2388353
13,12.978966
10,10.084005
16,16.035086
12,12.004667
5,5.0985856
1,1.1129624
6,6.1398125
12,11.953446
11,11.077498
13,12.961711
10,9.935566
11,10.904009
15,15.018865
14,13.857941
8,7.924763
10,10.099178
5,5.11881
10,10.076351
3,3.1397777
13,12.8277
12,12.023095
8,7.9691257
9,8.802752
8,7.9975705
15,14.944923
7,6.877574
6,6.0541267
11,10.996961
4,3.9366012
2,2.0880394
9,8.954484
7,6.9379854
9,8.986104
9,8.903514
8,7.9531527
12,12.04237
13,12.990451
9,8.924703
6,5.920911
11,11.033229
1,0.69896686
9,8.904129
11,11.076869
5,4.82469
11,11.0419235
9,9.064062
12,11.906524
17,16.878744
7,7.0241346
9,8.845447
9,8.970519
7,7.028095
19,19.209099
16,16.000864
10,9.797607
10,10.063658
10,10.3170185
14,13.871252
16,15.897195
14,14.109161
12,11.981822
13,13.017646
10,10.091215
7,7.0461707
14,14.080264
8,8.051955
7,7.026686
8,8.062424
14,13.932993
13,12.985476
10,10.182566
10,10.22348
7,6.942403
11,10.939857
10,10.0388565
12,11.981822
8,7.925762
11,11.054798
9,8.875133
8,8.146857
10,9.889429
10,10.104665
13,12.774998
9,9.138059
8,8.03186
10,9.969281
2,1.9852616
15,15.0416155
9,9.143049
14,13.903161
18,17.91173
10,10.132119
10,10.314783
10,10.052331
10,10.219296
7,6.9703875
11,10.899308
10,9.995156
17,16.994717
13,12.86574
3,2.7730124
1,1.1116526
9,8.880417
9,9.190143
10,10.09946
9,8.911517
12,12.022667
10,10.12618
9,9.0573225
18,17.883837
10,10.182191
10,9.883609
8,7.8823533
12,12.028948
11,11.070153
14,13.972895
10,9.929528
4,4.138214
8,8.023432
8,8.041844
8,7.983161
12,11.920479
13,13.1501045
9,9.07467
9,9.014622
6,6.205006
6,6.0079055
10,10.022062
11,10.904651
8,7.9682293
15,15.014834
16,16.051977
15,14.973637
12,12.0916395
9,9.130765
12,11.862112
13,13.038696
12,12.049816
10,9.920676
3,2.8767655
8,8.145691
11,11.111804
8,7.948826
8,7.988288
12,12.016095
14,14.068451
15,15.129782
7,7.0822506
19,18.978878
15,14.863659
8,7.8798747
8,8.064656
8,7.802152
2,1.9956381
10,9.908932
4,4.27382
10,9.908013
6,5.878118
4,4.184926
4,4.0270457
7,6.9173784
8,8.05393
4,4.2256737
14,13.772764
12,12.049872
9,8.888745
8,8.404859
9,8.947314
6,5.9060974
4,3.9127297
8,7.9331946
11,11.138114
11,10.934554
16,15.928692
12,11.999517
12,11.967198
2,2.0598836
11,10.915048
4,4.0490932
11,11.002151
10,10.067617
15,15.089449
8,7.8901305
12,11.953093
13,12.943394
13,13.004438
20,20.40222
15,15.083527
3,2.9552965
9,8.892559
10,9.862723
10,10.138963
7,7.01981
11,10.959686
14,13.917008
11,11.1105
16,16.172224
9,8.953461
12,11.916014
15,15.002066
12,11.998298
14,13.953262
13,12.885193
10,10.011028
13,12.999693
15,15.4350395
15,14.994417
18,17.887674
14,13.869684
15,15.018306
7,7.004619
12,12.276986
12,12.04946
16,16.17185
10,10.084033
10,9.923177
13,12.803432
7,7.0189304
12,11.853224
13,13.090892
9,8.966322
11,10.923276
11,11.05071
8,8.085421
7,7.0455003
12,11.980244
8,7.9250727
9,9.075228
14,13.9703245
6,5.8288627
8,7.939711
3,3.025749
9,8.959798
13,12.897518
8,8.043548
11,10.919533
11,11.060966
14,14.017178
11,10.869522
17,17.22081
6,6.0229673
9,9.052139
10,10.240911
12,12.108334
6,6.1065464
11,10.7809305
7,7.091889
11,11.094444
2,2.2004142
10,10.000893
7,6.8962474
15,14.670928
10,10.099798
9,8.920343
10,9.866598
7,7.035684
17,17.13984
8,8.020048
8,8.238226
7,7.0039673
17,16.891266
3,3.0747447
3,3.0747447
7,6.962874
8,7.941099
7,6.989407
11,11.25973
10,10.001405
8,7.995218
9,8.990965
4,3.886099
12,12.093587
11,10.986255
11,11.013921
5,5.0341287
10,10.050011
11,10.69873
4,3.8029134
9,8.963343
8,7.983666
11,10.911278
10,10.050011
5,5.3137484
12,11.952671
12,11.998408
3,3.103905
12,11.9793415
6,6.3230605
8,7.9026475
11,10.914517
10,10.199178
9,8.990116
8,8.063789
15,15.122082
12,12.113554
9,8.983964
9,8.807397
3,2.8044577
9,8.96437
13,13.011921
5,5.0037065
11,10.984718
11,10.996659
13,12.932166
2,2.0446796
11,10.982219
8,7.95221
14,13.841254
10,9.938646
10,9.939018
10,10.092387
10,9.960426
2,1.9394808
15,15.389873
8,7.9557586
11,11.1030245
17,16.978493
14,13.977868
6,6.0525475
8,7.877039
12,11.913686
0,-0.13867618
14,14.052768
9,9.020801
19,18.768667
14,13.904275
9,8.859021
10,10.030669
10,10.084479
6,6.0638337
8,7.994151
15,15.12995
5,5.018419
12,12.143524
14,14.186095
17,16.904438
12,12.033213
12,11.847672
12,11.900266
20,20.126278
9,8.786556
6,6.089988
15,15.036874
5,5.285965
16,16.14544
13,13.037024
5,4.9394984
11,11.03324
13,13.16702
19,18.946087
13,13.124484
10,9.981988
8,8.102811
5,4.96964
12,11.8866005
10,9.901754
15,15.008262
8,7.9807
10,10.070948
6,6.012382
12,11.862833
12,11.877881
12,11.688128
12,12.002348
11,10.919772
5,4.7593064
12,11.872765
8,8.059519
12,11.849205
4,4.0518317
11,11.123682
7,6.999632
2,1.9632225
4,4.04204
14,13.982209
5,5.3137484
16,16.020609
6,5.9758143
20,20.126278
5,4.9426217
5,5.083506
9,8.992556
12,11.751981
12,11.880744
12,12.005339
9,8.904472
14,13.918823
1,0.9348467
13,13.037249
7,7.018255
9,8.9942665
11,11.135585
13,12.974039
16,16.013916
13,13.028467
12,11.90104
12,12.099586
12,11.808239
6,6.1060743
19,18.915071
8,8.07959
11,10.920538
12,11.834948
8,7.9610267
7,7.00203
7,7.1045413
13,13.074543
11,10.903241
13,12.898008
10,9.95301
13,13.090488
8,8.084667
16,15.941565
13,12.901974
11,10.953189
11,10.7861395
12,12.224558
7,6.96609
15,14.966361
14,13.894582
8,8.028608
7,7.057112
12,11.889562
1,1.0166683
14,14.01395
11,10.937702
8,7.927434
6,6.100814
11,11.009564
20,19.888943
11,10.902928
7,6.938751
8,8.00492
14,14.074474
7,7.022037
16,15.958554
10,9.969006
7,6.912061
19,19.197943
17,17.120476
8,7.916812
6,6.000692
13,12.894152
15,15.056075
11,10.926025
5,5.092911
15,15.341891
18,17.7429
6,5.85533
17,17.121216
18,17.944727
10,9.9547205
14,14.051454
11,10.936886
5,5.0209217
5,4.8743544
5,5.0194044
5,5.0217075
5,5.0116124
9,8.919647
0,0.03200192
13,13.205503
12,12.039048
11,10.95488
13,12.796711
10,10.11257
13,13.093955
7,6.983072
8,7.97354
7,7.0061307
10,10.08026
7,7.0061307
8,7.9719443
10,9.903321
8,7.8711534
9,8.971471
2,1.6947429
8,7.9888306
12,11.936244
10,10.162987
3,2.942879
12,12.171814
8,8.037268
8,8.0139265
14,14.154115
9,8.979551
11,11.060124
0,0.040632706
11,10.933218
10,10.021228
10,10.180226
9,9.1554365
5,4.9766154
5,4.8683667
10,9.839698
9,8.960219
14,13.825171
6,6.1175857
9,8.980118
15,14.987225
12,12.060845
8,8.114896
11,10.971468
3,3.1339152
8,7.976454
12,12.044197
18,18.081583
14,13.953679
11,11.016973
7,7.012173
7,6.918273
16,15.961174
14,14.106688
8,7.8914714
7,6.94039
2,2.0124023
4,4.003953
15,14.946047
10,9.995232
15,15.019301
11,11.308438
9,8.97472
8,7.9319506
5,4.9766154
5,5.106316
12,11.975026
14,13.61625
10,10.1696415
9,8.971617
5,5.0906334
4,4.093933
15,14.886546
8,8.020268
10,10.124102
12,12.063537
13,13.02426
9,9.040381
13,12.998839
11,10.985974
6,5.8722205
11,10.895163
7,7.0616493
10,9.900653
11,11.081453
12,12.210266
14,13.840142
3,3.0586953
11,10.826864
11,11.049846
6,5.9195714
7,7.1975317
13,12.827867
12,12.091255
10,10.18236
3,3.2138264
3,2.9371603
8,7.8771024
8,7.780114
10,10.014136
10,10.04266
6,5.930827
13,12.908889
11,11.075159
17,16.859015
14,14.0247755
14,13.975116
17,16.937666
18,17.961723
20,19.901087
6,5.9999375
17,17.165173
17,16.879555
18,17.906883
7,7.3710203
6,5.999458
6,6.084573
8,8.063186
5,5.0261407
10,9.903378
12,11.9685335
14,13.93991
10,10.316229
8,8.164739
10,10.10245
11,11.012648
6,5.941479
12,11.99928
9,9.027289
17,17.19871
8,8.132687
4,4.0478826
8,8.004398
8,8.03186
21,20.870243
17,17.22599
14,13.984956
0,0.048822526
10,9.856291
11,10.929191
13,12.976635
5,4.9557843
10,10.09512
12,12.024497
13,13.023086
10,9.942986
10,9.942619
17,17.086134
7,6.9880805
20,19.912678
7,7.0451913
10,9.9006
10,10.233302
10,10.020363
7,7.0737805
12,11.741491
16,16.088251
6,6.042636
11,11.061177
5,5.0719485
16,15.999203
15,14.937068
7,7.0257983
4,4.0399904
17,16.981781
2,1.9383647
14,14.089756
11,11.09721
12,11.942018
11,10.825644
10,10.0612135
6,5.933503
12,11.839354
8,7.878261
13,12.945355
11,10.980159
10,10.023394
13,12.904493
10,9.80143
10,9.86957
5,5.0809774
7,7.303202
8,8.08551
11,10.982103
15,15.045784
16,16.159132
9,9.061612
10,10.067909
17,16.924276
3,3.1233494
5,5.0405912
13,12.726648
7,7.0314255
6,5.952257
16,15.934645
9,8.85657
15,14.991642
7,7.0532646
7,6.86228
8,7.926812
10,10.0944605
14,14.046512
12,11.821225
8,7.912494
9,8.93725
5,4.9959645
10,9.965915
12,12.0317745
19,18.795345
13,13.0498
14,14.09253
15,15.12956
7,7.217102
12,11.941057
10,10.104214
9,8.973101
8,7.9621687
9,9.096887
7,6.9160256
16,16.34454
7,6.9673877
10,10.0546875
6,6.177974
4,4.009162
3,2.9847016
2,1.8824126
17,17.10083
9,9.076189
10,10.006472
18,17.969486
11,11.245845
9,8.954484
9,8.877966
19,19.118301
10,10.0137415
4,3.8838966
10,9.880093
6,5.965523
5,4.9683695
13,13.06016
12,11.962118
11,11.100454
7,7.046271
9,9.026986
14,14.14129
5,4.971719
3,3.0396097
14,13.955605
15,15.274102
15,14.969883
14,13.879843
15,15.056712
14,14.28833
12,11.916504
2,2.0356255
13,13.147798
10,9.763613
14,14.047425
7,6.810239
12,11.849907
9,9.046702
15,14.868444
7,6.8146057
13,12.851065
4,4.00518
5,5.305573
13,12.978027
10,10.043906
12,11.962178
10,9.797607
5,4.9555793
5,4.99847
8,7.97354
8,8.040986
9,8.97636
8,7.919347
11,10.973236
4,4.159454
15,14.965919
15,14.985169
9,8.897759
12,12.058962
7,6.949836
9,8.959438
8,8.152607
16,16.016146
12,12.036097
8,7.96019
12,11.919374
9,8.971373
5,4.9161096
16,16.224026
9,8.955671
7,6.824333
9,8.930874
9,8.8844
11,10.668206
8,8.067848
13,13.044392
6,6.0587506
10,10.055389
9,9.117292
8,7.927051
1,0.9955882
4,3.9746926
11,11.05353
13,13.131595
7,7.0012083
9,8.874736
20,20.08177
2,2.1538336
6,6.012283
13,12.830498
12,11.870548
14,13.863485
12,11.888904
10,10.008353
10,9.973957
14,13.99577
11,11.050154
12,12.103992
10,10.026682
13,13.141349
14,13.978281
12,11.953712
12,12.029287
10,10.129127
9,9.058798
6,6.094972
15,14.757435
10,10.092677
0,0.042653363
14,14.017267
6,6.047034
9,9.157796
9,8.940217
14,14.098692
10,9.997886
10,10.0017
9,8.864643
10,9.991293
18,18.038162
16,15.963873
10,10.34331
12,12.075617
12,12.032221
4,3.9905543
13,13.040031
11,10.994736
10,9.979222
10,9.993553
10,10.019183
6,6.0079055
12,11.808239
6,5.7928133
9,8.786992
9,9.044223
9,8.864751
8,8.022205
11,11.027685
16,16.095625
7,7.0494895
20,19.72543
7,7.0647807
12,11.887427
7,6.973403
9,9.040281
9,8.866581
10,9.839102
10,10.116813
3,2.8205538
18,18.154608
10,9.990962
10,10.267156
9,8.902743
12,12.003432
11,11.045015
8,8.204828
11,11.10197
9,8.819741
8,8.034655
10,10.160218
8,7.963343
17,17.14924
10,10.003702
8,7.992824
13,12.9545
10,9.994454
13,12.828301
1,0.73474896
4,3.9978273
15,15.013264
4,3.8826082
14,14.215109
13,12.748498
5,5.272489
11,11.172789
17,17.05908
13,12.803327
11,10.883386
20,19.966825
11,11.141696
8,8.040986
13,12.962256
10,9.915689
13,12.8889265
13,13.02558
6,6.145677
14,13.852147
10,9.861508
13,13.337686
13,12.997038
2,1.907788
10,10.05619
10,10.066593
13,12.966042
9,8.880257
12,11.909644
15,15.0941105
11,11.081764
11,10.944022
13,12.882072
10,10.021244
12,11.965259
14,13.898137
12,12.094349
12,11.9438505
9,8.970833
12,12.089427
12,11.786439
9,9.006874
8,7.9864
11,11.144105
15,15.0567665
14,13.889154
4,4.0156875
5,5.4792128
17,17.002193
11,10.938398
19,19.037449
18,18.149546
15,15.002443
11,10.946323
13,13.07355
19,18.95279
11,11.001912
10,9.976088
6,6.0257277
9,8.832591
10,10.174588
13,12.789608
10,9.918416
13,13.037479
11,11.00868
5,5.1582317
8,7.8966494
15,15.251692
9,8.839338
7,7.0354724
11,10.984502
6,5.989164
6,6.020192
10,10.251957
5,5.045676
18,18.17407
9,8.878124
12,11.946731
18,18.16624
9,8.998516
8,7.9787493
7,6.827592
8,7.9936557
13,13.015505
11,11.051151
12,12.066788
6,6.08886
13,13.014587
10,10.127716
13,12.979381
6,5.845554
6,6.063881
15,14.989445
15,14.894921
13,12.834895
8,8.048808
13,13.0647335
8,8.1326065
7,6.9901476
8,8.096636
9,9.026656
7,7.171598
10,9.970797
14,13.988362
7,6.844441
8,8.093553
11,11.152549
3,2.9188752
12,11.737447
12,11.737447
11,10.839068
9,8.813112
8,8.099018
11,10.934213
11,10.936052
5,5.0517626
11,10.976715
7,6.884593
6,6.0201697
7,7.002451
10,10.026303
4,3.7793136
6,6.0250387
6,6.011417
15,15.015966
8,8.0458765
10,10.1407385
10,10.102569
6,6.062978
12,12.140005
7,7.1066127
5,5.193082
9,9.120673
13,13.0793915
14,14.079215
7,6.96408
14,13.849028
10,9.91924
15,15.304895
15,14.964278
16,16.122879
16,15.989672
3,3.038757
6,6.1061096
18,17.891531
15,14.817541
12,12.143258
17,17.142653
17,17.131472
6,5.957697
13,12.92838
8,7.6810684
14,14.018872
8,8.050118
9,9.001501
7,7.3830023
8,7.997582
10,9.8742075
8,7.8652954
15,15.004093
19,18.84755
12,12.166291
18,17.857136
12,12.106349
2,1.8589543
17,17.012655
15,15.1292925
14,14.084442
17,16.885937
9,8.954698
2,1.9645327
17,17.026657
5,5.0716825
7,7.0319157
11,11.113283
11,11.189871
11,10.914398
10,9.97751
9,8.889693
9,8.939181
13,12.834347
7,7.0494823
10,10.0601015
13,13.1968
7,7.08806
4,3.9159517
8,8.025874
1,0.9596517
16,16.012877
9,8.946753
5,5.07688
17,17.153711
10,10.178464
9,9.204478
6,5.9837914
10,9.885387
8,8.135523
10,10.137297
7,6.975459
8,8.001942
11,11.064275
10,10.016344
12,11.980244
7,7.036837
9,8.954291
17,17.027088
8,7.892631
9,9.0095215
13,13.105885
6,5.78036
11,10.908841
5,4.8675523
6,5.919695
10,10.003952
14,14.063761
5,4.892281
4,4.05353
12,11.928976
20,20.17776
11,11.020081
12,12.00234
3,2.942879
3,2.9979222
13,13.010925
9,9.028269
16,15.817871
10,10.013851
10,10.07414
14,13.934371
10,10.045753
14,14.001589
12,12.119825
18,17.966875
11,11.113324
15,14.810746
12,11.921597
17,17.023676
10,10.090524
16,15.854005
6,5.901557
15,14.89325
13,13.116569
6,5.903014
7,7.016793
15,15.065778
5,4.980148
10,10.118091
12,11.947254
6,6.017111
6,5.975205
10,10.1001215
11,11.118638
12,12.175296
14,14.122752
8,8.087866
8,8.0255785
14,13.447539
10,10.027927
9,8.867001
14,14.193464
9,8.911902
10,9.812837
10,9.814939
9,9.04926
12,11.943928
8,7.8651543
13,12.796711
8,8.010092
5,4.9422607
11,11.138689
10,10.091076
5,5.040606
8,7.918936
15,15.04627
13,13.032454
10,9.9195
5,4.9795837
5,5.0116124
12,11.92009
8,8.005224
13,12.9177065
7,6.5892897
12,12.024998
11,10.9721575
8,7.8181167
11,11.093159
8,7.977032
12,11.986453
7,7.029455
17,17.244276
8,8.086726
14,14.06667
8,7.972002
2,1.7365297
6,6.005197
7,6.8927894
1,0.9351162
1,0.7110563
8,8.1009655
6,6.0024943
8,7.956775
18,18.002398
14,13.855363
12,11.990588
13,12.895686
10,10.0533905
14,13.977109
12,11.952671
10,9.95554
8,8.078622
9,8.89116
11,11.053689
15,14.975526
19,18.971348
10,9.883609
11,10.886782
5,5.0925865
9,8.902076
15,15.058384
5,5.2332215
13,13.041924
13,12.816764
14,13.920232
6,6.08886
9,8.875812
9,8.825273
7,6.92028
6,5.9496756
13,12.986574
12,12.091676
6,6.0277777
6,6.1665316
11,10.781955
11,10.956364
6,5.9440656
5,5.0304127
8,8.120777
13,12.782782
13,13.056202
8,7.9746556
11,10.9060755
9,8.841434
8,7.971384
13,12.922822
6,6.0277777
7,7.296436
11,10.972144
7,6.9284325
13,12.974686
6,5.966712
2,1.9499655
14,13.974868
10,10.038053
2,2.0940306
4,3.9381096
10,10.203803
9,8.777242
11,10.870169
15,15.055126
10,9.942669
9,8.931506
10,10.076061
18,17.917185
17,16.94848
7,6.941113
9,8.989433
7,7.052249
7,7.0118384
10,9.944132
10,10.22348
10,9.970842
10,9.88508
10,10.15571
2,2.008003
8,7.933228
5,5.0203276
17,17.339315
17,17.117407
10,9.916914
10,10.081263
13,12.895205
10,10.224777
10,10.126041
14,14.066225
12,11.913647
14,13.7865305
15,15.047024
17,17.238964
11,11.1105
12,12.004222
10,9.984976
13,12.948238
14,14.042463
15,14.86065
10,9.97283
15,14.99123
13,13.023965
11,10.986759
10,10.180239
11,11.020869
6,6.149026
15,15.148719
18,17.811678
14,14.025725
12,11.98897
6,6.1165833
9,8.945933
9,9.05318
3,2.8027456
22,21.896343
12,12.060679
8,8.0801735
8,7.929274
10,10.084033
7,6.9392276
6,5.861421
8,8.065993
9,9.171134
10,10.058802
11,11.130907
10,9.94664
7,6.964811
8,7.956154
8,8.035552
9,9.029614
1,0.73474896
13,12.976876
9,9.045785
8,8.013346
15,14.951126
6,5.961699
5,5.028253
9,9.024317
14,14.291583
13,13.006343
9,8.883076
8,7.989561
9,8.974273
6,6.102922
9,8.93187
12,11.849205
10,10.0167055
12,12.103831
5,4.954341
7,7.181748
15,15.291596
10,10.2881365
10,10.258197
14,13.953752
7,7.1503024
3,2.980103
3,3.103905
12,12.075054
15,15.02473
10,9.909009
13,12.917369
8,8.031807
8,8.164973
11,10.889079
9,9.056474
11,11.067398
14,13.988391
18,18.26412
9,8.961666
10,9.930953
5,4.984224
13,12.977176
3,2.90987
10,9.940969
15,15.069315
9,9.170814
15,15.035858
2,1.9616547
9,9.195184
10,10.037198
11,11.039917
8,8.084626
15,14.989651
6,6.145677
4,4.0719566
5,5.034876
10,9.86838
11,11.038214
6,5.9567432
6,6.0333347
8,8.324204
10,10.063686
11,10.946943
12,12.02749
13,13.134069
13,12.897001
14,14.035494
15,14.987347
10,10.206566
14,13.863485
16,16.031729
6,6.0638328
11,11.078921
15,15.141808
8,8.127027
11,11.032593
10,9.79472
8,8.013267
5,5.325306
7,7.071008
8,7.991685
11,10.945074
8,8.018426
7,6.842203
7,7.0620403
2,2.1773012
4,4.0355153
9,8.842184
10,10.192212
11,11.104978
11,10.956764
14,14.034467
1,0.6798783
10,9.872005
7,6.9442663
10,9.962504
7,7.0662622
7,7.066528
9,8.895039
14,14.047079
10,9.935984
9,9.071434
10,9.975906
15,14.78893
10,10.064837
7,7.0203447
18,17.941168
7,7.0510454
6,5.970356
11,11.043915
10,10.039465
10,10.140045
12,12.104719
15,15.00933
10,10.218626
8,7.916812
13,13.05934
7,6.8843627
19,18.688286
6,6.109273
10,10.059107
10,9.94664
10,9.968567
11,11.057129
11,11.005382
7,7.122848
7,7.0100837
9,8.978408
10,10.0423565
12,11.947471
8,7.9334526
6,6.137421
9,8.907375
7,7.049746
12,11.935374
13,12.982064
9,8.944429
15,15.006768
9,8.983201
10,10.267979
12,12.033079
15,15.062233
10,10.008009
8,7.7736893
9,9.02171
6,6.0353417
5,4.9510016
13,12.942581
15,15.106223
13,12.806429
13,12.879181
10,10.013538
8,7.9359922
17,17.212442
6,5.9133253
11,10.996244
8,7.881545
11,10.867668
10,9.963336
14,13.789283
11,10.72528
9,9.050135
8,7.9645066
10,10.184574
11,10.904295
15,15.202359
7,7.023774
15,15.110445
9,9.007219
4,4.177693
7,7.0656524
12,12.087321
10,10.02419
4,4.1725316
12,12.085969
6,6.088684
7,7.023584
18,18.33984
15,14.970662
7,7.1606092
10,10.180414
12,12.040073
10,9.756715
17,17.208893
15,14.883893
17,16.960712
8,7.924763
11,10.986779
6,5.880616
5,4.9284644
8,8.051584
13,12.987308
15,14.966113
20,19.702719
4,4.22481
16,15.897486
8,7.926574
5,5.0217075
11,11.159683
12,11.816341
12,12.041858
10,9.894565
6,6.425851
12,12.039048
18,17.928846
6,5.8299284
5,5.1519003
8,7.879225
4,4.0126104
8,8.049829
11,11.018299
6,5.988092
12,11.977951
7,6.9742293
5,5.064715
9,8.876803
11,10.9461775
5,5.11879
14,14.244646
14,14.079092
16,15.937441
9,9.044112
8,7.826868
10,10.021212
8,7.9835076
10,10.150914
9,8.966322
13,12.913982
7,6.9713483
7,7.017988
9,9.0391655
10,9.983274
8,8.211341
11,10.798096
8,8.033818
15,14.763667
6,5.741078
17,17.102377
20,19.628109
9,9.001316
17,16.883156
11,10.960474
10,10.04401
10,10.013982
10,10.126378
7,7.293219
13,12.9683075
14,14.091262
15,15.07816
12,11.866933
9,8.967507
7,6.8975163
9,8.9786825
13,13.108049
9,9.228998
14,13.856864
2,2.0260928
2,1.7833587
18,17.82163
10,9.977684
14,14.227475
13,12.953665
10,9.712606
6,5.85533
18,18.168726
8,7.9561696
14,13.565046
5,5.234134
2,1.7782155
10,9.895384
9,8.929885
10,9.990262
8,8.122943
9,8.837786
5,4.9517107
8,8.030216
5,4.975434
15,14.930012
6,6.0946093
9,8.879486
13,12.887669
8,8.055392
8,7.915165
12,12.053401
14,13.981815
7,7.0245194
6,6.0119696
11,11.085253
9,8.946903
11,11.124151
19,19.1619
10,10.064491
14,13.950509
4,3.692368
2,2.0297124
8,7.9555264
10,10.058097
2,2.1195204
11,11.047727
7,7.2888203
10,9.90475
11,11.055275
10,10.094521
12,12.135481
14,14.045097
18,18.038233
11,11.069738
8,7.9910703
11,10.986224
14,14.061405
7,6.94028
6,6.033473
11,11.106656
10,10.09199
8,7.796857
15,14.700504
15,14.966125
10,10.120739
6,5.9523244
16,15.971434
14,14.004178
3,3.0383346
14,13.914557
4,4.0644026
18,17.969486
15,15.072819
18,17.880404
8,8.156198
5,5.0295777
15,15.017125
7,6.9789114
7,6.9804425
12,12.16851
14,13.728496
10,9.887825
14,14.025942
14,14.222613
9,8.974273
5,5.0285616
9,9.011893
10,10.00708
6,5.8944464
9,9.013342
11,11.193251
6,5.8415337
13,13.1228285
10,9.9608135
10,10.030781
12,11.968333
13,13.000977
12,11.900038
13,12.5171
12,12.036424
14,13.789547
14,14.216694
11,11.141696
10,10.016213
13,13.059995
10,9.896519
16,15.942388
9,8.893206
8,8.072712
7,7.0301676
6,6.1407843
7,7.0326366
14,13.844895
6,5.7022724
2,2.1449158
11,10.909437
4,3.881294
17,17.12365
8,8.199876
9,9.047821
17,17.153957
9,9.070155
13,13.026624
10,10.13889
15,14.966664
8,8.072828
6,5.915295
11,10.986766
10,9.933487
10,10.097357
12,11.936048
13,13.019053
12,12.074078
4,3.9739153
5,5.1144834
4,4.1017923
11,11.363346
11,11.150451
10,10.187633
14,13.820462
12,11.8038845
14,14.0739355
16,15.871895
10,10.016213
10,9.944857
10,10.118722
11,11.134949
12,12.04946
3,2.8805203
4,4.0533686
10,10.076234
10,10.07821
8,8.027989
10,10.04999
4,3.932891
7,7.0161734
12,12.074178
8,7.9242024
13,12.861583
15,14.915228
15,14.861565
15,14.955337
12,11.899164
11,11.06624
6,5.9063106
17,16.956324
5,5.0185595
8,7.915885
4,4.0245333
11,11.041531
10,9.806467
10,10.018255
10,10.080766
16,15.907542
3,3.1281924
12,12.131359
9,8.907603
12,11.981867
11,11.026439
12,11.876815
11,10.915571
18,17.885935
11,10.984028
14,13.909761
4,4.0316873
12,12.048212
0,0.042096097
11,11.023601
9,8.852433
5,4.875862
11,11.066335
9,9.04898
8,7.918936
8,8.031506
17,16.891571
16,16.180775
6,6.106794
7,7.0098014
9,8.901504
4,3.969166
11,10.983922
7,6.949847
15,15.035212
4,3.7659569
5,5.1408563
6,5.9775805
12,11.996165
2,1.7842242
10,10.052672
8,7.750819
10,9.947742
12,11.959787
10,9.946326
9,9.067689
12,11.959787
9,8.855834
10,9.99745
10,9.99745
9,8.911285
13,12.734564
9,8.993898
9,9.028962
15,15.1096525
6,6.0496817
4,3.885448
12,11.897498
11,10.931636
9,9.011827
10,9.983667
13,12.7513485
10,9.968256
9,8.79218
8,7.948623
7,7.0377126
12,12.038239
11,10.977723
11,11.059051
6,5.9537477
10,10.155202
2,1.7984635
9,9.005928
9,9.027645
9,9.054825
8,7.995218
17,16.889063
10,10.284701
11,11.030795
10,9.836065
11,11.028127
9,9.228505
11,11.076444
8,8.003951
11,10.941132
5,5.2177916
10,10.06287
11,11.133172
14,13.784318
15,15.057209
0,-0.11836908
0,-0.11903833
0,0.055586707
7,6.876307
11,11.102596
14,14.028834
9,9.009025
4,4.0156875
10,10.081555
5,5.0037603
13,13.125802
7,6.9662056
15,14.939618
11,10.738169
3,2.7891102
10,10.235389
12,12.13722
5,5.221559
8,8.120633
9,8.740708
11,10.928093
5,5.001671
8,7.9168577
4,4.1217003
17,17.000364
7,6.95244
7,7.3052697
5,5.0125937
5,5.078902
13,12.993209
8,8.041844
8,8.016431
14,13.999109
8,8.028925
8,8.028925
10,10.070417
10,10.155161
13,12.920685
7,7.0425997
13,12.8277
12,12.012426
8,7.8613153
8,8.08405
13,13.069172
5,5.134258
2,2.050324
5,5.2328606
11,10.844153
14,13.916312
4,3.9915707
5,5.0458417
5,5.3562627
13,12.799015
17,16.984697
7,6.9105697
15,15.033264
16,16.026106
4,3.9105275
10,9.890594
19,19.222387
13,12.954606
5,5.131465
12,11.980443
12,12.127367
13,13.073895
7,6.9454947
12,12.09066
19,19.062735
8,7.938952
12,11.855194
10,10.121378
5,5.2276754
6,5.966575
6,6.0684147
10,10.200851
8,8.03186
9,8.902752
13,13.036466
10,9.853622
10,10.148019
9,8.9991665
12,12.085969
15,14.906107
6,6.222484
12,11.921945
5,5.093568
10,9.860773
11,10.90221
10,10.011058
11,10.98342
10,10.161542
8,8.06981
10,10.097572
15,14.922173
11,11.036916
14,14.066756
9,9.022101
9,8.977598
11,10.82734
10,9.953099
9,9.203386
13,12.922318
1,1.0032653
9,9.039604
3,3.010688
13,12.932357
12,12.051767
9,8.910954
12,11.671669
5,5.050505
5,4.924886
15,14.996836
10,9.953484
10,9.966523
15,14.998279
14,13.840142
6,6.059299
7,6.9259195
14,14.135915
14,13.942931
12,11.988879
11,10.885245
13,12.943233
6,5.9880333
6,5.988092
18,18.068062
7,6.974238
14,13.914945
7,7.0855093
4,3.8565743
11,11.150063
7,7.113669
16,16.076662
11,10.986779
12,11.980691
10,10.0060625
18,18.094177
14,14.0087595
10,10.06579
9,8.973101
11,10.881158
12,11.941365
6,6.019608
13,12.854689
10,10.099367
12,11.98757
13,12.747433
11,11.0488
3,3.0153327
18,17.895555
8,7.9985623
8,8.006353
16,16.062044
5,5.0484023
9,9.044223
12,12.009615
6,6.1160574
7,6.9442663
7,7.015679
7,6.9996095
14,13.862164
17,17.115131
9,8.954903
12,11.874007
11,10.765729
19,18.9993
3,3.0275133
10,9.829792
11,11.173473
4,4.0518317
11,10.896389
7,6.8589683
13,12.873777
11,10.954472
3,3.0396364
0,0.041203666
14,13.888574
13,12.926749
7,7.1400146
11,10.986944
8,8.124364
7,6.9723263
3,2.8200927
10,9.995028
10,10.036625
12,12.0098095
10,10.065076
13,13.028467
10,10.121455
9,9.15843
20,19.51253
11,11.005752
10,9.826888
13,12.939997
10,10.010835
5,4.8905177
7,7.079725
10,9.783908
4,3.922468
16,16.016039
10,10.004959
7,6.812682
15,15.186291
11,11.078357
17,16.946852
11,11.226617
14,13.792879
11,11.024556
13,13.041087
6,6.0016813
3,3.2820232
9,9.024761
11,10.958127
11,11.094522
10,10.088897
15,14.983214
10,9.985579
9,9.159901
11,11.13322
10,10.008628
10,9.845729
10,10.069281
6,5.9436016
16,16.02159
10,10.004433
9,9.081711
16,15.948209
12,12.026529
13,12.729553
8,7.940822
11,11.057262
16,16.05527
15,14.892977
12,12.140771
7,6.997977
7,6.812118
9,9.062458
9,8.919647
8,7.9914846
20,19.98575
3,2.98889
10,10.04816
13,12.978467
8,8.144023
10,9.82337
8,7.890233
17,17.020452
10,10.102474
8,7.864876
7,6.9297276
8,8.480041
5,5.0278077
7,6.9833126
1,0.9264284
5,4.935917
13,12.932
9,8.96571
16,15.997503
12,12.078376
9,9.040322
11,11.159721
15,14.792387
11,11.006766
15,15.1231165
7,7.1187053
7,7.1420984
17,17.122335
12,11.987534
7,7.05258
8,8.06743
11,10.841286
10,10.039718
8,7.9554586
9,9.1057205
9,9.0764
5,5.02969
11,11.072114
9,8.86179
15,15.08897
10,10.164466
14,13.779796
13,12.930143
12,11.950774
12,11.879437
6,5.956962
9,8.945007
1,1.1970239
1,0.9321989
16,16.027647
3,2.960813
11,11.228741
12,11.945296
13,13.038696
8,8.073928
11,11.051474
17,16.976322
14,14.0924835
9,9.024547
6,6.0364795
14,13.999188
18,17.895555
9,8.780007
8,8.164655
1,0.93062705
10,9.894565
8,7.9385858
5,5.0217075
17,16.962301
0,-0.14381786
6,5.9898486
6,6.01203
7,7.040555
13,13.0396185
14,14.093646
11,10.90143
10,10.060288
4,4.059951
10,9.975187
11,10.970987
7,6.9636607
11,10.755847
11,11.070415
11,11.151926
11,10.908815
11,11.028798
18,18.19046
9,8.946903
11,11.217306
12,12.07799
12,11.950424
6,6.0597186
9,9.051078
14,13.955409
10,10.032855
4,3.9601903
6,6.115526
15,15.004093
16,15.894032
12,11.862112
14,14.080895
12,12.060686
14,14.119988
8,8.003597
8,7.761854
8,7.9037704
6,6.020192
6,5.7968607
9,9.104746
10,10.115309
14,13.951479
9,8.959287
18,17.993233
14,14.014373
10,9.939122
14,14.030915
10,10.018067
12,12.060686
17,17.042032
13,12.811113
11,11.006856
3,2.9089706
17,17.269749
14,14.008736
13,12.845273
17,17.024832
16,15.924748
7,6.9044847
5,5.1625104
0,-0.1316387
10,9.991857
9,9.056222
17,17.172836
11,10.96098
10,9.946532
8,7.9676404
3,3.2135465
13,13.021185
6,5.9496756
9,8.875812
6,6.030678
9,8.903501
11,11.19975
15,14.936905
14,13.962105
15,15.036906
13,13.022475
5,5.1208725
5,5.1138053
14,13.788559
5,4.994272
9,9.155605
8,7.8555527
7,7.286909
12,12.104049
4,4.142442
13,13.142235
11,10.902588
15,14.962011
8,7.9332495
15,14.964376
5,5.335379
13,12.785624
13,13.037965
5,4.958464
13,13.056368
9,8.936966
6,6.047034
6,6.0687757
7,7.0812726
13,13.079754
6,5.9518557
5,4.967892
9,8.832046
14,13.809436
10,9.846335
11,10.758644
7,7.000504
13,13.1232395
4,3.8856592
9,9.180573
15,14.903193
10,10.013064
12,12.002907
9,8.898515
2,2.0079372
11,11.011827
10,10.003626
15,14.971506
8,7.937551
12,11.981877
11,11.113591
3,2.9877295
11,10.995554
12,11.904347
9,8.945648
9,9.051681
17,16.810938
9,8.96446
9,8.954484
1,0.93714607
9,9.122969
11,10.796662
7,6.937216
8,8.025654
9,9.134985
1,1.0249736
8,7.9815774
12,12.059903
12,11.974286
14,13.704689
13,12.931112
4,4.0101867
9,8.981825
15,14.800318
10,9.878292
12,11.91871
17,16.856588
12,12.075153
12,11.957696
10,9.896986
10,10.07082
13,12.938899
8,8.0652685
12,11.992761
11,11.1909075
14,13.96725
13,12.999693
10,10.1638155
10,9.922266
18,17.896076
8,7.781494
7,6.896376
15,14.925288
3,3.095322
2,2.0595582
11,10.983925
8,8.075019
11,11.101321
11,10.946404
3,3.0879998
8,7.979592
16,16.023798
17,17.041367
11,10.867217
9,8.972311
8,7.9394975
13,12.758207
5,5.13512
5,4.984804
13,12.931781
9,8.895901
4,3.9653864
13,12.732674
10,10.12012
7,6.9331903
9,9.008215
13,12.936429
12,12.037443
8,7.977562
6,6.1437235
5,5.033789
14,14.04572
17,16.918484
16,16.247902
4,3.981053
12,12.122946
11,10.885877
13,13.034196
13,13.096465
13,12.789608
0,-0.10874923
13,13.037479
5,4.9889097
10,10.222544
3,2.9810145
9,8.905101
14,14.11887
9,9.0429125
12,12.009615
1,1.0486552
6,5.9435754
1,0.96957487
9,8.964879
10,9.953595
15,15.057209
7,6.7958555
4,4.0987864
10,9.972661
20,20.206951
10,9.840245
19,19.185207
17,16.883177
8,7.9164333
13,13.027446
14,14.2385235
14,14.197413
4,4.2181144
4,3.9901004
4,3.9901004
7,6.9243827
16,16.029657
11,11.05353
7,6.9023976
16,15.91482
17,17.147858
10,10.153423
2,1.9573364
2,1.9836512
18,17.974237
11,10.971352
14,14.179196
17,17.035486
7,6.77686
10,10.02044
10,9.881605
8,8.019743
7,6.9365244
17,16.883713
11,11.083375
5,4.9855022
10,9.886735
10,10.267156
11,11.061177
8,8.031362
10,9.941514
9,8.996942
19,19.10444
10,9.958213
7,6.965784
5,4.9768615
0,-0.1175763
7,6.8352213
9,8.952728
10,10.011201
12,11.890735
13,13.0071
10,9.935566
14,13.952356
8,8.028608
11,10.879904
8,7.9764814
10,9.979251
8,7.896759
13,13.028467
15,15.035804
9,9.071034
9,8.935624
7,6.940373
13,12.956793
4,3.9138212
10,10.24375
6,5.8944464
10,10.185205
5,4.9193053
5,5.0403333
13,12.946877
13,12.910037
14,13.899077
11,10.938391
1,0.9608952
10,9.845562
14,13.991638
9,8.879595
13,12.989153
11,11.072379
0,-0.12198355
11,10.998415
10,10.063549
8,8.041352
8,7.874783
8,8.034034
7,6.995805
6,6.1376634
10,10.043447
10,10.041039
12,11.833031
9,9.057987
8,7.8889284
6,5.9249663
8,7.969481
12,11.900664
9,8.869812
6,6.052053
13,12.855409
15,14.989445
14,13.872582
6,5.829843
10,10.09774
6,5.79079
11,10.875684
6,5.8281674
13,12.986168
7,7.220392
12,12.111418
4,3.756825
16,15.936968
1,0.8134809
10,10.089591
14,13.999109
8,7.878576
13,12.955181
18,18.442667
8,7.878576
12,12.143872
9,8.99872
10,10.224647
14,13.994247
5,5.0238714
4,3.9881022
9,9.014622
7,6.861299
16,16.071974
6,6.059299
8,7.823167
8,8.03057
8,8.03057
8,7.8854184
12,12.101149
5,4.930152
14,13.831957
5,5.0688024
12,11.832951
10,10.058392
13,12.9400625
10,10.007292
8,7.8966255
12,11.931321
9,9.060413
11,11.085653
11,10.924199
14,13.981815
15,14.801549
6,6.1175857
15,14.799464
14,14.011268
13,13.005091
8,7.855693
9,9.291069
8,7.999699
7,7.0229645
7,7.161819
12,12.015445
7,7.01981
6,5.8825545
13,13.013199
15,15.051609
7,6.999754
19,19.078918
6,6.026604
10,10.189517
12,11.874149
14,14.13857
7,7.068028
12,11.943172
15,15.022174
11,11.124118
12,11.950729
7,7.172913
5,4.9927263
16,16.08764
16,16.10265
8,7.9280972
8,7.717128
6,6.086798
5,4.793935
2,1.9411445
11,10.88698
5,5.132773
11,10.919986
12,12.217403
3,2.844159
11,10.872431
10,9.970146
13,12.944913
0,0.06515481
9,8.93597
5,5.108085
6,6.072524
10,10.104214
12,11.793526
3,3.0320952
12,11.850165
11,10.90221
10,10.20771
11,11.021802
8,8.0204315
10,10.123258
10,10.066917
14,13.766555
14,13.966384
13,13.073067
13,13.017131
11,11.090498
13,12.904522
13,13.066078
10,10.004108
11,10.920968
10,9.97946
13,12.945946
10,10.395203
12,12.138212
10,10.035072
8,7.9038377
3,3.1233494
9,9.022762
2,1.914027
13,13.013199
10,10.126983
10,9.948299
11,11.104139
11,10.898358
10,10.070215
14,14.061451
11,11.019442
9,8.980549
9,8.899896
3,3.1329515
9,8.972169
8,7.928495
16,16.078482
3,2.8564012
13,12.979048
5,4.888691
9,8.981897
10,9.873145
12,11.763569
10,10.192057
17,17.175224
6,6.02013
14,14.081914
8,8.192158
17,17.009499
13,13.154203
2,2.1762688
9,8.838543
16,15.980964
8,7.883402
3,2.9478858
8,7.9107776
8,8.132981
7,6.929976
4,3.774871
5,5.2332215
5,5.0252557
5,4.823004
13,12.793126
12,11.996306
8,8.078939
19,19.039213
12,11.838605
10,9.947011
10,10.22348
14,14.150925
17,16.782457
13,12.900391
12,12.291779
10,9.862005
10,9.979293
13,13.049354
15,15.054656
9,8.9997425
13,13.067838
13,12.988243
12,11.835659
12,12.021821
5,5.1208725
14,13.912303
11,11.060175
11,10.997911
10,9.866204
19,19.29663
10,10.066675
15,14.849019
6,6.183216
2,1.8790014
10,10.087914
15,14.808412
11,11.036557
10,10.046099
10,10.028723
7,6.949847
5,4.796828
18,17.89177
13,13.079451
7,6.7259574
4,3.8718793
13,13.04885
15,14.958751
11,10.981892
7,6.984476
6,6.01316
8,8.080822
8,7.9450455
18,17.828485
11,11.144438
11,10.909464
12,12.009309
10,10.068132
7,6.9693966
16,16.027113
8,8.042365
13,12.98572
8,8.040986
12,12.109379
13,12.910577
11,10.887819
13,12.938315
10,10.094064
11,10.883876
14,13.974572
8,8.062529
8,8.102656
8,8.0701
13,12.933492
7,7.123409
8,7.9215226
11,11.041095
7,7.1813135
10,10.019183
10,10.079509
9,8.849487
12,12.152468
14,13.972032
13,13.228592
8,7.7169166
12,12.011244
5,5.045676
9,8.903789
11,11.0114565
7,6.966989
17,16.99567
17,16.863308
9,8.899748
9,9.081626
16,15.956448
0,-0.1381733
10,9.966689
6,6.041591
16,15.988394
14,13.842217
5,4.8106647
8,7.932153
11,10.891998
12,12.160864
14,13.935403
15,14.862354
8,7.9713616
17,16.822346
5,5.03456
4,4.1187305
10,9.844119
5,4.9737406
17,17.10083
6,5.8877444
8,7.8652954
7,6.903246
14,13.914037
14,13.968563
10,9.924167
4,3.8953288
8,7.900631
16,16.158272
7,6.827592
15,14.895654
6,6.1085463
14,13.946603
14,14.0738945
8,7.8709326
14,14.076117
10,9.903292
10,9.952726
8,8.053731
6,6.148043
11,11.028393
15,15.003885
14,14.1221
5,5.1456366
6,6.098392
7,6.95665
6,5.8282757
4,3.9949145
2,1.97305
7,6.8927894
6,6.0969243
15,14.892362
9,9.0239105
4,4.101963
9,8.823141
10,10.126736
10,9.713871
10,10.078329
16,15.911438
6,6.032096
11,10.940724
10,9.979222
7,7.054878
14,14.218762
8,8.0722275
8,8.005251
8,8.151055
9,9.059416
13,13.023995
11,10.769439
10,9.9780245
10,10.1798315
12,11.9341755
5,5.1356044
6,6.010932
15,14.87399
9,9.189453
12,12.175296
11,10.929735
16,15.933493
5,4.82469
6,6.2981367
7,6.96884
15,14.868766
7,7.139741
11,10.771909
1,0.6710145
11,10.984558
3,3.027648
15,15.003397
12,11.942166
6,6.055958
5,5.0285616
12,12.094632
11,10.729028
15,14.918061
15,15.186816
11,11.047266
13,12.833852
7,7.1325316
9,8.967378
6,5.8664923
10,10.179506
11,11.077673
11,11.044828
5,4.8905177
10,10.012637
11,11.198947
6,5.989247
13,13.031723
0,-0.12827931
6,5.9840784
9,8.997006
7,6.9082975
6,6.0731764
13,13.275796
7,7.024309
10,10.153055
10,10.154396
12,12.094533
14,13.956361
12,12.03401
11,10.779607
16,16.236294
6,6.065244
9,8.817356
8,8.017752
9,9.056114
15,15.221179
6,6.1060743
10,10.106459
7,7.22075
9,8.859803
8,8.028608
10,9.971756
14,13.897978
1,0.9024007
7,6.922926
9,8.951431
17,17.21145
10,9.972519
10,10.135756
5,4.915985
11,10.8892565
8,8.079893
7,6.804569
10,10.1318
10,10.1318
12,11.818355
10,10.088871
16,15.805543
12,11.947471
16,15.815892
15,15.184314
14,14.172445
15,15.222375
17,17.211044
7,7.1105404
12,11.979154
11,11.045654
14,13.952356
9,8.875939
18,17.955948
10,9.9157505
19,19.058392
11,11.047727
10,10.082915
17,17.083271
7,7.0314255
11,11.066375
2,1.8295076
6,6.155394
16,15.981424
13,12.933785
14,13.950604
11,10.820516
12,12.135322
17,17.11799
17,17.11799
16,15.917176
12,12.125719
14,14.193464
13,12.987108
10,10.04401
4,3.9812546
7,7.042916
7,6.892954
9,8.909354
13,13.197296
7,7.043993
11,11.283263
10,10.121867
13,12.994471
13,13.020306
9,8.956333
12,11.8401375
14,13.911157
11,11.055906
16,16.064108
12,11.98757
6,5.842361
6,5.841866
0,0.01676744
7,7.0921164
14,14.0312
11,11.056834
8,8.090324
8,8.065487
6,6.0426254
9,8.872032
16,16.020826
9,9.033855
9,8.914004
16,15.880824
13,13.079825
11,10.965925
7,7.104514
7,7.049746
3,2.9286277
8,8.117415
12,11.874176
7,6.902827
6,6.2227306
8,8.132117
7,7.081179
18,18.247065
8,7.890445
12,11.636402
7,7.1126466
12,11.777298
12,11.889049
10,9.959104
18,17.858994
20,20.240404
9,8.90423
5,4.8276925
11,10.976477
8,7.7859063
13,12.868053
13,12.868053
7,7.021871
13,12.901723
7,7.0690694
15,15.037531
14,14.039885
7,6.9140344
11,11.2276535
10,9.916207
10,10.079707
11,10.952549
10,10.009557
10,9.998202
10,10.131112
8,8.164655
14,13.882305
11,11.082435
9,9.026494
6,6.1315975
14,14.066033
11,10.904819
11,11.045544
13,13.014156
10,9.776034
12,12.040073
8,7.9037704
11,11.023199
13,13.084898
8,8.050749
10,10.102352
14,13.880574
15,15.051063
10,10.034352
12,12.168212
17,17.010183
10,10.092257
10,10.278801
12,11.910842
12,11.9484005
10,10.276832
14,14.17299
0,-0.13364518
8,7.8966255
9,8.934028
8,7.9249268
19,19.358097
5,5.1462326
6,5.9401484
6,5.9505143
5,4.9983435
10,9.976748
8,8.03186
16,15.916378
19,19.392227
16,16.151714
8,7.9529696
10,10.225759
14,13.780799
10,10.119502
16,15.666055
16,15.912592
5,5.0538754
13,13.010184
16,16.002728
15,15.185177
8,7.9952884
8,7.9657454
16,16.073555
16,16.065565
16,15.898225
13,13.059995
15,14.915884
13,12.99134
12,11.914117
8,7.956456
7,7.0944386
9,8.963818
12,12.031708
8,8.028536
9,9.054586
13,13.029236
14,14.028546
12,12.130397
13,12.999354
6,6.108603
10,10.047999
13,12.737307
20,20.041325
11,10.857515
10,10.106723
13,13.076712
13,12.984042
11,11.036147
13,12.858478
7,6.9659257
13,13.162134
9,9.070065
5,4.9419236
4,4.018144
11,10.92282
12,12.123186
12,11.899572
8,8.089857
17,16.780825
6,6.0460515
14,13.934886
8,8.032613
12,11.825689
11,10.6079
6,6.0278773
6,6.0278773
7,6.8990045
7,6.8990045
14,13.906632
17,17.316654
16,16.030025
11,10.82965
9,8.832046
9,9.022809
9,8.996751
11,10.882783
8,7.94887
5,4.7849054
9,8.859803
8,8.045178
10,9.983207
17,16.88402
7,7.1574817
10,9.776444
13,12.974422
15,15.070081
13,12.974422
2,1.9867961
2,1.8540668
4,4.1017632
5,5.2083187
10,10.256349
10,9.980789
15,14.967509
9,9.034879
11,10.928466
11,10.909464
11,10.928481
14,13.869346
6,5.9293103
15,14.976983
8,8.011301
11,10.625371
13,13.234269
8,8.025213
14,14.0023775
11,10.949675
20,20.02262
2,2.0583756
6,5.911257
10,10.116578
8,7.8169327
0,-0.11903833
11,11.318652
16,16.132952
15,14.698616
15,14.987951
12,11.94538
10,9.983689
2,1.6776575
6,5.536018
10,10.14052
10,9.956662
11,10.928255
10,9.966854
11,11.054822
8,7.9400353
1,0.7110563
16,15.831128
3,2.8689559
3,2.8266914
9,8.969416
11,11.2308655
12,11.924408
11,10.757536
6,5.9249783
10,9.917463
8,7.852225
10,10.2768
3,3.1353624
12,11.995635
7,7.134597
10,10.0061
14,14.10246
8,7.9819307
7,7.0125194
6,5.9309998
20,20.02262
11,10.949043
13,13.192283
10,10.020875
3,3.140674
11,11.1058235
4,3.7527714
16,15.956842
10,9.91331
11,11.113199
3,2.9512885
11,11.019987
10,10.128758
7,7.0091043
3,3.2138264
10,10.098109
3,2.9371603
8,7.918124
10,10.04401
10,10.023349
7,6.9298406
16,16.008913
14,13.839326
14,13.841958
7,7.023774
18,18.097113
8,7.9513655
11,10.971218
14,14.08096
8,8.010092
6,5.861421
6,5.962277
10,9.919557
14,14.265289
11,11.111241
7,6.928932
7,7.00065
13,12.948528
9,9.015938
13,12.839126
17,16.860691
12,11.962607
19,18.996834
11,11.231767
10,10.038862
2,1.9038599
7,7.0122504
8,8.031602
2,1.9336606
13,12.796711
11,10.744566
3,3.139354
9,8.974201
7,7.0781684
9,9.002666
9,8.82007
18,17.91433
13,12.978726
5,4.9927263
8,8.173936
8,7.999699
12,12.0107355
12,12.025954
21,21.008734
13,12.9400625
9,8.953461
9,8.982378
5,4.8106647
11,10.911116
13,12.826396
6,6.0062017
7,7.1288595
9,8.978031
10,10.022199
13,13.099928
8,8.164739
4,3.9518933
5,5.0405912
11,11.070032
7,7.1045413
10,9.9907465
13,13.027786
20,19.98598
8,7.9708557
17,16.748121
10,10.036838
13,12.807206
15,14.964376
10,9.957651
12,11.96402
11,10.985763
2,2.0509279
8,7.851771
8,7.950177
3,2.98137
6,6.08619
6,5.993291
11,10.976375
11,11.05204
8,8.036225
15,14.892977
3,3.0528147
12,11.846377
4,4.139696
13,13.166291
12,11.889562
8,7.90281
12,11.936566
13,13.104927
13,12.836529
13,12.928605
12,11.9822
8,7.939599
11,10.853853
10,10.037487
5,5.1437864
6,6.0079055
11,10.850433
15,15.100983
10,10.034352
2,1.8428679
2,1.9867961
6,5.917105
6,6.0583563
10,9.984078
9,8.953437
11,10.95237
8,7.9909835
11,11.001604
7,6.9221683
6,6.091128
11,11.082435
12,11.911621
12,11.926176
13,13.003299
6,6.127982
8,7.9831066
9,8.815091
5,5.040606
6,5.9145203
11,10.8601265
16,16.012865
12,11.889426
18,17.80748
12,12.027321
12,12.13722
12,11.950824
7,6.8824077
7,6.96201
11,10.949675
11,11.032593
11,11.206142
16,16.068535
8,7.8962374
1,1.1945413
14,13.982555
9,8.895824
15,15.099726
10,9.942347
11,11.085408
7,7.055686
5,4.8533874
15,15.068412
10,9.905666
11,11.120001
6,5.8975716
8,7.7859063
11,11.0291395
9,9.021374
15,15.005699
12,11.966049
12,12.2766695
8,8.1159525
9,8.883093
4,3.8721201
14,14.241966
7,6.93204
10,9.939728
2,1.9702612
5,5.110483
13,13.055625
13,13.000994
7,6.8799577
9,9.0764
9,8.947475
13,13.092555
10,9.983899
15,15.005453
14,14.314951
9,8.933753
13,12.835686
11,11.072108
7,6.918579
8,8.012871
10,10.116813
6,6.1055365
9,8.863938
10,10.00037
15,15.109084
2,2.1498978
12,11.936244
12,12.05644
6,5.9567432
6,5.8548536
8,8.097577
14,13.899077
10,10.116738
7,7.3710203
7,6.9309297
9,9.267491
7,6.8144403
6,6.0551605
13,13.136454
12,11.996306
12,12.029344
9,9.074865
5,5.135731
3,2.8592176
11,11.125824
6,6.489912
6,6.102534
11,11.105954
9,9.070342
11,11.095628
9,8.989284
9,8.9876
7,6.9852314
5,5.1412725
5,4.745998
12,12.051012
11,10.901861
7,7.153607
16,15.947377
5,4.776669
14,13.977106
7,7.0482407
7,6.963638
17,17.320269
10,10.023764
10,10.002327
15,15.03226
6,6.009266
15,15.107061
9,9.073764
12,11.960859
7,7.090686
3,2.869775
5,4.9537177
16,15.945999
11,11.023006
11,10.961422
10,10.078823
17,17.152666
4,3.867585
5,5.109834
5,4.823004
10,10.112792
7,7.018218
14,13.87106
15,15.015331
9,9.00757
13,12.9185505
17,17.026657
16,16.023338
11,10.9603
9,9.004318
11,11.186555
9,8.958703
1,0.894953
12,11.633352
7,7.0303407
8,8.038583
5,4.9797144
15,15.072086
12,12.005541
8,8.101632
14,13.968125
11,10.950347
7,7.0373807
4,3.9424644
11,10.805787
3,3.1542263
13,13.059979
7,6.9562893
11,10.934437
17,17.00706
12,12.095349
8,7.6918035
14,13.988847
10,10.185917
12,12.0167465
8,7.997582
9,8.91726
14,13.930591
12,12.07355
16,16.081978
6,6.0994434
8,7.9101133
9,8.870205
9,8.909575
14,13.967747
18,17.971954
13,12.999049
14,13.967771
13,12.962232
14,13.968935
11,10.972825
6,5.969171
21,21.00241
9,8.970534
12,12.067413
7,6.93096
16,16.146492
6,6.001602
4,3.8747525
12,12.183674
9,8.950178
9,8.894239
13,12.880961
6,5.9460096
6,6.1868176
9,8.805582
13,12.9564
9,8.848323
11,10.721378
10,10.125649
6,5.9754906
6,6.0632663
12,11.91998
8,8.148207
9,8.875812
9,9.056429
10,10.037915
14,13.968531
12,11.96953
10,9.870876
10,10.18222
13,13.016504
11,11.01716
14,13.949448
11,10.955532
8,8.080206
7,7.2025237
6,6.115472
10,10.095825
10,9.990802
9,8.971502
11,10.8842325
7,6.7588153
11,10.990144
9,8.926708
18,18.20496
12,12.061035
6,6.024835
7,7.0447507
15,14.942204
5,5.1025605
10,10.230382
11,11.035277
9,8.984714
7,7.0434284
14,13.881746
14,14.034105
17,16.863308
7,6.9841204
6,5.6654005
8,7.9557586
15,15.004596
15,15.08543
18,17.996552
11,10.915571
1,0.9264284
10,9.947011
12,11.82921
12,11.865861
11,10.93585
8,7.997089
11,11.12173
5,4.8170176
9,9.10171
11,10.985974
10,10.075059
9,8.93376
10,10.195067
13,13.002348
9,8.93015
9,9.154806
14,13.792896
12,11.990588
7,6.998895
11,11.087622
4,4.2662106
16,16.071096
9,9.084002
9,9.044193
9,9.005948
16,15.9811125
13,12.905057
4,3.943016
10,10.018614
10,10.083431
9,9.027434
13,12.995407
10,9.931359
2,1.9314303
8,7.9242024
11,10.971352
14,13.970044
3,3.012704
8,7.8876257
10,10.044021
8,8.124181
10,10.040705
14,14.210032
17,16.94149
8,8.023077
13,12.963114
13,13.081858
14,14.10434
9,8.989433
12,12.042875
8,7.830467
9,8.991451
1,0.84963316
11,10.948401
4,4.1535826
7,7.0039673
15,15.191251
16,15.603761
10,9.913379
12,11.846467
5,4.967204
12,12.094533
4,4.134517
8,8.184193
9,8.864711
7,6.90869
5,4.8936057
6,6.0162334
13,12.892211
15,14.952239
7,7.006888
14,13.955194
4,3.7490332
8,7.979404
9,8.952922
9,8.858496
11,10.891232
9,8.948194
9,8.97472
10,10.236113
3,3.2820232
12,12.056255
9,9.001731
3,2.9789379
12,12.109379
15,14.966684
12,11.962907
16,16.162373
17,16.869272
15,14.8497
20,19.916948
8,7.937551
7,7.082686
5,4.901845
6,5.958819
2,1.850898
9,9.147991
5,4.8620763
19,19.040758
10,9.976748
8,8.102839
8,7.781521
11,11.09077
11,11.260023
3,2.9418285
12,11.853224
12,12.06011
5,5.305573
8,7.9161525
7,7.023377
14,13.7472315
12,12.10102
5,4.8659163
11,10.886782
14,13.845585
8,7.971879
7,6.97108
6,6.065929
8,7.9675937
5,4.550644
8,8.005251
9,8.939867
11,10.724909
13,12.78202
5,5.2129297
6,6.2283597
12,12.052127
11,10.931724
15,15.0958185
12,12.041858
9,9.139791
9,9.15792
14,13.851643
11,10.878913
7,6.9856305
13,12.993285
8,8.106388
16,15.757855
11,11.112887
10,10.102352
10,10.116853
10,10.058991
12,12.002348
10,9.987132
14,13.921818
14,13.990027
19,18.842535
14,13.822858
14,14.048059
11,11.155773
8,8.081748
10,9.839962
8,7.937551
14,14.007562
13,12.986949
6,6.167429
1,0.8073855
7,7.0254846
7,7.0569
15,14.895548
5,5.0189233
12,11.919415
13,12.828794
13,12.785752
10,10.04401
6,5.947054
10,10.158961
6,5.9986424
9,8.930874
8,7.952232
5,5.025214
14,13.843119
8,8.077449
9,8.996335
14,14.066641
7,7.043665
5,5.1356044
8,8.101632
9,8.919297
5,4.9982734
6,6.0114517
13,13.063179
1,0.91235393
1,0.91235393
11,10.933281
10,9.85827
2,1.98419
14,13.942388
10,9.978589
10,10.0771055
10,10.0771055
9,8.893475
11,11.1423025
12,12.055953
8,8.030566
16,16.198723
13,13.096772
16,15.98396
12,12.002907
6,6.137421
12,11.721454
14,13.956805
4,4.0667925
9,8.772185
9,8.94627
12,11.973154
9,9.074865
11,11.011812
10,10.1393795
11,11.035593
10,9.967873
10,9.967873
10,9.863267
7,6.9353747
13,13.375107
15,15.03226
12,11.7911005
3,3.0146766
12,11.794829
11,10.9416
15,15.147033
15,15.113769
8,8.085329
16,15.986587
13,13.090602
17,17.085875
4,3.9518085
10,10.027919
18,18.10405
6,5.933407
7,7.0218697
14,14.068113
10,9.987492
14,13.929935
12,11.963049
4,3.8297763
7,6.999653
3,2.858124
10,9.807073
9,8.941611
7,7.179687
8,7.983161
8,8.18633
11,10.881372
8,8.096202
9,8.971471
16,16.034416
11,10.867825
7,7.063809
12,12.054809
9,9.092337
8,7.9580836
19,19.05352
11,10.983477
9,9.023911
0,0.042653363
9,8.911166
10,10.0767355
2,2.0923195
9,8.93622
9,8.912455
14,13.653133
13,13.003846
16,16.033344
9,8.741815
14,13.947473
9,9.334597
10,10.185917
3,2.9212773
7,7.1196218
17,17.004597
14,14.057118
8,8.098707
9,8.915403
11,11.120803
15,15.128776
3,3.1197088
11,11.003304
13,12.933785
5,4.8278646
17,17.045933
13,12.931354
2,1.914027
8,8.109117
5,5.047383
8,8.02276
5,4.8534813
4,3.8965628
9,9.005014
16,16.04149
5,4.955964
9,8.89116
6,6.009796
12,12.121376
8,7.996107
0,-0.13867137
5,5.092911
2,2.2029352
5,4.779107
5,5.1655655
13,13.170262
18,18.005627
12,11.862733
10,9.846443
7,6.9946136
13,12.896115
8,7.9726887
11,11.147766
5,5.0538754
8,7.9270425
15,15.1572695
6,5.8825545
11,10.93697
12,11.963014
7,7.10135
7,7.006016
6,5.947352
4,3.9361758
3,3.067656
11,10.920982
12,11.980035
11,11.020548
16,16.14454
19,18.684875
4,4.128506
5,4.9750323
11,11.07737
11,11.12352
10,10.187931
8,8.007244
4,3.755242
7,7.246531
12,11.875718
7,6.949836
10,10.04401
5,4.893462
11,10.892747
12,11.967516
8,7.9582133
6,5.8944464
11,10.919422
10,9.968114
7,6.953559
13,12.851123
11,10.779002
6,6.2012014
9,9.030149
8,7.9982767
14,14.317754
8,8.0528
10,10.079984
12,12.197669
17,16.935991
12,12.00054
9,8.815091
7,6.8626523
12,12.045107
9,8.959979
9,8.947314
14,13.951717
13,12.854796
11,10.97252
11,11.240648
10,9.815411
14,14.062749
16,16.237377
6,5.917105
9,8.8700485
4,3.9620624
8,8.152434
8,7.9482656
11,10.875893
8,7.9840994
14,13.934541
11,10.941553
9,8.969575
8,7.966178
11,10.874025
7,6.971084
7,6.969865
4,4.074894
12,11.979685
13,12.865872
8,8.203226
12,12.018373
11,10.9256935
7,6.9619193
3,3.0662858
10,10.112404
14,14.094969
14,13.906545
13,12.953024
6,6.0353417
10,9.966551
18,18.061655
10,10.047299
7,7.055686
15,14.779838
10,9.960574
17,17.211077
17,17.230822
5,5.273571
9,9.1182
15,14.909151
11,11.01098
7,7.272566
12,11.911173
12,12.081316
6,5.936641
17,17.003534
10,10.019836
2,2.0878856
8,7.927257
8,7.9924183
16,15.991966
20,19.87907
15,15.176434
19,19.20347
16,15.838776
11,10.725986
9,8.873848
9,8.975985
11,11.254439
9,9.008946
8,8.142369
16,16.153807
9,8.747015
3,3.0814712
11,11.040785
3,2.8525581
15,15.007522
6,6.152947
10,10.036403
7,7.272566
16,16.068535
17,17.041367
15,15.118805
6,6.040126
6,5.8386593
10,9.993563
15,15.0781765
12,12.261196
11,11.218863
14,13.924388
16,16.023798
16,16.175797
13,12.828884
18,17.896711
13,12.99467
7,7.1094937
11,10.950374
5,5.024544
10,9.896328
10,10.144187
10,10.127731
11,10.897225
9,8.796326
21,20.805363
9,9.053619
18,17.906883
12,12.130397
0,-0.12198355
13,13.017646
13,13.110239
6,5.942574
2,2.0356255
11,11.20605
2,2.0172546
15,14.81203
2,1.9354651
8,7.956855
13,12.972272
12,11.916014
11,10.938518
13,13.023965
9,9.056506
10,10.006441
16,16.031748
12,11.850165
9,8.867513
17,17.214298
11,11.072114
11,10.960474
10,9.779351
12,11.999133
12,11.974953
14,14.02054
19,18.892344
6,5.97958
8,8.074111
2,2.0007427
6,6.0329413
11,11.055088
9,8.993051
1,0.9189955
10,9.933113
10,9.928769
18,18.039528
10,9.980982
9,8.964265
9,9.031274
10,9.977478
10,10.117161
10,10.106701
10,9.933882
15,14.846206
12,12.015716
14,13.754108
3,3.0119984
16,15.912421
7,7.4108047
11,10.896389
2,1.9411445
10,10.148583
7,7.0878053
11,10.871578
11,10.943858
2,2.0577705
15,14.980953
19,18.930527
14,13.864561
7,6.8561473
15,15.014271
5,5.0816135
8,7.9472485
17,17.056034
4,3.9298117
13,12.876041
12,12.14529
13,13.025279
13,12.942156
12,11.94028
3,3.0616903
16,16.065447
5,4.8936057
9,8.930405
1,0.84963316
5,5.0820994
13,13.131524
9,9.067782
15,14.99467
15,14.99467
9,8.926541
10,9.963631
10,10.059747
15,15.08543
13,12.862215
9,9.074283
12,11.968601
13,13.019198
8,7.892617
14,13.874877
9,9.101906
15,15.002184
13,12.842233
10,10.002788
8,7.8182764
12,12.0804405
9,8.919251
7,7.0550475
14,14.041459
14,13.7341
18,17.921595
11,10.997911
5,5.020066
13,12.984542
12,12.107069
7,7.115261
11,10.928481
11,10.958475
4,4.2888083
10,10.149691
12,12.051035
20,20.080603
10,10.155202
9,9.050477
15,14.912695
9,8.846193
9,9.074695
10,10.226626
6,6.077025
15,15.222375
5,5.0403333
10,9.961719
10,9.899715
12,12.038869
9,9.172519
15,15.166277
9,8.943411
8,8.293541
6,6.0565405
7,6.989626
16,15.959286
14,13.952114
13,13.064615
12,11.941057
17,16.987719
4,4.085243
10,10.001711
11,10.934437
16,15.960531
13,12.798084
7,7.1534233
11,10.891244
11,11.056793
9,8.836342
13,13.119217
12,12.020812
6,6.003419
16,15.956679
18,18.150208
7,7.050366
11,11.005473
9,8.993464
11,11.190458
17,17.017067
9,8.860232
13,13.119544
10,10.062887
7,7.011767
10,9.944132
17,17.100117
10,10.047183
4,3.7793136
11,10.963747
11,11.057443
7,6.9852767
9,9.099681
14,13.660702
10,9.999229
5,5.0238714
14,13.906608
8,7.826868
13,13.128966
10,10.086548
10,10.002212
9,8.86701
8,8.087593
7,6.9344
8,7.8659406
7,7.0350533
15,14.967554
14,13.949448
14,14.0134325
10,10.066922
11,10.9226465
16,16.088226
14,13.971725
11,10.856199
12,11.881792
9,9.050283
7,6.963443
9,8.945506
15,15.078695
15,15.148336
10,10.210931
3,2.8018894
3,2.780224
10,9.867038
6,5.918127
13,13.024034
13,12.792972
10,9.995232
6,6.055458
5,4.8786435
5,5.0134377
1,0.9848292
10,10.076504
6,5.916174
4,4.0370927
6,6.3930006
8,8.133334
6,6.3930006
9,8.867001
8,7.983674
10,9.972966
8,8.133334
10,10.00186
12,11.9962435
9,8.980713
4,4.0512705
12,11.930372
11,11.078236
11,10.951377
10,10.120945
9,8.936526
15,15.227215
13,12.880091
14,14.033615
9,8.926098
9,8.938213
8,7.8878627
6,6.0214605
16,16.188023
8,7.8817577
10,10.033485
15,14.994439
4,4.0680614
11,10.929937
14,13.957508
9,8.902512
18,17.891531
7,7.274478
7,7.069737
14,13.984764
4,4.1602974
11,11.093442
4,4.108375
11,11.031343
4,3.9411714
9,9.182352
5,5.02607
7,6.953461
12,12.130757
12,12.018776
10,9.936615
9,8.934415
10,10.001952
11,10.984833
11,11.035407
12,12.1305065
7,7.006306
7,7.064021
9,9.086427
10,10.029811
14,14.19007
8,7.99807
15,14.809934
12,11.854467
12,11.92334
7,7.030252
12,11.986968
10,10.063377
15,14.96233
16,16.024769
14,14.050298
6,6.117986
6,5.934867
15,14.956289
10,10.193848
12,11.870861
13,13.101596
12,12.065509
10,9.980713
5,5.134258
11,10.989659
11,10.944224
17,17.029774
6,6.065888
14,13.874444
14,13.943209
7,6.9636607
0,-0.11784884
6,5.912708
5,5.1349173
8,7.994476
9,8.9445305
6,6.2414565
3,3.0816703
0,-0.13393451
9,8.97403
8,8.206215
7,7.0494895
7,6.9601593
5,4.962052
10,10.161999
7,6.93704
2,1.9835286
12,12.154511
12,12.141288
9,9.046772
14,14.033685
11,11.287527
10,10.092492
11,10.99273
12,12.05764
2,1.9499655
9,8.974273
7,6.9089165
13,12.938899
12,11.785592
11,11.140305
13,12.786913
8,8.114328
11,10.872597
12,11.845539
11,10.941673
8,7.949911
16,16.075968
15,15.032055
10,10.030093
11,10.902588
2,1.9261445
9,9.000067
5,4.954341
11,11.018697
8,8.015351
6,6.0460477
14,14.033615
10,10.013621
5,5.024544
10,9.992133
13,12.999775
7,6.9470153
7,6.9688034
13,12.9125185
0,-0.14449431
13,12.9125185
5,4.756303
13,13.04237
11,11.034145
5,5.084891
17,17.018148
13,13.002244
16,15.920481
14,14.00204
8,8.00807
7,7.1180596
16,15.981783
12,12.080758
11,11.090785
17,17.071245
12,12.145873
15,15.153305
14,14.350423
8,8.050474
11,10.927586
9,8.973567
10,9.985104
8,8.080873
7,6.93096
8,7.8950253
15,14.998092
9,9.136245
12,12.058923
8,8.152905
15,14.979289
12,11.933989
15,14.979289
13,12.786783
13,13.082073
13,12.728885
12,11.907154
10,10.030669
14,13.876332
17,17.125744
10,10.196845
5,5.094689
6,6.029347
15,14.952239
13,12.980623
10,10.012664
6,5.9455266
12,11.91998
5,5.0419765
12,11.654639
5,5.0419765
6,6.066304
5,5.0419765
10,10.082617
12,11.9168625
10,10.043507
12,12.016414
10,9.897236
8,7.7124734
12,11.806379
7,7.0229645
10,9.901331
7,7.2007113
11,10.904295
12,11.9838505
21,21.079567
7,6.9619193
12,11.793526
12,11.9517145
5,5.1263647
12,12.079217
10,10.010134
17,16.939714
9,9.194672
5,4.981568
10,10.189517
5,4.93815
14,13.805782
12,11.768035
17,16.91769
8,8.173138
8,7.9365096
13,12.670046
12,12.042615
12,11.837023
11,10.920698
3,3.0091503
6,5.892374
5,5.1861296
12,11.977966
15,14.97271
16,16.116663
7,6.9649076
11,11.092965
5,4.9134836
4,4.018821
11,10.90204
6,6.021991
9,9.09803
10,10.287688
10,9.946355
14,13.771295
10,9.92249
14,13.922188
11,10.793853
17,16.968987
9,8.993479
1,0.94350326
14,13.801476
4,4.168969
8,7.9691257
5,5.2754526
8,8.008169
3,2.8336012
8,7.9588985
15,14.890701
6,5.9100013
12,11.792301
19,18.837261
9,8.97519
13,13.038996
1,1.1563199
3,2.9227617
12,12.107823
11,10.900816
17,16.935621
0,0.06515481
13,12.8766775
16,15.970253
12,11.703003
10,9.979293
17,16.995445
17,17.122309
5,4.772735
10,10.09629
1,1.0356439
10,9.886169
2,1.8483107
6,5.9060974
15,15.048346
7,7.0361414
11,11.123682
8,7.953595
6,6.1256084
13,13.164738
7,7.1066704
16,16.09084
18,18.256344
11,11.052433
10,10.073004
7,7.1652412
16,16.058712
15,15.1126375
5,5.0404606
6,6.069159
6,5.959355
14,14.187369
5,4.872018
16,16.0223
15,14.90925
15,14.932577
8,8.0752
4,3.765603
6,5.9802275
8,8.140607
7,7.171598
13,13.049385
14,13.864106
7,7.132842
10,10.092639
0,-0.13419993
12,12.143872
12,12.143796
4,4.2384906
10,10.382171
10,9.999569
17,17.352137
11,11.060577
16,16.052965
6,6.146458
5,5.0161824
15,15.052457
10,10.077722
12,11.971954
6,6.0164976
9,8.857117
13,13.169669
8,7.716429
7,7.171598
12,12.104719
14,14.071429
7,7.1549597
14,14.058989
13,12.831402
14,13.814358
8,8.100835
8,8.12471
7,7.0104933
11,11.14291
3,2.793676
15,14.950039
15,15.082603
12,12.072817
15,14.751895
11,11.087197
11,10.920968
11,10.843667
4,3.7940311
8,8.0588665
14,13.816329
8,7.750819
10,10.307493
11,10.955353
12,12.208582
8,8.202571
13,12.751987
9,9.444827
12,12.2785
9,8.796326
18,18.371376
10,9.846282
18,17.772667
11,11.106904
9,8.8941
6,5.917968
13,13.110239
12,11.937209
6,6.099879
10,10.05514
3,3.0572715
10,10.054555
13,12.9400625
13,12.911679
3,3.3418543
12,11.842441
5,5.0688024
21,20.800291
9,9.076256
6,6.108497
10,9.964377
8,7.9937778
12,11.8680105
11,10.9394655
5,5.040606
11,11.165591
16,15.975521
17,16.97185
6,6.3185167
10,10.132222
15,14.918239
13,12.930776
11,10.729028
2,1.9379382
11,10.996542
7,6.937703
6,6.100138
16,16.179842
16,16.041079
18,18.01755
20,19.926271
14,13.883135
9,9.023181
10,10.120027
10,10.253822
15,15.201519
9,9.076337
4,4.079087
10,9.861321
7,6.92628
16,15.956469
16,16.045492
1,1.018216
10,10.249922
11,11.009771
6,5.9309373
13,12.962382
11,11.20605
8,7.941172
16,16.048996
5,5.03424
9,8.909824
9,8.967804
8,7.974063
17,17.1948
10,10.0244875
14,13.79826
15,14.991932
9,8.908922
18,17.872585
16,15.873788
5,5.05774
8,7.7866683
7,7.008193
18,17.969233
10,10.003705
10,10.144987
11,11.075262
1,0.8547937
11,11.10101
8,7.997909
7,6.9044847
5,4.953207
1,0.92914546
10,10.060182
7,7.042248
16,16.026566
14,13.849301
11,10.973081
11,11.015442
15,15.030908
7,7.0812726
9,8.818802
3,3.0614738
2,1.9649061
12,12.048798
10,10.071958
10,10.160237
11,10.952667
9,9.079272
7,7.022037
13,12.868055
8,7.9951587
5,5.0592184
4,3.9923525
16,15.994425
9,8.919399
1,1.0087178
11,11.2046585
9,8.994534
11,11.100356
10,10.099739
9,8.968859
1,0.9427092
8,7.940964
14,13.923436
8,7.9244285
10,10.305244
11,11.219188
11,10.761597
11,10.972017
14,13.72096
11,10.90738
10,9.904178
16,16.106043
5,5.019007
14,13.937521
8,8.067408
9,9.004046
9,8.923196
9,8.923196
9,8.877887
9,8.963925
7,7.050043
3,3.0028028
3,2.9964051
9,8.920362
11,10.962467
7,7.097523
6,5.973114
6,6.2894497
16,16.123838
11,10.990144
10,10.18358
14,13.85351
5,4.9670386
6,5.95259
15,15.012262
17,16.95677
14,13.988709
2,1.6896485
15,15.012262
8,7.9472437
11,10.65935
7,6.8626547
8,8.184193
7,6.9067883
11,11.020992
11,11.092047
17,16.897049
7,7.1883626
7,6.969865
10,10.020661
8,8.231725
6,6.027364
7,6.9862747
9,8.922874
2,1.9061108
7,7.1813135
16,16.159132
9,8.95562
2,1.9411445
8,7.9463615
11,10.967438
8,8.01593
12,12.175296
4,4.0235596
11,11.155496
10,10.082107
7,6.9873013
11,10.983064
6,5.972896
13,13.028875
8,7.9982767
7,7.0161734
10,10.364079
11,10.955394
10,10.033032
9,9.031215
6,6.33572
10,9.845298
4,3.9361465
11,11.098366
11,11.095604
8,8.048474
1,0.6753959
16,15.980964
6,6.036335
2,2.2142146
17,16.896639
1,1.0161927
3,3.090085
17,16.973541
11,11.07812
14,14.025175
5,5.0141544
15,15.033264
10,9.966926
5,4.9248114
12,12.071584
14,13.91737
12,12.211907
14,13.925323
0,-0.14126809
10,10.067175
11,10.848027
18,17.880064
12,12.116088
13,13.119065
7,7.091889
7,6.9955497
14,13.926375
3,3.1542263
9,8.945955
13,12.921154
13,12.929683
9,8.997287
4,3.968801
15,15.213066
12,11.774743
11,11.0016575
8,7.9914846
7,6.9524813
7,7.0174246
7,6.926407
5,4.8380594
17,16.904379
6,6.052894
13,12.882474
7,6.882117
13,13.0071
11,11.0426855
7,7.006018
12,12.021411
13,12.773867
15,15.043571
10,9.9326515
7,7.0257983
7,6.997977
6,5.8648906
10,10.182061
14,13.654991
4,3.947006
17,17.023653
3,2.965572
6,6.075035
9,8.899748
19,18.941097
11,10.973783
13,13.073332
12,11.958077
14,13.684541
13,13.038914
15,14.698997
17,16.940115
12,12.090032
17,17.175224
7,7.1466804
9,9.074283
7,6.8879976
9,9.0194025
19,19.139936
17,17.151545
12,12.071641
7,6.6788254
7,7.045087
10,9.798119
12,12.039608
10,10.01999
11,11.174909
11,10.7811
9,8.91527
10,10.067065
4,3.951125
9,8.896652
7,6.8878903
1,0.9084044
12,11.94447
4,3.9946983
13,12.98205
8,7.9113846
8,7.9674115
11,11.036435
16,15.893748
14,13.858945
11,10.908104
11,10.894456
9,8.73363
10,10.040191
6,6.102086
8,8.118953
7,6.8304725
5,4.987498
10,9.866119
11,11.157316
9,8.901504
10,9.845298
8,7.810611
6,5.917105
13,12.979048
10,9.943731
12,12.172572
14,13.8437395
6,5.9401484
12,11.834551
8,7.886546
17,16.933174
6,6.076398
2,1.9795418
6,5.9758143
2,2.076675
13,12.954606
14,13.951479
12,12.093389
13,13.250936
10,9.893367
10,10.16488
11,10.848853
12,12.078882
12,11.8718605
7,7.0104656
11,10.953012
9,8.934028
5,5.0982127
5,4.967785
6,5.9582186
11,10.985746
7,6.9442663
14,13.801903
3,3.0693102
11,11.0645275
10,9.93449
6,6.032295
10,10.034203
14,14.021146
11,11.008232
12,11.968976
7,7.00597
11,11.155773
8,7.9168577
14,13.935451
13,13.005833
11,11.030749
7,7.1390357
14,13.892068
11,11.083887
7,7.074164
2,1.759661
3,2.9929655
10,10.070799
8,8.064486
12,11.86544
8,7.7859063
9,8.941226
10,9.906027
4,4.0923405
6,6.067877
7,6.9830003
7,7.200296
1,1.174691
5,4.9814897
11,11.245322
3,3.1186845
9,9.002368
9,8.8494625
8,8.030146
13,13.171978
12,12.05557
2,1.8891402
16,16.072859
10,9.971493
5,5.083805
7,7.069242
4,3.9383142
15,15.008216
12,12.034804
11,10.805787
5,4.7989454
7,7.167498
9,9.005439
7,7.016486
12,12.148156
9,9.0312605
11,10.964604
10,10.098374
13,12.917783
5,4.9336705
2,1.9499655
2,2.1498978
2,1.8532361
14,13.951572
11,11.096032
9,8.746118
1,1.074443
19,19.08007
2,1.8626825
13,13.222894
6,5.829843
11,10.934437
4,3.8718793
12,12.034565
9,9.032091
12,11.988383
5,5.0036407
12,11.900374
12,11.772152
14,14.069473
16,16.18732
18,18.017551
10,10.01863
10,10.217697
11,11.118599
2,2.086227
12,11.953234
3,2.871567
6,5.9560533
6,5.83824
6,5.936759
7,7.1253896
9,8.860232
14,13.993541
13,12.84459
14,13.968208
10,10.100692
10,9.892415
13,12.932357
11,11.164526
12,12.036917
10,10.083976
5,4.979704
11,10.903305
5,5.0567436
8,8.005224
10,9.890307
13,12.853327
12,11.918661
8,8.005267
8,8.077972
20,19.979437
13,13.230774
13,13.061853
5,4.971719
5,4.9034634
13,12.814248
8,7.9865074
13,13.130956
3,2.8653462
11,11.106973
20,20.340483
2,1.9314218
7,7.0946603
3,3.144236
18,17.89177
15,14.968128
5,4.94367
14,14.025942
14,13.947473
9,8.88187
6,5.852529
5,4.8066077
9,8.888193
9,9.027109
10,9.905842
16,15.981528
10,10.112434
11,11.079885
10,10.227793
10,9.946326
11,11.11402
11,11.163344
6,5.9782357
11,11.023015
15,15.081949
12,12.072412
10,10.123459
15,15.018215
16,16.035086
14,13.998546
10,10.026972
12,11.886151
2,2.2514145
12,12.217403
8,8.040986
9,9.02206
10,10.007292
11,10.927132
11,10.943212
10,10.252142
7,7.1498456
2,1.8187135
13,12.8015995
12,12.147667
8,7.836783
8,7.9860997
10,10.323373
11,11.04935
14,14.007235
12,11.991371
12,11.906176
1,1.1945413
10,9.904197
7,6.9826264
13,13.082888
13,12.957678
7,7.0343475
5,5.094689
5,5.271315
6,6.029347
10,9.982956
10,10.046684
10,10.195005
14,13.8053055
15,15.005699
10,9.979339
8,8.056135
6,6.235306
6,5.7761636
7,7.0902696
10,10.129467
5,5.124416
14,13.9686
10,10.126989
13,12.984838
10,10.185744
10,10.164887
13,12.785624
8,8.047133
6,6.0460515
5,5.0425253
4,3.909321
10,9.826688
12,12.003441
7,7.016441
8,8.065789
13,13.06016
14,13.899543
15,14.969201
7,6.9722295
9,8.989995
11,11.053186
7,7.101452
9,8.962906
13,13.168284
13,13.120556
11,11.140305
11,11.068113
7,7.1038404
14,13.945646
9,8.934613
13,13.00252
12,11.922147
11,10.895163
12,11.849907
10,10.0570755
10,10.066603
10,9.965059
13,12.812196
4,4.300842
13,12.836529
14,14.051454
14,13.946263
12,12.016617
15,14.987347
5,4.950403
15,14.886698
7,7.1153545
7,7.007762
4,3.8699212
15,14.937068
12,12.009394
7,7.0320253
11,10.910036
7,7.1038446
9,8.839279
15,15.081795
8,7.9487133
9,8.872213
12,11.9085455
4,3.774871
10,9.966465
6,5.9687457
10,9.968428
6,5.969171
6,5.969171
4,3.9756346
14,14.015633
18,17.688648
15,15.020181
2,1.9551349
9,8.950914
20,20.229607
11,10.955532
13,12.966031
9,9.030291
11,11.061977
11,11.164267
11,11.162056
10,10.163483
11,10.859243
19,19.133205
10,9.969547
11,11.042076
15,14.97924
6,5.913417
4,4.2384906
13,13.158087
9,8.885918
6,5.9751997
10,9.948758
7,7.065146
12,11.920121
6,6.0130525
15,14.910048
10,10.031511
15,14.964327
9,8.998509
6,5.9132195
13,12.865169
7,6.8815136
12,11.993255
8,7.988288
14,13.834779
3,2.8044577
3,3.1783323
3,2.94973
7,6.817369
8,8.047421
7,6.90869
11,11.163352
19,19.20891
12,11.916489
5,5.0029097
10,9.952789
9,8.966726
14,13.908832
10,9.934622
6,6.012382
14,13.994247
7,7.2037992
7,6.9621887
9,9.083767
3,3.0405338
9,8.93124
8,7.8600173
2,2.0431986
14,14.009485
13,12.728007
10,10.005656
11,11.215701
14,14.010511
9,9.071969
10,10.167604
7,7.0220933
5,5.121621
13,13.110452
13,13.005704
10,9.82702
13,13.082375
10,10.049907
19,19.046047
14,13.96
5,5.0332866
11,11.043344
12,11.94869
13,12.854525
9,8.88916
10,9.994071
14,13.956593
14,13.913411
10,9.994071
15,15.011981
10,9.999354
8,8.1470175
12,11.94869
15,15.198657
11,11.068204
10,9.862114
12,11.911173
15,15.038175
10,9.923794
7,6.9931846
6,5.8878856
7,7.003959
16,15.87962
10,10.065907
14,14.150754
13,13.1968
14,14.1354265
10,9.970726
9,9.152853
2,1.9142416
4,4.1831765
14,13.958462
1,1.1129624
13,12.9723625
14,13.926483
8,8.173936
12,12.09172
16,16.076872
7,6.9237337
9,8.998332
0,-0.14314862
14,13.892041
10,9.866598
7,6.8750014
12,12.170721
10,9.861402
11,11.170802
10,9.826309
12,11.967502
10,10.121455
5,5.045676
8,7.956724
13,13.034269
19,19.122433
16,15.991966
1,0.68624383
9,8.818802
8,7.9510975
8,8.231725
8,7.9403863
10,10.063683
16,16.132614
13,12.841187
7,6.8110843
9,8.92598
7,6.8826547
13,13.008315
12,12.022621
6,6.1124725
17,17.086048
6,6.145677
12,12.054895
15,14.836219
3,3.152082
2,2.0289686
14,13.845585
6,6.036656
2,1.7029707
21,21.067171
12,12.037279
4,4.4507074
21,21.099386
8,7.8311167
2,2.1185386
11,10.869844
0,-0.13723594
7,7.0812726
12,11.992105
13,13.228592
11,10.9060755
6,6.1165833
5,4.9614835
5,5.112994
10,10.06536
20,20.08177
20,20.08177
16,16.207842
12,12.002744
16,16.063004
8,7.849625
12,12.126933
16,16.048058
14,13.976533
11,10.869844
6,6.193871
10,10.30183
13,12.710718
16,16.074553
2,2.10487
8,8.044253
20,19.969212
14,13.88651
9,9.137572
18,17.917185
10,10.020624
8,8.017586
8,7.886622
5,5.1024256
9,9.040808
9,9.059964
16,15.842829
1,1.1001731
1,0.9608952
9,8.943425
4,4.0861807
5,4.9579964
11,11.120356
13,12.8926525
10,9.938646
7,6.9099793
10,9.946524
10,10.101769
7,6.8681865
16,16.241032
13,12.881773
12,11.861157
7,6.869567
11,10.936431
12,11.675951
10,9.853021
10,10.011208
11,10.94295
9,9.118199
11,11.169132
20,20.378063
5,5.043933
4,4.195104
9,8.902741
4,3.999185
8,7.862078
13,12.990683
16,15.99813
6,6.040948
10,10.032522
14,14.017598
14,13.853616
13,13.039678
14,13.567649
10,10.127872
12,12.002622
14,13.98792
7,6.9720225
14,14.306503
17,16.937405
10,10.174539
14,13.97488
2,2.1185386
11,11.160887
6,5.93033
8,7.974788
8,8.08213
15,15.119806
13,12.791935
4,3.7647073
9,9.09681
10,10.15503
8,7.802158
5,4.925884
11,10.857515
13,13.205395
18,18.166573
20,20.184736
5,4.8683667
9,9.118272
4,4.221119
8,7.9832945
2,1.7502562
11,11.187006
4,3.9859092
10,9.9925165
10,9.889232
12,12.011043
13,12.811001
10,10.167034
8,7.9142156
14,13.884973
9,8.900653
5,4.8170176
11,11.063935
8,8.025213
7,6.706544
5,5.03456
5,5.0349274
1,0.9397326
7,7.098281
15,15.140447
10,9.893367
6,6.028285
15,15.041841
10,10.063471
15,14.955705
4,4.0504684
17,16.978493
9,8.934506
13,12.96625
10,10.0617485
3,2.88438
15,15.047996
12,11.895454
6,6.0555997
15,14.908924
9,8.830774
10,9.958236
8,8.1431055
5,5.310065
13,12.819481
10,9.9453335
11,10.891626
7,7.0361414
13,12.914718
9,9.118199
15,15.002443
11,11.038921
13,12.775144
9,8.925306
4,3.8496158
10,9.958651
4,3.8517334
5,5.026522
7,7.05816
14,13.993065
7,6.992698
7,6.9934726
3,2.7641866
8,8.011321
8,7.840945
18,18.17413
18,18.168726
12,11.942579
10,9.892903
17,16.989061
13,12.944753
7,6.973403
9,8.969416
10,10.097681
11,11.033445
10,9.9635725
11,11.085609
9,8.83432
14,13.94684
16,15.928692
11,10.82965
8,8.073685
15,14.953688
9,9.093774
4,3.8118339
4,4.233348
1,1.1563199
11,10.799772
11,10.798096
10,10.086163
20,20.041325
12,11.897934
11,10.90972
5,5.2196846
14,14.034674
14,13.983642
6,6.117164
6,6.025916
10,10.032855
11,10.902522
10,10.05587
18,17.972372
8,7.916811
11,11.102726
8,8.139513
8,8.175148
12,12.233655
11,11.277577
8,7.802152
10,10.114669
11,10.883678
9,8.967907
9,9.034602
6,6.0492
2,1.7652705
7,7.096774
8,8.030216
11,10.850246
15,14.936905
15,15.12497
7,6.988777
3,2.8708086
15,15.293307
10,9.96965
9,9.046196
8,7.805954
20,20.212381
11,10.941132
14,14.006685
11,11.037045
14,13.968595
10,9.995045
7,6.9237337
14,14.034467
12,12.262275
10,10.0656395
6,6.0994434
8,8.050871
6,6.0869694
6,6.1220827
8,7.9194307
7,6.921358
7,7.051171
14,13.944147
10,9.935709
13,13.121799
15,15.034728
8,8.03186
13,12.9088745
11,11.080301
7,6.7738743
11,11.023295
7,6.963638
3,2.8154633
11,10.838695
11,10.919538
9,9.057936
1,0.93964815
10,9.9276905
14,13.967623
18,18.209263
13,13.197296
17,17.108023
8,7.9658475
9,9.126482
10,10.278801
9,8.895039
11,11.073297
7,7.0812726
14,13.986675
15,14.801374
8,8.080206
6,6.120182
15,15.058
12,12.129734
6,5.936548
10,10.139986
10,10.12573
14,13.916374
3,3.040364
14,13.930698
4,4.1187305
11,10.901708
9,8.865092
15,15.076805
4,3.9744923
9,9.172519
14,13.927914
16,16.069962
9,8.843301
9,8.869953
14,13.868054
10,9.836065
15,15.039769
11,10.986255
10,9.91754
2,1.9535093
11,10.92171
4,3.9385262
17,16.89222
15,15.057872
7,7.155246
13,12.973695
11,10.943858
11,11.117529
7,7.0532775
9,8.82007
13,13.056273
7,6.9679923
11,11.235128
18,17.873888
10,10.039718
14,14.039848
5,5.1413236
12,11.942704
11,10.994113
7,7.060397
8,8.080145
1,0.9197921
13,13.028416
10,10.079639
8,7.950446
1,0.9357848
14,14.068626
15,15.049617
10,10.0121975
13,13.134436
4,4.0156875
4,4.06495
7,7.023774
8,8.101288
14,14.030915
19,18.937075
10,10.120266
9,9.174835
12,11.844174
13,12.853327
5,5.1410046
18,17.856941
10,10.094833
7,7.023449
13,12.89234
5,4.9928455
6,5.97601
21,20.868156
11,10.9254875
7,7.006048
11,10.969457
10,9.939692
4,3.965779
11,10.983619
15,14.834434
6,6.0036516
16,16.02838
8,8.028925
10,10.234088
9,9.1960945
5,5.0903187
13,13.053457
15,15.160373
9,8.915621
10,10.120739
9,8.74688
12,12.078053
12,12.205121
5,5.06219
13,12.926342
11,10.801748
14,13.562411
9,8.991284
11,10.903241
11,11.090808
9,8.877875
14,14.239489
7,7.0508347
17,16.891266
16,16.028212
12,11.643789
5,5.1655655
4,3.8971741
12,11.784489
12,11.996104
11,11.010905
11,10.995957
12,12.101343
8,8.002742
8,8.096202
7,7.0326543
9,9.064154
10,10.139986
5,4.8446627
5,4.8446627
11,11.041437
11,10.999089
7,7.0900483
6,5.993814
20,19.75244
2,1.8140668
8,7.874503
7,7.1423216
11,10.8982935
10,10.07116
10,10.02732
7,7.0252333
5,5.103914
10,10.061261
10,10.085795
9,8.867917
7,7.0550475
7,7.151462
15,14.962011
13,12.956793
10,10.036878
10,10.041062
8,8.084437
16,16.07955
14,14.013033
8,7.9754066
5,5.222771
8,8.1731
8,8.0583935
12,12.141288
14,13.8362875
6,6.092179
12,12.002316
8,8.006353
7,6.8940153
2,1.7571442
1,1.0826021
15,14.943469
20,20.004908
14,13.980168
4,4.0113297
19,19.11553
13,13.044127
9,9.048918
9,9.134225
11,11.093159
6,5.982553
10,10.06172
13,13.057007
19,19.1619
13,13.139455
7,6.778841
7,7.045865
8,7.916554
7,6.908627
7,6.9619193
11,11.061284
10,9.955957
11,10.970382
15,15.009735
17,16.989622
3,3.0964015
13,13.104409
11,10.970904
11,11.14374
14,14.026159
7,7.1641912
14,14.04204
12,12.0066
13,12.843177
5,4.915985
9,8.919058
12,11.944638
10,10.268725
10,9.90841
11,11.051151
10,10.198078
8,7.979032
7,6.9619193
2,1.8831701
6,6.0205855
3,2.796735
10,9.966551
5,5.0468426
6,6.065238
12,12.129725
10,9.999354
9,8.949729
11,11.07157
5,4.9336705
2,1.8790014
2,1.8790014
13,13.052419
6,5.896577
1,0.95243233
11,11.020897
3,2.797126
12,11.934619
11,10.901617
9,8.977764
10,10.07072
13,12.902196
7,7.0456443
19,18.952435
8,7.918012
5,5.1186466
13,13.042532
14,13.886638
1,0.69694805
3,3.168025
11,11.0291395
12,12.038009
15,15.101049
14,14.012991
9,8.930914
9,8.911552
16,16.255777
7,6.84379
13,12.730822
12,11.880487
2,2.1128218
10,10.0054
6,6.0634456
7,7.0028753
6,6.0634456
3,2.7560778
11,10.869305
11,11.006789
11,11.014203
11,10.872523
17,16.864805
10,9.940311
10,10.072834
2,2.0940306
8,8.042039
10,9.902203
3,3.1202767
12,11.990452
9,9.069345
6,5.7620964
6,5.9749575
10,9.934194
11,10.90166
0,-0.13267449
6,5.997796
9,9.056366
8,7.901936
9,8.947033
10,9.929528
13,12.901517
6,6.2057447
8,7.997089
12,11.971618
8,7.930858
9,8.973245
11,10.913572
11,10.727065
7,7.016884
7,6.914116
10,10.149711
0,-0.13405682
9,9.138282
7,6.9955497
7,7.0821176
7,7.0821176
6,5.9942493
9,8.969606
17,17.081757
8,7.997089
12,12.003729
19,19.115665
11,10.916722
7,6.953892
10,10.157826
20,20.023626
13,13.132455
19,19.042912
18,18.11443
12,12.269624
10,9.975297
13,13.020084
12,11.820512
3,3.0794318
5,4.9770374
9,8.87922
10,9.937056
16,15.911453
6,6.0700746
17,16.817104
9,8.978378
6,5.9574013
10,10.199875
10,9.975767
4,4.276022
9,8.857
10,10.076743
12,11.900078
9,8.963082
11,11.0880165
11,11.124485
9,9.154806
9,9.041733
8,7.8889284
9,8.869282
14,13.878913
11,10.958806
12,12.023732
13,13.036268
10,10.043769
8,7.9896975
9,8.931506
9,9.0239105
6,6.222426
2,1.850898
14,14.091198
8,7.881823
5,5.0528145
11,11.016612
0,-0.117031686
11,11.042201
10,10.029414
6,6.054459
9,9.104126
9,9.107769
10,9.83593
14,13.85323
11,11.106728
6,6.0169106
7,6.882117
10,10.1640215
6,5.953634
18,18.244087
12,12.045107
8,7.775238
11,10.868302
17,17.261171
5,5.158329
9,8.896652
4,3.969041
6,6.060661
10,10.305244
2,2.0832748
5,5.0396895
10,9.9914875
5,5.134258
18,17.859821
2,1.97305
13,13.057662
13,12.796711
14,13.905893
8,8.133334
15,14.999696
12,12.0087805
10,10.2287035
1,0.707105
8,8.057855
3,3.0305378
2,2.0488343
11,11.203988
9,8.956938
13,12.886998
7,6.8927894
12,11.964017
9,9.0239105
8,8.070803
3,3.1344273
11,11.141286
14,13.871238
7,6.984727
6,6.088684
5,4.784213
15,15.064651
7,7.057151
10,10.12901
9,8.996335
20,20.120592
9,8.854921
12,12.043638
11,10.98229
13,12.987449
6,6.357199
10,9.999729
4,4.0579133
9,8.971278
13,12.970873
11,11.102244
14,13.858009
14,13.845585
7,6.7588153
7,6.9673896
12,12.072412
7,7.0302114
14,14.175957
15,15.05046
6,6.3599515
9,8.96468
10,9.9528055
9,9.042918
15,14.941848
7,6.9415064
17,16.950819
19,19.026876
5,5.024544
10,10.064474
9,9.083767
5,5.007655
4,3.974693
5,5.0688024
4,3.7925189
9,8.9876
8,7.927437
13,13.037007
13,12.88227
11,10.94295
4,4.04382
17,17.1948
13,12.939856
12,11.69124
12,12.088212
10,10.232955
13,12.947748
17,17.036884
7,6.9304805
6,6.08886
9,9.078631
10,10.062387
14,14.111543
8,7.9933186
7,7.152722
10,10.018912
14,14.048059
9,8.8947315
9,9.182921
11,11.094774
9,8.838543
11,10.913796
12,11.9827
11,11.0114565
13,12.9322605
5,5.094689
13,12.969607
15,14.845207
5,5.1142955
9,9.037061
17,17.073006
14,14.109009
6,5.957559
9,9.000892
7,6.951433
12,11.8668585
6,6.4496737
18,18.119066
10,9.860773
7,7.012734
15,14.998092
7,6.9110465
13,13.045206
5,4.9768615
14,14.346401
6,6.0112615
4,4.081805
9,9.113959
16,16.071974
13,12.9545
12,12.074481
16,15.928817
16,15.941565
12,11.859411
9,9.026697
19,19.029034
10,10.0796995
10,9.9296465
7,6.97821
14,13.64607
10,10.206309
12,12.017909
11,10.961887
18,18.189196
13,12.903827
10,10.303412
12,11.982497
11,10.94608
8,8.039898
11,10.961088
8,8.103082
8,7.9310627
7,7.042659
7,7.0764265
9,8.834844
14,13.944555
5,4.8857727
9,9.239637
12,11.695651
10,10.024758
8,7.9673944
11,10.963114
11,10.967125
7,7.1096654
7,6.972114
8,7.974929
13,12.863374
16,16.054117
13,13.009006
7,6.8626547
8,7.920566
3,3.0586793
3,2.8044577
22,21.837807
4,3.8356302
7,7.0273743
11,11.01004
16,15.905873
8,7.9160376
8,7.9906855
8,8.028251
11,11.240491
12,12.040073
5,5.042479
13,12.717358
17,16.91769
15,14.963767
15,14.949787
3,2.9979222
8,7.971384
10,10.268405
13,13.002244
10,9.868289
10,9.9025135
9,8.9575615
9,9.029254
15,14.810122
8,8.005984
10,9.987657
10,10.163084
11,10.929061
10,10.048364
18,18.140804
20,19.897787
20,20.237675
3,3.0160558
2,2.1498978
10,10.189782
11,10.809912
12,11.920265
10,9.936683
14,14.03463
18,18.130386
16,16.239033
15,14.87791
10,10.065164
10,10.024754
11,11.235128
4,3.9830418
6,5.7926784
11,11.018697
11,10.755847
7,6.9160466
13,13.02864
7,6.840319
8,7.9648833
6,6.0711417
6,5.9999375
7,7.1057115
13,12.9683075
6,6.026984
21,21.08906
13,13.016616
11,10.877698
4,3.9961116
6,5.900507
16,16.00911
16,15.842608
15,14.948775
14,13.937039
17,17.315022
8,8.152902
8,7.859306
6,6.0438895
11,11.036156
10,10.102748
5,4.959574
4,4.074717
7,6.9606895
10,10.158924
5,4.9285808
12,11.998107
7,7.1324353
15,15.250679
13,13.127228
9,8.993961
12,12.167065
10,9.911152
18,18.011702
10,9.984482
8,7.9157257
15,15.032724
11,11.023319
9,8.733541
10,10.008009
12,11.928674
7,7.1110625
12,11.91871
8,7.9412117
7,7.1071463
17,16.977947
6,6.061004
6,6.048201
17,16.990326
15,14.944987
8,7.7674136
9,9.087474
2,1.9314218
11,11.072254
10,9.933487
9,9.031962
17,17.10289
12,12.060697
11,10.946594
6,5.9309373
6,5.9775805
6,6.1310134
10,10.278181
9,8.898478
11,10.983922
13,13.056518
9,9.015946
7,7.1790338
9,8.841952
11,10.979489
6,5.9561744
2,2.072645
9,8.825273
17,17.219244
10,10.222219
13,13.026099
7,7.0616493
6,5.973114
8,7.8454895
6,6.3622866
6,6.338277
12,12.185106
14,13.832711
10,9.921968
15,15.011361
11,11.031434
6,6.0585093
6,6.0994434
10,9.960095
7,7.012578
9,9.053202
17,16.822346
13,13.037605
9,8.969189
13,13.0374565
11,11.068252
14,13.771138
6,5.79079
4,4.017364
10,9.985829
11,11.161195
14,13.982184
7,6.9637074
9,8.946768
22,21.913008
15,15.038067
10,9.926543
18,18.086637
9,8.842574
11,10.864891
10,10.300794
10,10.174588
17,17.24427
12,12.122946
10,10.136957
11,11.01361
6,5.918918
10,10.180294
2,2.0483694
10,9.9986925
10,9.937077
7,6.926407
11,11.100432
13,12.879392
11,10.986737
12,11.93621
11,11.260023
13,12.93408
5,5.122116
10,10.050872
8,8.006665
12,11.957904
7,7.0216007
9,8.9863825
8,7.9256544
19,19.10444
2,2.0279152
10,10.18957
8,7.949892
5,4.8883495
8,8.18129
3,3.1542263
10,10.027152
10,10.052672
10,10.17208
17,17.017347
13,12.940084
4,3.9321415
16,15.987599
13,13.116168
8,7.97668
6,5.9786563
12,12.253756
10,10.037808
10,10.037808
8,7.982817
11,11.044549
15,14.9615965
6,6.095915
8,7.978938
13,12.932973
10,10.156104
4,4.0596685
2,1.9827361
4,4.0245333
8,7.9912677
7,7.0239367
11,11.096293
10,9.850312
9,8.898805
7,7.0214896
10,10.037915
5,5.0131755
14,13.900455
11,11.165445
14,14.2089
12,12.024194
15,14.857397
14,13.852585
14,14.11769
11,11.043915
10,10.187977
14,13.8224535
11,10.851109
13,12.954015
15,14.98369
13,12.964283
13,12.979711
6,5.9834986
9,8.95289
6,5.998574
7,7.0981064
7,7.057593
14,13.919462
4,3.8965628
13,12.862168
7,6.8525705
14,14.06344
13,13.206318
12,12.007212
4,3.9812546
15,14.98369
18,18.135311
12,11.935411
7,7.0345254
11,11.217306
8,7.884798
14,13.943302
17,17.105608
12,11.969909
10,10.330168
5,4.8761907
8,8.165638
9,8.781288
7,6.91332
7,6.928932
6,6.009352
16,16.117521
13,12.803318
11,11.042496
10,9.936957
10,9.8499565
7,6.968002
17,17.129536
12,11.833648
14,14.110782
7,7.0978312
1,0.84963316
10,10.198482
9,8.746118
12,11.872371
11,11.075822
5,5.019424
7,6.938751
11,10.919321
9,8.966372
7,7.023402
8,7.8182764
8,7.9891887
15,15.083124
12,11.980691
6,6.046831
6,5.8489513
13,12.816714
14,13.975862
10,10.0527315
16,15.987625
11,10.753338
11,10.944282
19,19.17163
13,12.994445
6,6.1285834
13,12.807957
7,7.071008
10,9.91529
8,8.012587
13,13.029236
11,11.17134
13,12.944753
1,1.088754
16,15.894187
15,15.171723
15,14.977253
15,15.003197
12,11.900266
15,14.897676
6,5.964644
1,0.98447037
4,3.8507524
1,0.959605
2,2.0666668
6,6.086658
6,6.1639214
16,15.963586
16,16.111645
2,1.8869902
3,2.941875
4,4.0518317
11,11.023264
3,2.875037
13,12.7713785
19,19.090094
10,10.039529
10,10.147451
14,13.942148
4,4.070708
5,4.696801
12,11.987534
7,7.113725
6,5.863713
15,15.014412
13,12.9362545
16,16.076662
6,5.887766
9,9.049611
14,14.139501
12,11.963049
8,7.955279
8,7.978938
15,15.018663
15,15.017383
5,4.764414
13,13.064794
11,10.899308
7,6.973403
7,7.05816
10,9.992907
10,9.875226
9,9.000027
10,10.080049
8,8.150169
12,12.029689
8,7.878769
5,4.972696
7,6.969567
7,7.0361414
16,16.0271
10,10.068136
16,15.886765
15,15.093615
7,7.1652412
9,8.891224
13,13.056079
11,10.885877
12,11.881792
8,7.995562
10,9.994477
9,8.970364
9,8.970364
10,10.191909
5,5.0758314
13,12.8646755
14,14.09253
20,20.032211
12,12.135481
12,12.081084
6,6.2616043
6,5.8165193
4,3.9477403
14,13.853662
10,10.3005085
9,9.037061
9,9.237558
10,10.217697
3,3.0609984
16,16.006712
11,10.9252405
3,2.7821524
15,14.9709635
5,5.002802
5,5.325306
16,16.071917
7,7.1041746
11,11.174058
5,5.325306
11,11.044785
16,16.044516
9,9.180466
13,12.980748
1,0.907099
15,14.984407
13,13.005704
8,7.9340277
9,9.238747
9,8.971471
11,10.955532
7,6.939149
10,10.112307
6,6.0768046
7,6.914116
10,10.049744
8,8.043548
5,5.1769133
3,2.778512
16,15.961756
13,12.900941
10,10.038862
14,14.101287
8,8.270842
5,4.920922
6,6.2810473
10,10.086626
2,2.1062503
9,8.942131
17,17.114994
7,6.997977
17,16.90402
8,8.044344
7,7.054886
5,4.884076
7,7.112108
5,5.2699423
10,10.008632
10,10.113614
13,12.812196
10,10.060854
10,9.808961
12,11.92075
17,16.91208
8,8.079386
3,2.8805203
18,17.875933
7,6.9318657
13,12.863174
10,10.119072
6,6.2286053
18,18.099684
10,10.07294
8,7.962387
1,0.9624018
12,11.89593
4,3.9180164
8,7.8966255
5,5.0891347
12,11.945999
17,16.749987
11,11.154133
11,10.971352
8,7.948826
9,8.969416
5,5.1631308
15,14.983214
8,8.118657
10,9.9865465
11,11.20276
15,14.991601
14,13.914557
10,10.048425
13,13.236687
17,17.064133
11,10.869289
13,13.096358
7,7.0066037
11,11.025973
12,11.69124
6,6.025269
6,6.106904
9,9.004077
6,6.020919
8,7.954144
5,4.9393225
18,18.081583
3,3.2135465
5,4.991215
11,11.156025
6,5.865126
6,5.912322
7,6.916002
6,6.097808
7,7.0014286
1,0.9294053
8,7.761854
11,10.987926
13,13.009078
14,13.7865305
11,11.051822
7,6.9959054
15,15.098568
4,3.9518933
15,14.978429
17,17.085634
4,3.8517334
9,9.284652
13,13.141452
8,8.1431055
10,9.995156
4,3.9639175
15,15.014967
13,12.8978615
10,10.123258
8,7.8696737
10,10.1868
9,8.863938
15,14.953688
7,6.9408565
12,12.038973
10,9.946081
5,5.0123067
13,12.945264
8,8.103336
15,15.118399
12,12.012906
8,7.925569
5,4.947745
4,3.8785174
16,16.090624
13,12.948642
15,14.892362
10,10.145849
6,5.936336
9,8.904523
12,12.170984
14,14.004646
12,12.106349
3,2.9891639
9,9.0275545
8,8.00072
7,6.942403
16,16.052567
11,10.903006
6,6.0011096
9,8.904523
16,15.881802
11,10.955353
20,19.966825
11,10.9782915
5,4.9557843
12,12.071936
8,7.9598455
11,11.024357
11,10.931982
11,10.88697
19,19.086962
10,9.898012
21,21.030436
19,18.946882
11,10.744566
15,14.855514
13,13.042698
8,7.924022
11,11.075303
9,8.972123
9,8.956395
11,11.023015
14,13.945176
11,10.902928
2,1.7776096
18,18.178402
9,9.031962
14,13.994205
19,19.015057
13,13.161812
12,11.992974
2,2.151873
17,16.949387
6,5.957559
9,9.082109
5,5.084889
15,14.80973
14,13.820101
16,15.835152
12,11.968388
7,7.033751
20,20.425337
5,4.8675523
13,12.85549
6,5.9185333
16,16.084631
10,10.019187
5,5.1552525
16,15.881556
16,16.047852
3,3.140674
13,12.920914
10,9.884062
12,12.065815
7,7.003885
8,7.8957524
7,7.1024594
7,7.097826
8,8.106082
13,12.990475
10,9.77993
13,13.211238
10,9.94641
11,10.930767
9,9.134225
11,11.054878
1,1.0447217
5,5.1093354
11,11.25973
11,11.258301
11,10.9574995
11,10.904534
6,6.0353417
1,0.92914546
8,7.9458804
1,0.88997054
8,8.169813
7,6.9190927
14,13.912827
11,10.892003
8,8.052703
9,9.013221
7,7.025077
5,5.071592
20,20.057016
14,13.991836
8,8.014748
7,7.0878053
5,5.131465
10,10.021212
3,2.986673
4,3.8843598
13,12.866755
10,9.826066
12,12.0059
12,12.01958
12,12.053401
7,7.1301413
12,11.872371
11,11.032588
8,7.912568
12,12.021699
18,18.061005
15,15.094504
13,13.178511
11,10.972825
5,5.2358913
9,9.055237
9,9.063786
14,14.075705
12,12.135322
5,5.083506
10,9.961323
13,13.035778
20,19.719751
14,13.842902
14,14.009127
6,5.989164
7,7.0764265
8,8.137036
8,8.036549
13,12.969233
11,11.153497
13,12.967561
4,3.7652645
11,10.883036
11,11.175756
2,2.0829723
14,13.810763
18,17.930637
8,8.027989
1,0.7187756
11,10.98342
15,15.011981
11,11.00648
9,9.100854
11,10.890581
5,4.8668814
15,15.112552
11,11.146265
13,12.870366
15,14.956289
16,15.971934
12,11.918333
5,5.131533
9,9.104836
4,3.8766596
6,6.13308
10,10.02722
8,8.00008
11,10.926851
1,1.0112392
10,10.068757
6,5.9119205
13,12.896532
10,10.010025
6,5.918127
13,12.918103
16,16.154896
10,10.072975
13,12.879192
14,14.0718355
6,6.0036516
12,11.922197
12,12.129094
6,6.0126743
15,15.065538
10,10.01466
8,7.911127
11,11.128287
7,6.9946136
9,9.062458
8,7.8558226
14,13.999772
13,13.083844
9,8.909197
8,8.022268
11,11.0091505
6,5.9505143
11,11.095711
11,11.068227
11,11.068533
11,11.021541
13,13.012462
9,9.103423
9,8.795101
13,13.141702
9,9.204324
7,6.9482417
15,15.039109
8,8.050575
4,4.034901
4,3.9946983
19,18.917894
15,15.172245
12,11.939617
18,18.081093
12,12.002682
6,5.694289
4,4.034901
10,10.102402
6,6.156636
18,17.89672
10,10.023187
11,10.933281
9,9.043046
6,5.871422
10,10.113517
5,4.8786435
8,7.9936557
8,7.9936557
8,8.097048
7,6.9901476
2,2.1498978
3,3.0960217
8,7.925705
12,11.899411
13,12.961431
23,22.834694
6,6.034733
16,16.038555
15,15.07032
10,9.965115
13,13.038406
15,15.003333
12,11.766755
14,13.84022
13,13.142315
7,6.928512
11,10.7772665
15,14.972395
11,11.098813
16,16.1383
7,7.0104656
15,15.039151
7,6.9291115
12,12.144733
12,11.917964
15,14.975318
7,7.054318
16,15.940091
10,10.087463
15,14.971276
7,6.9442663
9,8.827014
11,10.864673
11,11.285654
11,10.926025
12,11.97181
6,6.0926423
6,5.9253297
6,5.9563537
11,11.01789
12,11.989443
13,12.98142
15,14.949787
17,17.22871
9,8.953599
10,10.149711
8,7.971384
11,11.012486
8,8.02276
2,1.9467093
8,7.934987
8,7.964243
1,1.1018041
10,10.195241
14,13.93858
10,10.1883745
1,0.7072736
12,12.091451
6,6.0117536
13,13.1009445
12,11.943179
8,8.023077
6,5.9574013
5,4.989765
3,2.7821524
8,7.8901305
8,8.110859
8,7.9831066
7,6.911132
15,15.074697
8,7.9286666
15,15.156766
11,11.035053
7,7.1428466
4,3.7084172
4,3.8459964
22,21.841822
11,10.930484
8,7.983161
8,8.053672
12,12.002816
12,12.022337
3,3.0064151
5,5.0404606
14,13.842955
11,11.09049
9,8.965017
8,7.97354
14,13.933994
12,12.127492
5,4.820109
14,14.039848
12,11.952182
17,17.386118
9,9.199216
12,11.949761
6,6.0434093
10,10.074951
11,10.998476
10,9.917463
11,11.160678
9,8.951947
9,9.009876
11,10.961887
15,15.0088625
13,12.999482
8,7.9424195
0,0.042653363
10,10.089193
9,8.892899
13,12.802605
16,16.241632
7,6.8831763
9,8.875245
11,10.956091
6,6.0100346
10,10.100512
4,3.9393868
16,16.109274
9,9.011529
14,13.906425
14,14.1485195
8,8.115069
8,8.021105
17,17.142675
12,12.065487
21,21.062542
13,13.144995
13,12.968872
12,11.909118
7,7.133655
8,7.9629416
10,10.150835
7,6.989626
16,16.221664
12,11.963512
10,10.254167
6,6.059565
11,11.163965
11,11.121014
11,11.16365
6,6.009639
3,2.7600136
8,7.859719
11,10.61674
11,11.123382
8,7.9633555
13,12.989128
9,9.015141
5,5.2129297
14,14.0718355
15,15.16739
17,17.04003
16,16.024632
6,5.963874
11,10.930754
13,12.961743
3,3.0109382
12,12.063164
7,6.773841
14,13.830082
11,10.912721
13,12.812708
13,12.98509
12,11.856662
6,6.2766666
8,8.051955
9,8.90218
4,3.8799927
11,10.996542
12,12.148317
13,13.081076
3,2.9682286
5,4.9034634
15,15.016363
10,10.079033
4,3.9516048
5,5.1113505
7,7.0662622
7,6.9562893
9,9.084006
12,11.907335
5,5.079436
10,9.995374
7,6.9408484
10,10.12092
6,6.1310287
8,7.9095993
9,9.063262
9,8.870278
13,13.148685
10,9.771213
7,6.7588153
5,5.1489615
8,7.884798
6,6.209174
11,11.053689
7,6.9183354
7,6.9870114
16,15.878906
11,10.886945
6,5.9782357
14,14.199902
13,13.115419
17,16.992004
10,10.083717
12,11.886151
9,8.97737
11,10.886945
15,14.825734
10,9.977991
10,10.071754
11,11.01716
11,10.821399
14,13.934764
3,2.796735
10,10.119103
5,4.998926
9,9.11218
10,9.987907
4,3.5680058
11,10.823295
14,14.1950035
5,5.0249243
13,12.934842
3,3.095322
14,14.111711
11,11.175756
14,13.91255
11,11.031343
13,12.984542
5,4.9285808
12,12.059548
9,8.806222
12,11.835793
5,5.0125937
1,0.7015777
2,2.0058348
12,11.948275
17,16.949831
8,7.9713616
13,13.141021
20,19.905396
19,19.135021
14,13.804161
11,10.877698
14,13.779796
15,14.944453
10,10.199178
8,8.060753
17,16.80506
12,12.0916395
1,0.89725155
10,10.102503
6,6.191054
9,8.895757
9,9.02206
11,10.890425
13,12.8607435
12,11.894556
14,13.840113
8,7.9978604
6,6.1437235
10,9.887107
6,6.1262426
15,15.025795
12,12.11783
10,10.067842
10,10.140994
8,8.022142
10,10.135791
14,14.023937
15,15.052541
6,6.008407
6,5.95338
6,5.95338
12,12.05742
4,4.2710876
7,6.9672675
12,12.24042
11,10.951459
15,15.092934
12,12.176047
13,12.933594
7,7.0846367
13,12.909642
5,4.9314036
9,9.092377
16,15.997994
13,13.08238
7,7.083549
10,10.017656
10,10.013327
10,10.099739
10,9.9256735
6,5.9756603
6,5.9295263
3,3.1730263
2,2.309542
4,4.0126104
11,11.012693
9,8.986861
9,8.872817
9,9.024414
6,5.96882
10,10.094815
7,7.2741065
7,7.1061497
14,14.086406
9,8.9345045
6,6.056704
8,8.01232
15,14.9410515
16,16.0293
9,8.8358755
9,8.864751
16,15.918067
14,14.1161785
15,14.707007
15,15.339161
17,17.095062
7,7.057593
7,6.833549
2,1.9977275
1,0.6550893
6,6.0393457
5,5.13285
5,4.8171153
12,11.90703
7,7.198345
10,9.84477
12,12.02898
12,12.068345
6,6.015329
9,8.815947
11,10.95798
12,12.07799
13,13.134855
7,7.1197066
8,8.197739
8,8.074572
13,12.951558
9,8.877302
12,12.081682
9,8.916979
16,16.109562
8,8.01115
12,11.996605
13,13.028976
9,9.04564
12,11.952484
7,7.126091
3,3.010688
7,7.3330507
7,7.063809
7,7.063809
7,7.063809
10,10.058958
21,21.01727
17,17.174713
12,11.951611
9,9.1057205
14,13.78815
10,10.069043
15,14.946047
13,13.14851
5,5.054952
5,4.9233627
13,13.14851
10,9.926201
8,7.9638033
12,12.075578
12,12.0541935
7,6.951135
12,11.909232
4,3.8926575
12,11.96288
11,10.798096
9,8.938213
10,9.96434
9,8.997116
15,15.278328
8,8.066077
8,8.057684
13,12.872575
14,14.087632
7,6.963638
7,6.95665
19,19.127855
9,8.995885
4,4.0814347
13,12.988097
12,12.061899
14,13.839158
10,9.972873
10,10.188872
2,1.9533823
11,10.89742
10,9.921968
14,13.893205
10,9.888272
10,9.887825
10,10.11423
10,9.928884
6,6.0498652
9,8.945955
16,15.96004
10,9.946081
9,8.895268
13,13.171462
12,12.132449
10,10.144194
11,10.947617
3,3.0572715
5,5.0295777
14,13.966095
7,6.958765
11,10.994613
10,9.984899
2,2.0481372
10,10.047299
10,10.113324
9,8.946768
12,11.960482
8,8.029744
3,2.9309208
7,7.2434726
11,10.934278
6,5.9060974
14,13.88169
10,9.956574
8,7.8711534
9,9.034215
10,10.006256
10,10.079063
7,6.926407
6,5.85533
3,2.7730124
7,6.910606
9,8.8687725
11,11.239592
8,8.078186
7,6.89815
9,9.032169
10,9.731395
11,11.215701
10,10.1739855
10,9.830256
12,11.951611
6,6.1961637
13,12.819028
10,9.888017
9,8.963925
9,8.9954
8,8.051302
10,9.894556
8,7.891915
8,8.02973
4,4.2568736
2,1.9429193
16,15.627887
8,7.946525
12,11.920121
3,2.9601362
5,4.8660736
10,10.111258
7,7.093203
7,7.0928016
15,15.099562
15,15.018306
11,11.084309
16,16.000916
11,11.081453
11,10.860696
11,11.079221
12,11.849205
12,12.011043
12,12.056554
14,13.881733
3,3.0879998
7,7.0120435
9,9.052947
17,17.153957
4,3.7906742
12,11.943016
18,17.912012
9,9.069682
8,8.016486
8,8.136143
14,14.06253
14,14.057192
15,15.082038
13,13.024832
14,13.786042
4,4.133703
11,11.230479
2,1.9870656
6,6.015778
11,11.009617
16,15.973645
9,8.871525
11,10.866905
9,8.980051
18,17.926754
15,15.080864
7,7.0654244
8,7.9821815
18,17.86153
13,12.895842
13,12.895842
9,8.98753
7,7.225582
5,5.233721
9,8.903471
15,14.991315
14,14.04785
8,7.944382
16,16.002924
15,14.915228
9,8.93597
10,10.068763
9,8.918839
7,7.0469704
13,13.069255
6,5.896577
8,8.265078
8,7.931491
10,9.798119
5,4.895118
18,18.090176
10,9.830673
15,14.986749
13,13.111349
17,16.933796
8,7.8221445
10,10.007349
10,10.007349
10,10.036079
8,8.096636
17,16.97185
9,8.923196
13,13.069124
11,10.890725
6,6.0184717
9,8.897821
15,15.050033
13,12.975801
15,15.071063
8,7.8296227
13,12.824964
15,15.037133
10,10.175563
12,12.017793
15,15.054784
16,15.943093
14,14.100873
13,12.903861
7,6.9721565
7,6.914116
16,15.915853
17,16.824873
14,13.979324
11,11.032947
14,14.217631
12,11.96409
8,7.881924
7,7.083571
11,10.906671
14,13.999688
12,12.0317745
9,9.091075
9,8.992556
6,5.8862906
8,7.860125
8,8.019137
8,7.9832945
7,6.8764324
8,7.896759
17,17.057102
9,9.071034
9,8.801782
15,14.929041
9,8.921513
7,6.959388
11,10.9721575
5,5.072784
6,6.0114827
0,0.03673588
3,3.183899
7,6.9081244
12,12.066065
3,3.183899
0,-0.1381733
8,7.779338
11,11.025665
10,10.203655
10,10.081555
11,11.111284
14,13.945694
13,13.062998
8,7.7608967
11,10.880424
14,14.017918
11,11.1577635
16,16.05295
0,0.055586707
12,11.993076
10,9.85199
6,6.023529
11,10.934213
11,11.102596
10,9.958714
5,4.926858
6,5.924422
11,10.916134
9,9.205915
11,10.843858
7,7.133187
8,7.929366
7,7.0091043
6,6.040609
11,10.845525
5,4.9973993
7,7.272566
14,13.832637
9,8.903085
6,5.8664923
19,18.950748
12,12.153901
14,13.980519
10,9.904197
7,7.100857
15,15.056096
17,16.973604
5,5.0238714
4,3.8772566
10,9.920164
17,16.974226
13,13.015593
6,6.047175
11,10.854046
1,1.1563199
13,13.06607
9,8.979069
13,12.830521
14,13.955895
9,9.030188
8,8.069229
15,15.007778
14,13.956361
9,8.979884
13,13.025065
7,6.9584184
11,11.01716
1,1.004817
12,11.945865
15,15.020181
8,8.067301
7,6.9873857
14,14.085032
6,6.102534
14,14.012991
11,11.035208
11,10.877513
17,17.247942
9,9.04898
15,15.047132
12,12.125446
3,3.1517394
11,10.962032
4,3.747859
7,7.0405493
15,14.958214
9,8.894441
12,11.725758
5,5.063784
8,8.047421
11,10.915301
7,7.0257983
6,6.197321
11,11.035208
5,4.9160337
0,0.03673588
15,15.110991
14,14.217631
7,7.0282946
13,12.937044
14,14.013004
14,13.94944
9,9.155605
7,7.1153545
14,14.018344
10,9.960643
10,9.962739
9,9.1888485
5,5.141963
13,12.858792
3,3.015646
7,6.976714
6,5.9124756
13,12.8711605
13,13.008885
9,9.085476
15,14.897523
15,15.162302
5,5.019194
14,14.019669
5,5.278279
5,5.00381
10,9.824295
12,12.112082
15,15.018454
16,15.971972
16,15.919909
12,11.910959
13,13.075594
16,16.157597
14,13.822858
12,12.099586
6,6.1076174
7,7.0454383
11,10.888263
8,7.9138246
18,17.992283
5,5.016234
17,17.130611
11,10.998503
15,14.948587
9,8.939929
7,6.921304
14,13.998404
13,13.081933
2,2.051326
2,1.7674072
15,14.899167
5,5.2662787
1,0.8572801
12,11.96343
4,4.2888083
12,12.162579
17,16.858816
13,13.206737
11,11.072541
10,10.067685
13,12.949203
21,20.781528
4,3.9657905
15,15.061067
15,15.038258
8,7.9568763
9,9.074695
4,3.9657905
12,12.108189
14,13.851643
10,9.956552
13,13.019168
17,16.957747
11,11.211879
8,8.058105
11,11.245845
9,8.974638
8,8.07174
7,7.018218
8,7.8555527
11,11.057443
11,11.030892
12,11.890111
14,13.85221
8,7.967027
11,10.627436
9,8.996735
8,7.8099775
5,4.752789
8,7.8878627
9,9.121647
10,9.949278
7,6.914116
10,10.190618
12,12.060648
9,8.828537
15,15.090621
17,17.117071
19,18.873276
11,10.931636
9,9.023181
7,7.303202
9,8.963343
11,11.007985
4,3.9744923
12,11.796478
9,9.053436
8,7.9824076
17,17.1948
17,17.21145
12,11.969736
10,10.120024
9,8.8584585
10,10.224777
3,3.3256996
12,11.748994
8,8.192245
17,16.954153
11,11.164135
9,8.769925
9,8.926098
12,11.9110565
13,13.056368
17,16.94249
9,9.06121
5,4.977853
9,8.870837
21,21.01727
5,5.064715
7,7.1937165
6,6.0015645
2,2.1498978
5,5.234433
14,13.962382
10,10.012821
14,14.014373
11,11.007685
15,14.994439
14,13.810352
5,4.9081206
9,8.867917
7,6.9748087
15,15.041841
10,10.01753
10,9.962831
10,10.02384
14,13.927508
6,5.8415337
12,12.075153
11,11.035561
6,6.0130095
15,15.120888
10,10.066957
10,10.065676
6,6.12131
9,9.001813
10,10.096384
12,12.037726
8,7.8817577
3,3.1716328
20,20.238998
12,11.904347
10,10.170978
3,3.015059
18,18.065342
16,15.883988
5,4.9839897
6,5.989247
4,3.8856592
13,13.155277
10,10.106882
12,11.939617
11,11.127951
6,6.0957055
13,12.985123
11,11.012579
14,13.780799
7,7.0253153
10,9.855322
19,19.139936
5,5.026522
12,11.803271
12,11.945296
6,5.988307
3,2.953654
2,1.8667504
11,10.867873
14,14.0924835
12,11.819936
10,9.826548
16,16.031748
8,7.941328
7,7.2741065
7,7.0104656
9,9.377043
8,8.12471
9,9.166624
11,10.965276
13,12.940751
13,13.040657
11,11.005094
15,15.112276
10,9.992185
12,11.861719
6,6.0354266
15,15.027372
10,10.022469
5,5.008405
10,10.4162855
14,13.949952
3,3.0633934
8,7.853803
9,8.945007
13,12.9126005
10,9.858899
13,13.234046
12,12.002622
11,11.027613
9,8.995939
13,13.027844
16,15.977423
18,18.20496
16,16.088057
10,9.862005
8,8.117133
11,11.058187
14,14.070628
12,11.979666
4,3.871224
14,13.956472
9,9.056474
14,13.71674
7,7.1002617
8,7.9815364
1,0.9264284
7,6.888137
9,8.833924
7,6.8131146
14,13.951596
3,3.1197088
9,8.965756
9,8.914925
12,12.147354
8,7.773917
12,12.147667
8,7.859647
11,11.090614
16,16.24027
16,16.237377
13,12.915776
10,10.103984
7,6.9901476
9,8.946902
16,16.168999
9,9.008741
13,12.670046
16,15.924628
10,10.017029
3,3.1329515
15,15.046958
15,15.129511
8,7.977296
12,11.993868
1,0.98399013
12,12.133996
8,8.116004
13,13.054421
10,9.900285
10,9.782867
8,7.964955
10,10.189517
11,10.963747
8,7.885803
8,8.06202
11,10.898196
10,10.095109
8,7.913099
11,10.965584
13,12.940018
8,8.011015
10,10.020551
14,14.030267
11,11.092047
16,16.334238
13,13.032454
5,5.006611
10,10.072313
10,10.14584
10,9.824591
3,2.7714844
8,7.8616843
11,11.09077
12,11.988583
9,8.939867
7,7.170426
10,9.905019
1,0.9374273
6,5.9323707
10,9.983561
5,5.120931
10,9.911221
5,5.1138053
5,5.0809774
9,8.909575
15,15.0614
4,4.0930643
12,12.002348
10,10.071442
10,10.146551
14,14.041549
8,8.079037
10,9.861402
8,8.026658
8,7.876237
13,12.954722
9,8.990113
1,1.0196065
10,10.210642
11,11.035407
11,10.904534
11,10.910107
10,10.03288
10,10.026736
10,10.086307
8,7.9302797
8,7.6918035
10,10.231575
11,10.935505
11,11.06401
10,10.124676
6,6.02087
8,7.984603
8,8.061852
12,12.054685
8,7.9482656
6,6.0632663
5,4.9316626
13,13.178881
13,13.000342
9,8.821735
8,8.002946
11,10.82734
21,21.116613
11,10.966082
7,7.020637
4,4.072003
12,11.982771
14,14.011915
12,11.91639
12,11.773703
8,8.103082
0,-0.14126809
6,5.8681874
13,13.06607
5,5.26704
10,10.020373
16,16.241632
11,11.113591
11,10.887091
7,7.14277
7,6.963638
12,11.96301
8,8.003951
13,12.85803
8,7.976273
7,6.893868
13,12.922822
5,5.080758
8,7.8696737
9,9.008819
6,6.0114827
11,10.927462
1,0.93249446
8,7.906115
11,10.966171
11,10.857318
15,15.151074
14,13.950126
15,15.1008835
15,14.979117
11,10.954571
11,11.072036
15,15.109863
14,13.943181
10,10.095705
8,7.9310327
9,9.072832
9,9.054825
6,6.1442327
17,16.98163
7,7.004195
6,5.8956366
12,11.715076
11,11.1993475
9,8.943354
5,5.227056
14,13.943319
7,6.8133984
14,13.951561
7,7.040555
10,9.910762
8,7.991774
9,8.862398
10,9.808555
11,10.923821
9,8.9461975
11,11.114374
5,4.993385
14,13.963423
14,13.9318
10,9.791262
17,17.042627
17,17.036924
11,10.998081
5,4.893653
6,6.091218
10,10.061389
8,8.118129
0,-0.11836908
14,14.095132
12,11.946613
19,18.945133
13,13.024273
16,15.880991
15,14.9869
15,15.074779
13,12.890451
9,8.97472
8,8.033818
6,6.099314
7,7.408955
8,7.9914846
8,7.816673
10,10.075496
11,11.2007065
7,6.9190927
9,8.867056
12,11.96402
2,2.0618002
16,16.005104
4,3.9361465
14,14.020521
6,6.2131405
9,9.0737705
9,8.917752
6,5.9905534
9,8.928878
17,17.107718
8,7.9913344
7,6.8826547
14,14.0748625
11,10.830164
3,3.2643645
10,10.137806
5,5.1856313
11,11.105123
11,11.090115
9,9.031937
15,15.0350685
8,7.833483
2,2.1449158
9,8.888412
5,5.0454164
11,11.104689
8,8.007462
3,2.9580007
5,5.021396
14,13.972064
3,3.2637596
10,10.0314045
6,5.753466
18,17.880184
18,18.219011
9,8.979311
6,5.953005
4,3.9959805
18,17.994219
6,6.02013
16,16.070488
4,3.771323
11,10.989659
12,11.964931
6,6.209174
9,8.950504
8,8.06574
8,8.071511
7,7.1499386
11,10.987123
9,9.125286
4,3.9859092
13,12.990684
10,9.895611
5,4.872018
18,17.921799
11,10.98896
6,5.6654005
8,7.874843
12,11.974457
11,11.053112
15,14.9512415
12,11.968601
8,7.958631
8,7.8946114
13,13.009006
7,6.9877324
8,8.188642
13,13.003491
4,4.040302
1,0.8480028
10,10.221869
5,5.03456
9,8.95327
10,9.982825
5,4.922965
5,5.051677
7,6.9902177
6,6.1029053
9,9.205124
10,9.9397955
9,8.968876
6,5.868224
12,11.912175
6,6.008407
9,9.0312605
8,8.053719
4,3.984825
9,8.921231
9,8.943411
12,11.998945
9,9.137613
8,8.161635
11,10.913572
6,6.12539
13,12.865469
18,18.340504
12,11.806379
9,8.89116
7,6.9062023
8,7.9591727
8,7.9821477
12,11.897212
15,15.07636
11,10.98153
8,8.064486
4,4.1282
6,6.032295
13,12.930207
10,9.94421
10,10.07414
10,10.127716
10,10.095825
9,9.059964
13,12.992902
3,2.8702495
7,6.8831763
7,6.885138
11,10.845576
7,7.0348477
14,13.6684675
15,15.084747
9,9.118433
5,4.8774257
9,9.118199
11,11.007175
11,11.019536
16,16.471104
8,7.9687967
12,11.972271
7,7.0068316
6,6.115526
12,12.252416
14,14.012589
9,8.974477
14,13.945333
12,11.9605465
19,18.52091
8,7.810611
6,6.2766666
8,7.8960567
13,12.874236
8,7.9400024
2,2.086724
12,11.844303
15,15.186763
10,10.116928
10,10.127085
13,12.958018
8,7.923927
9,8.979795
4,4.119596
10,10.0155945
13,12.808119
12,12.024265
2,2.072009
9,9.399414
10,10.224855
12,12.059353
8,7.895674
12,12.099629
9,8.95972
12,12.01958
12,11.833447
7,7.078709
2,2.0368104
1,0.854566
19,19.258204
10,9.976351
8,7.981347
2,2.0261838
10,10.134523
17,17.31095
14,13.71324
9,8.863134
11,11.004577
2,2.0888524
10,9.903305
12,11.888773
9,8.990798
7,7.1937165
11,10.930767
14,14.163929
17,17.045784
13,13.207649
12,12.007212
15,14.998749
16,15.781038
7,7.1870837
11,11.046154
4,3.9127297
16,16.070166
9,8.974172
7,6.8803067
11,10.934868
8,7.8910365
14,14.094969
14,14.094969
14,14.000739
6,6.0163345
15,15.083963
13,13.001514
10,10.190094
10,9.982609
9,8.9515085
11,11.143557
7,7.296473
12,11.785592
11,11.044206
10,10.178739
10,10.057352
2,1.7502562
12,11.893969
13,12.847233
10,10.302783
8,8.083995
7,6.988956
11,11.035407
9,8.944561
18,18.038162
9,8.989433
8,7.9165087
8,8.148389
6,6.145677
18,18.049448
3,3.139354
10,9.776204
11,10.842041
4,4.0342035
8,8.109564
12,11.986968
10,9.866418
11,10.879367
11,10.954602
18,18.181063
9,9.008543
12,11.875541
8,8.255656
12,11.816604
15,14.61111
7,6.9720225
17,17.330431
8,7.9840994
11,11.113199
6,6.0205426
2,1.8204926
10,10.068132
15,14.947032
11,10.84839
5,4.9931602
5,4.992555
12,12.124384
7,6.815472
6,6.033473
6,5.952629
15,14.801727
8,8.109544
8,8.024978
7,6.89815
13,12.954623
14,13.943181
10,10.148999
14,13.800484
17,16.954853
8,7.8450327
9,9.090457
9,9.078104
8,7.8181167
19,19.136776
9,8.881458
8,8.017832
13,12.994533
14,13.899219
14,13.753197
11,10.950516
8,8.030346
10,10.037194
2,1.9853829
2,2.0392673
14,13.824788
11,10.983771
13,12.922805
14,14.046689
6,6.1160574
14,13.771137
12,12.048656
4,3.899961
17,17.320778
8,7.85438
9,8.889686
10,10.052042
10,10.025013
6,5.9728346
13,12.877963
2,1.9357493
8,8.035043
10,10.060293
5,4.940811
13,12.863374
10,9.961719
18,18.131992
7,6.8489347
15,15.018454
10,9.830673
9,9.057916
10,9.9468565
9,8.873358
9,8.882607
15,14.973579
6,5.7928133
10,9.878946
6,6.076616
10,9.94426
16,16.008259
17,16.775085
11,11.096674
10,10.057386
15,15.027372
5,4.845837
15,14.958751
10,9.90834
6,5.93033
7,7.0319157
4,4.05937
10,10.007292
12,11.96769
13,13.035056
10,10.283771
19,18.943373
8,8.144023
8,8.144628
8,8.144628
7,6.7805367
10,9.947672
13,13.044242
18,18.093985
4,3.8260162
11,11.194632
17,16.975574
11,11.196426
14,13.956194
8,7.935777
12,11.777298
8,8.033902
11,11.076415
5,5.135731
10,9.890666
18,18.31023
8,8.151156
15,15.014412
9,9.034849
9,8.930914
13,12.765677
14,13.9066305
11,10.936842
12,12.291721
13,13.051259
11,11.048223
14,13.69168
11,11.081759
3,3.0324728
6,5.9802275
9,9.04926
6,6.069437
3,2.9883726
9,9.180847
5,4.760627
2,1.9573364
4,4.134355
9,9.075665
9,8.942433
8,8.027069
9,9.065125
8,8.028539
13,12.914187
10,10.043459
11,10.881018
7,7.2896576
11,10.951845
14,13.904228
4,4.0086136
17,16.955439
9,8.823141
12,12.113563
14,13.883114
6,6.133626
14,13.862164
14,13.840661
6,5.9884605
5,5.1680226
2,2.0919456
4,4.143461
8,8.091438
6,5.9587674
11,10.941553
12,12.112676
14,14.0134325
13,12.980151
15,14.964132
7,6.996566
4,4.138153
15,14.837383
13,13.15287
20,20.029842
9,8.996067
10,10.080839
9,9.267491
9,8.983491
10,10.157826
9,9.058519
4,4.1231847
14,14.122068
8,8.148639
12,11.8383665
11,11.011531
6,6.1496277
14,13.944197
9,8.993903
13,13.059228
7,7.153779
11,11.168659
7,7.066528
6,5.908966
7,6.7259574
9,9.172519
7,6.951135
5,4.876609
11,10.935375
8,7.8711534
10,10.032203
13,12.8684845
11,11.073698
7,6.9871225
11,11.06679
10,10.058105
9,9.106461
8,8.074745
8,8.08405
19,18.978342
11,10.898979
7,6.918579
13,13.04764
7,6.9619193
9,8.863156
17,16.833933
9,8.9575615
9,8.953073
6,6.134088
12,11.806341
11,10.8350935
10,10.025234
8,8.070793
14,14.062888
11,11.008232
10,9.827082
7,7.286909
14,14.008106
5,5.021798
11,11.105954
11,10.933281
4,3.9123034
16,16.073364
15,15.04627
6,5.935928
8,8.116843
6,6.099184
7,7.011767
8,7.8404818
3,3.0188143
15,15.058384
10,10.087425
2,2.0172677
10,9.979003
10,10.334217
9,9.023135
6,5.9856386
7,7.1345634
6,5.897941
7,7.0265374
12,11.944638
6,5.930827
9,9.189154
2,1.9829439
2,1.9829439
10,10.046235
8,7.9189916
13,12.974095
5,5.278279
11,11.037824
5,4.8743544
12,12.066065
4,3.9118896
4,3.9157305
10,10.0288315
14,14.012245
12,12.048589
15,14.9647255
10,10.121455
8,8.0811825
14,13.8487625
4,3.8965628
7,7.0345254
8,7.8798184
6,5.957559
12,11.8381815
15,14.967554
11,10.957976
14,13.949448
11,10.918067
16,15.937441
15,14.986147
12,12.038009
12,12.037684
14,13.866891
13,12.945406
7,7.028836
7,7.0476522
6,6.1913943
12,12.075673
5,4.866377
12,11.991371
9,9.005831
11,10.794796
17,17.02191
8,7.9248
11,10.920904
4,4.075888
12,12.012906
16,15.975811
8,7.9537067
6,6.108131
5,4.9638424
11,10.8982935
14,13.916076
11,11.068638
5,4.783422
8,7.9345956
5,5.1294227
5,4.7036643
8,7.9409676
11,11.102681
10,10.2176
8,7.9537067
5,5.02969
7,6.89502
5,5.155094
10,9.995773
5,4.8815966
13,12.983039
10,10.3170185
10,9.93082
11,11.040043
12,12.009394
9,8.988199
7,6.89502
14,13.915965
1,1.088754
8,7.918326
14,13.848898
10,10.066857
11,11.007212
9,9.011963
15,15.013882
13,12.999123
8,7.964955
12,11.873905
11,10.868995
5,4.9036536
8,8.238226
14,14.181215
11,10.974312
10,10.032855
13,12.936805
11,11.0461235
12,12.096639
15,14.994439
12,11.8130665
12,12.106569
10,10.012821
8,7.9789443
12,12.135743
6,6.154898
10,10.021931
9,8.936526
8,7.940798
13,12.710346
21,21.04867
7,7.0314255
15,15.053115
12,12.017531
5,4.998771
7,6.917876
17,17.012558
11,10.993335
11,10.772
8,8.150397
8,7.9789443
9,8.867771
8,8.080822
11,10.929907
5,5.1640525
5,4.8981476
13,12.879181
7,6.8589683
6,6.109273
1,0.96957487
15,15.047024
4,4.0550756
10,9.974526
6,6.066095
7,6.9901366
14,13.934371
10,10.192605
8,7.853619
14,13.933877
8,8.028608
8,7.9409947
14,13.847056
7,6.8613224
15,14.820879
7,7.0111237
7,6.8652673
9,9.028661
9,8.902678
11,11.004023
9,8.959617
8,8.322855
7,7.042248
11,11.025346
9,8.937513
9,8.949655
13,12.932357
10,9.985829
7,6.9742293
8,7.8496747
8,8.023006
10,9.880093
12,12.082147
11,11.129336
12,12.02854
8,8.018426
9,8.947152
12,11.998714
8,8.021339
8,7.9705806
8,7.921115
10,10.144744
10,10.094437
8,7.9705806
2,1.9888866
10,10.198078
14,14.088834
10,10.187931
3,3.1519783
5,5.1759744
8,7.935906
9,8.984265
9,8.871525
6,6.100516
10,9.883355
10,9.923177
20,19.975834
14,14.043771
4,4.0261908
14,13.956343
5,5.0953865
13,12.948642
10,9.90416
13,13.213033
9,9.116436
13,13.080757
3,2.967557
13,12.953055
6,6.167429
13,13.017182
5,4.6873646
9,9.11453
6,6.1258802
10,10.013886
5,4.938448
10,9.812837
10,10.028198
4,3.771323
4,3.8627782
14,13.998498
12,11.96288
16,15.780476
8,7.953875
15,15.132877
8,7.824792
12,12.058276
7,6.92628
5,5.05774
14,13.7341
13,13.022363
10,9.792488
12,11.992105
12,11.862358
7,6.989626
5,5.0174947
16,15.898898
9,8.904635
9,8.998218
7,7.043993
6,6.0869694
13,12.879008
13,13.106638
10,9.857873
13,13.139123
6,5.8967705
9,9.1156435
8,7.9743404
13,13.087445
12,11.833746
10,10.154811
10,9.939592
7,6.912449
13,13.019053
10,9.930507
5,4.990305
11,10.996174
8,7.974881
15,14.9228735
7,6.8981037
9,8.922643
10,10.039894
7,6.8824077
8,8.035704
8,8.035704
16,16.09157
13,12.958018
3,2.7730124
8,8.055392
13,12.819099
11,11.031441
9,9.096968
3,3.2211266
15,14.800318
12,11.883178
10,9.922485
9,9.053436
14,13.867031
9,9.029571
4,4.028664
7,7.111637
10,10.103984
11,10.943697
13,12.942787
11,11.1160755
12,12.051123
11,10.881158
9,9.044882
5,5.2177916
8,8.151859
11,11.187761
8,8.014208
8,7.915021
12,12.052127
6,6.007517
11,10.7772665
8,8.018152
8,7.817492
8,8.162339
11,10.934835
6,6.137723
8,8.096985
1,1.0486552
11,10.899847
9,9.022354
13,13.027844
10,9.967873
8,8.009603
10,10.18593
11,10.898979
9,9.031997
6,6.043792
19,18.884762
12,12.006655
16,15.842523
4,4.0245333
4,4.039029
5,5.0163436
7,6.9637794
13,12.854341
8,7.985867
18,17.98005
18,17.853247
19,18.93079
14,13.986992
8,7.8711534
0,0.029073201
15,14.95727
16,15.937441
5,4.696801
11,11.072905
12,11.956729
8,7.8736305
18,17.80748
11,11.111284
12,12.007893
6,5.8299284
8,7.8058815
13,12.945069
10,10.074951
8,8.040035
18,17.905594
15,14.966158
6,5.936266
8,8.00517
7,7.0461707
11,11.030749
9,9.091328
14,13.943958
9,8.935124
9,9.016726
1,0.90548444
13,13.004411
12,11.876785
2,2.0590847
12,11.930372
5,4.7666464
12,11.979201
8,8.00807
8,7.8807445
15,14.860946
4,3.9992201
14,13.991918
10,10.077712
11,10.888799
19,18.883623
13,13.135152
7,6.9764915
15,15.07382
8,8.044921
16,16.071142
16,16.14457
10,9.957556
5,4.96964
6,5.9669175
10,9.996621
10,9.996621
3,2.9573603
2,1.8483107
8,8.054384
9,9.142088
9,9.144588
12,12.105784
13,12.983039
4,4.134517
8,7.943121
6,6.1271906
8,8.030261
11,10.904819
10,10.083651
14,14.187369
11,10.77739
13,13.16702
5,4.85327
8,7.8274817
16,15.920242
4,3.9857366
11,11.076817
9,8.840046
12,12.063239
13,12.865169
10,10.180226
17,17.137297
11,10.942516
10,9.911412
10,10.180238
10,10.069799
10,10.297549
9,9.05334
13,12.888732
12,12.16851
12,11.965872
15,15.198043
13,12.951034
11,10.958645
13,12.928561
11,10.926025
11,11.077162
6,6.0768046
6,5.668327
16,15.971434
9,8.949006
8,8.057794
2,1.8933216
13,12.919177
12,11.829505
9,8.879101
9,8.98998
9,8.842398
12,11.849205
6,6.037595
10,10.068846
13,13.048408
2,1.8933216
6,6.0638328
9,9.160573
16,16.091362
8,8.122628
12,12.291701
13,13.045206
15,14.903193
16,15.895442
13,13.099514
10,10.239104
9,9.138418
11,11.27833
8,7.9142756
11,10.95407
11,11.000571
12,11.985947
17,17.085861
14,13.958088
14,14.1012745
4,4.1131053
3,3.1335628
9,8.89039
12,12.103233
2,2.0957286
9,8.821735
15,14.959063
9,9.117183
2,1.9645327
10,9.746892
10,9.940311
11,11.115948
4,4.0278225
6,5.8944464
9,9.04118
7,6.959274
14,14.107402
7,7.0373807
11,10.841885
6,5.9931026
10,9.781928
11,10.970987
14,13.921489
4,4.054653
1,0.9067038
14,13.888041
11,11.051282
11,11.066383
0,-0.13109747
10,10.0388565
8,8.125418
9,8.928002
11,11.032009
13,12.856965
9,9.19894
11,11.079323
22,22.115929
8,8.2713
7,7.0146956
6,5.9295263
12,11.843458
7,6.921358
16,15.97185
6,5.95338
12,12.017469
7,6.989567
4,3.8426929
8,8.149156
8,7.962992
13,12.803327
19,18.770426
15,14.964376
10,9.920043
7,6.9742293
10,10.098109
9,9.029754
13,13.042783
8,8.182338
10,9.900054
11,11.018904
10,10.01209
15,14.964376
6,5.9840593
19,19.026876
14,13.963748
9,8.984265
4,3.96793
2,2.0599856
11,11.275973
1,0.95686543
10,9.921565
9,9.067227
8,8.238226
0,0.03200192
14,14.010766
10,10.017281
2,2.1898308
12,11.976802
10,10.03161
12,12.108557
8,7.968506
7,6.852083
12,11.93889
7,6.9068155
16,16.189932
13,12.994611
11,10.909437
11,11.294247
5,4.892598
15,15.047027
12,11.986682
9,8.907211
9,8.969147
10,9.826548
15,14.9588585
10,10.030663
8,8.044669
7,6.827592
12,12.164303
10,9.87278
4,3.9979255
13,12.994533
12,11.96953
10,9.756636
10,10.060521
10,10.014618
1,0.9259043
6,6.1586323
10,10.126389
18,18.216913
16,15.961686
8,7.6985884
8,7.698919
5,4.8636966
7,7.059585
2,2.1173196
10,10.200077
16,15.987599
2,2.2942138
17,17.087187
14,13.892065
10,10.032855
9,8.934517
7,7.0189867
13,13.275463
9,8.910038
10,10.040446
13,13.15048
8,7.9858236
10,10.027198
14,14.131456
8,8.0261965
4,3.9740226
11,11.021444
10,9.859814
9,8.954012
8,7.99522
13,12.90136
8,7.8891373
10,10.04401
6,5.9645467
4,3.8866143
11,10.867217
15,14.994439
3,3.0189455
8,8.067671
11,10.99273
11,11.126597
12,11.860336
13,13.044127
6,6.1476135
4,4.0590873
9,8.830401
9,8.867784
13,12.931112
13,13.09113
16,15.997058
7,6.9400296
7,6.9035034
21,20.72043
6,6.003662
15,14.987845
11,11.028954
13,13.055465
20,19.564466
9,8.956192
11,11.154133
12,12.133689
12,12.002985
10,9.947018
13,13.07732
13,12.960048
17,16.981068
5,5.1391945
11,11.040881
9,9.050477
16,15.948825
9,9.056366
19,19.00219
5,4.996674
14,13.80335
16,16.10265
12,12.061048
8,7.7859063
17,16.950382
11,10.929828
0,-0.13267449
14,13.9780855
18,18.080322
11,10.956143
7,6.915299
13,13.014319
6,6.1035886
4,4.0926266
13,12.865872
13,12.909469
13,12.909469
6,6.1437235
8,8.031193
10,10.094568
11,10.994613
6,5.957879
13,12.909257
16,15.986587
9,9.031983
5,5.1898766
6,6.045111
6,5.953533
10,9.97794
10,10.108717
14,13.764511
14,14.09253
14,13.951717
10,10.082617
9,8.917781
4,3.9353452
18,18.245981
9,8.934506
2,1.7234622
1,0.96436864
11,11.001054
4,4.0712194
11,11.069299
9,9.156295
10,9.9287
10,10.004859
10,10.036878
13,12.984542
7,6.9326034
10,10.106865
11,11.016047
10,10.323373
12,11.936352
6,6.0798492
6,6.235306
7,6.805011
15,14.941979
12,12.028664
10,10.059806
5,5.0534573
14,13.788866
10,10.050872
4,3.8008087
7,7.0620403
14,14.179196
10,10.283352
7,6.9867573
5,4.9931602
7,7.10675
6,6.032252
7,7.0777106
8,7.946358
5,4.932201
15,14.793213
7,6.970279
11,11.089632
7,6.936761
9,9.028303
12,12.073303
10,9.871641
9,9.096304
8,7.963155
20,19.979506
11,10.953115
19,18.968851
10,9.902203
5,4.999777
15,15.08543
10,10.052331
11,10.966176
14,13.828413
8,7.9746556
13,13.093782
4,3.8290305
18,17.919329
13,12.910861
7,7.1859384
10,9.9256735
12,11.981775
4,3.9601903
15,15.036478
10,9.939122
11,10.988939
10,10.043764
9,8.997295
7,6.885962
12,12.080664
18,17.885786
14,14.000739
9,9.032343
11,10.934672
12,11.73865
6,5.844949
9,8.967272
12,11.942585
7,7.0110593
11,11.031328
7,7.036837
10,10.218228
14,13.840142
11,10.934678
18,17.847149
17,17.064123
10,10.064091
18,18.002398
10,9.969006
14,13.8402405
7,7.1433783
10,10.261295
11,10.963039
9,8.937109
7,6.9689894
18,17.95179
9,8.972901
6,6.025613
8,7.9319506
8,8.047765
2,1.6776575
14,13.883255
10,9.878173
9,9.017426
20,20.046528
5,4.772735
7,7.098892
14,13.968967
11,11.172789
6,5.970358
7,6.9344
16,16.130684
1,0.96436864
9,8.911296
16,16.110512
14,13.865631
8,7.8857584
14,14.008642
6,6.0895
2,1.991812
12,12.039048
7,6.982232
5,5.028289
11,10.987781
3,2.9303677
12,11.948865
6,5.989164
3,3.3980596
2,2.0829723
13,13.030742
15,15.021861
9,8.927949
7,6.851758
8,7.927616
13,12.947889
11,10.887037
7,6.8356724
13,13.040518
10,10.076504
12,11.992105
7,6.952336
12,11.966231
8,7.9982767
10,10.028182
9,8.908499
11,11.15586
6,6.08619
11,10.990041
4,3.7250514
11,10.843908
10,10.007003
17,17.036884
1,1.06699
13,12.930776
11,11.112887
4,4.1357155
17,17.12355
16,16.016722
13,12.863374
7,6.942684
14,14.088059
14,13.828899
12,12.064026
15,15.042011
15,15.146753
8,8.035499
10,9.917213
18,17.805748
11,11.2276535
12,11.81939
10,9.82678
9,8.981043
18,18.167551
0,-0.13165368
11,11.081481
14,14.097325
12,11.977115
10,10.003366
9,9.071434
8,8.044024
5,5.1165795
15,15.239468
8,8.0164
9,9.23054
9,9.113959
8,7.956456
12,11.914117
10,10.0825405
14,14.323078
16,16.146805
9,8.942966
12,11.982642
7,6.942198
14,14.200462
14,14.017178
14,14.017267
7,6.937703
16,16.157122
12,11.938623
8,8.190887
8,7.961296
5,5.0135717
9,8.843989
18,17.739632
13,13.062998
6,6.0438423
15,15.062007
14,14.132059
11,11.027394
10,10.191036
8,8.08284
13,12.943394
7,6.773841
11,10.874091
11,11.032947
21,21.0008
19,18.84916
10,10.453571
15,15.047132
13,13.111
18,17.953905
16,15.901524
17,17.13984
3,3.015488
8,7.9649014
14,13.864106
10,10.318863
10,9.927098
10,10.104096
6,5.980451
12,12.022537
5,5.0716825
10,10.056228
9,9.027434
10,10.176436
10,9.959593
13,12.996502
12,12.002316
10,10.021931
13,13.293161
10,10.170151
8,8.056466
8,7.8579254
17,16.89222
15,14.960359
16,16.057608
0,-0.1381733
12,12.100805
10,9.991372
14,14.022358
6,6.1137667
9,8.7628565
18,18.011702
10,10.056228
7,6.9344883
8,7.984287
12,11.9403305
12,11.937769
11,11.20626
8,7.981005
5,4.8907266
9,8.82007
10,10.189782
5,5.132773
13,12.678139
7,7.252298
8,8.05698
10,10.064517
15,14.855311
9,8.900653
12,11.983222
8,7.9717216
7,6.989909
9,8.955671
6,6.1345315
10,10.160237
10,10.217697
4,4.101126
4,3.8781264
14,13.837621
10,9.935566
5,5.0948052
5,5.0505157
10,10.004126
10,10.060295
11,11.005634
12,11.990482
12,12.152468
7,6.902594
7,6.9301333
12,12.320636
2,2.0919456
8,8.094251
7,6.921766
11,11.04607
16,15.893748
9,9.076156
10,10.120749
10,9.971089
7,6.6788254
10,9.894556
11,11.032145
12,12.01192
7,6.6788254
15,15.03168
12,12.04489
20,19.96978
11,11.032256
4,4.2242603
6,5.868224
7,6.968951
10,10.020788
14,14.096038
17,17.156738
7,7.0562677
6,6.0473413
5,5.0116124
7,7.0093985
3,3.0814712
5,5.278279
8,7.954386
7,7.011702
7,7.0325665
7,7.1539526
5,5.161825
13,12.991661
10,10.237978
15,15.14359
14,13.921818
2,2.0386753
7,7.1008806
5,4.979704
6,5.938261
8,7.9498425
10,10.006436
11,11.121447
16,15.969774
3,3.0137286
7,6.9796863
12,12.04286
14,13.90509
14,13.843842
11,10.872597
8,7.7932234
11,10.989659
4,4.058634
10,9.948309
8,8.077449
14,13.889327
9,9.094371
8,7.828956
7,7.0413485
16,16.09486
11,11.153921
7,7.2940826
10,10.042902
15,15.085682
10,10.024754
11,11.071669
16,15.908489
17,16.989061
9,9.009945
14,14.186095
14,13.897137
18,18.000435
18,18.047127
10,10.20971
13,12.803318
11,10.763805
5,4.892598
5,5.105044
11,11.075262
8,7.969207
12,12.122946
10,10.031131
12,11.957787
15,15.027933
18,18.008366
17,16.931969
9,8.740601
10,10.101402
8,8.043548
4,4.163465
8,7.8966494
10,10.154811
17,17.020456
8,7.9914846
10,10.058899
4,3.9430404
3,3.14275
8,8.066464
16,16.15741
15,15.031247
13,13.12708
12,11.864774
17,17.039722
7,6.9530725
9,8.859803
7,6.949847
9,8.879924
13,13.178283
15,15.002733
15,15.083527
14,14.042882
13,13.041555
11,10.98123
9,9.039604
13,12.877287
6,6.1188273
9,8.919014
0,0.048822526
16,15.864629
2,2.085658
2,2.0838797
11,10.935736
10,10.026474
12,11.874455
14,14.083167
6,6.0393457
4,4.0180345
14,14.018672
10,9.903746
11,11.10294
12,11.904558
6,5.773028
11,10.886101
7,6.9735823
8,8.14226
8,7.8335814
8,7.978086
5,4.913914
11,11.029172
10,9.787363
12,12.096639
15,15.148719
4,4.087095
3,3.1656187
5,5.020633
5,5.0306787
16,15.928172
9,8.948194
12,11.942308
11,11.009564
7,6.8742905
3,3.152323
10,10.078329
10,9.824295
10,9.9287
7,7.023402
6,5.951195
15,14.947507
3,3.188414
4,4.029553
11,10.880706
11,11.06679
5,5.0934105
7,7.1877546
4,4.028664
9,9.046806
7,7.032897
9,8.971617
9,8.977279
15,14.879272
5,4.786547
11,11.042007
8,8.130072
21,20.858755
8,8.054494
7,6.8405356
16,16.172224
15,14.912539
7,6.98177
1,1.0486552
8,7.9288445
16,16.074318
12,11.778876
5,4.912637
5,5.0365944
3,2.945655
1,1.1116526
3,2.967984
1,1.0087178
11,11.044118
14,13.848352
3,2.89616
9,9.022101
8,8.073928
9,8.931124
11,10.958475
7,6.988777
11,11.042267
11,10.938102
10,10.23616
11,11.006407
11,11.273062
4,4.057806
5,4.9286547
14,13.831957
15,15.155219
9,9.07167
5,5.113354
12,11.785592
11,11.057299
5,4.972696
11,11.037884
8,8.064712
11,10.975449
14,13.8555975
13,13.221754
8,7.7674136
11,10.877847
14,13.917008
16,16.388235
17,16.925974
20,19.649435
11,11.202554
12,12.049255
11,11.134766
7,6.9688034
9,9.005601
15,15.031175
5,4.823004
11,11.124118
20,20.168375
12,12.197191
12,11.887704
11,10.924578
17,16.949831
17,16.95677
4,4.0612097
17,17.311104
7,6.958187
15,14.8428135
10,9.983689
13,12.815131
2,2.0509288
8,7.923711
9,9.239637
13,13.022076
8,8.013443
9,9.013221
6,6.268477
12,11.799749
9,8.900793
17,17.014652
9,8.947587
12,11.879076
17,16.799177
8,8.044666
4,3.9812546
1,0.710199
14,14.041549
12,12.135743
9,9.056114
5,5.105413
9,9.050818
1,1.0109494
10,10.086144
11,11.036226
11,11.054547
11,11.464132
20,20.429226
7,6.965877
14,14.137274
10,10.128554
9,8.840046
7,7.05924
10,10.035409
6,6.0728993
12,12.133793
12,12.133914
1,1.0486552
13,13.044679
13,12.927812
7,7.163077
6,6.0669627
10,10.239866
2,1.9535093
7,6.9109483
11,11.171845
18,18.022198
13,13.057513
10,9.745263
15,15.089629
15,14.972991
11,11.155456
17,16.950382
7,6.884908
7,7.0105157
10,10.013327
12,11.982771
16,15.995072
15,15.035848
15,15.083575
10,10.054053
13,12.9754
12,12.02752
12,11.923122
12,12.016
14,13.90646
14,13.958594
9,8.982191
7,6.8826547
0,0.04311375
9,9.245832
12,11.946738
8,8.035499
9,9.018191
8,7.9549303
5,4.897259
5,5.046294
0,-0.12827931
20,19.97909
17,16.75221
10,10.129798
17,17.215033
9,8.852429
8,7.915165
16,15.677943
7,6.9901366
10,10.021543
6,6.1880956
12,12.155707
12,11.993002
15,14.943949
15,15.059277
6,5.943283
8,8.020866
9,8.843676
10,9.839529
9,8.911441
12,12.059259
7,6.96201
11,11.186738
11,11.088931
9,9.28147
12,11.821516
12,11.848239
14,13.991575
12,12.065487
14,14.049157
10,10.051576
7,7.068415
10,9.825934
13,13.096358
6,5.8022547
9,8.920343
10,10.033079
16,15.746704
11,10.933281
11,11.123621
16,16.093895
12,11.939617
4,4.1439495
8,7.890365
14,13.842618
5,5.1185045
8,7.929705
10,9.966551
6,6.2414565
10,9.990122
8,7.790663
11,11.221683
10,10.147605
11,10.92404
4,3.7630599
4,3.7666535
3,3.1714618
10,10.021092
14,14.181222
10,10.167851
14,13.873943
12,11.994964
14,14.044947
7,6.765717
12,12.120856
7,7.1426253
8,8.078622
4,4.035458
10,9.839457
17,17.2467
15,14.858791
14,14.033448
15,14.982764
11,11.017674
4,4.132974
6,6.077025
13,13.158989
11,11.157316
6,5.901563
8,8.110854
11,10.891911
12,11.916014
10,9.902868
7,6.9035034
16,16.000916
11,11.030531
11,10.993335
8,8.030216
7,7.015679
15,14.857397
5,4.986889
10,10.067909
8,7.85245
12,12.088325
10,10.176272
9,8.979723
10,10.089272
4,3.9943278
11,11.228244
7,7.0257964
18,18.076485
16,16.060322
11,10.945877
8,8.074959
14,14.101853
10,10.09946
5,4.873859
12,12.130511
10,10.039894
9,8.955939
6,6.142574
11,10.967555
10,10.160237
12,12.113563
9,8.980439
13,12.855789
7,6.9240556
13,12.8277
6,6.1345315
10,9.927168
10,10.139878
11,11.089183
5,4.9918633
5,4.9750323
17,17.168497
9,8.947041
14,14.027921
10,10.075349
6,5.979324
9,9.252733
13,12.819961
7,7.0737805
13,12.684202
10,10.066745
15,15.076171
8,7.9883366
9,9.040281
11,10.895098
8,8.02973
13,12.798084
11,10.994771
16,16.04988
14,13.866147
9,9.050947
18,17.828485
8,8.00834
10,9.938899
15,14.957202
11,10.775079
5,5.1413236
11,11.16365
16,16.313105
6,5.9705224
8,7.946422
7,7.0031943
10,10.067624
11,10.88419
8,7.9105783
11,11.122639
6,6.0515814
9,8.860742
11,11.289115
14,13.852243
6,5.989012
7,7.1404414
18,17.968836
16,16.004784
15,15.148237
9,8.924595
13,13.056646
10,10.111276
8,7.9849086
5,5.1144834
8,8.018786
4,4.0390663
13,12.653639
17,16.891571
5,5.083506
11,11.025586
11,11.342231
2,2.0634084
14,13.869346
4,4.3559413
10,10.147343
14,14.115786
5,5.1992955
17,17.010183
9,9.031983
5,5.063517
10,9.896448
15,14.93176
11,10.793961
4,3.9361758
9,9.121873
13,12.870173
15,15.018765
8,7.9814267
5,5.176075
11,10.884041
5,4.9500484
16,16.186125
17,17.17163
11,10.922727
11,10.7606535
17,17.094221
2,1.8428679
14,13.888041
13,13.010466
6,5.895452
13,12.854341
15,15.118468
13,13.090602
4,3.992963
10,9.850312
2,2.1446242
18,17.7429
5,5.194834
15,15.115199
9,8.911342
10,10.049907
18,17.850693
5,5.00902
9,8.989882
6,6.1216927
10,10.089739
5,5.0542407
8,7.9978604
5,5.150917
9,8.99056
10,9.942347
8,8.034655
9,8.973542
14,13.935124
13,13.073614
10,10.050011
7,7.1285167
2,2.0575132
10,10.11171
13,12.906915
6,6.052894
4,3.9361465
11,11.05474
8,7.877924
11,11.087197
2,1.692334
13,12.91516
12,12.088212
13,13.059581
8,7.913923
2,2.0694618
18,17.990454
8,7.9580836
7,7.0091043
8,8.005224
10,10.021931
4,3.7508564
9,8.990116
6,6.0124717
6,6.020192
8,7.83531
0,-0.14314862
8,7.865356
10,10.198482
13,12.962232
3,3.1534107
4,3.992274
7,7.001205
4,3.992274
4,3.7907941
3,3.0816703
13,13.076434
15,14.865671
7,6.9081244
4,3.9350693
12,11.835177
4,3.9987292
13,12.791072
15,15.028017
19,19.056091
5,4.9791546
12,12.0534
6,6.026604
17,16.91569
14,13.790882
4,3.9518933
9,9.010938
1,0.88990015
12,11.888862
13,12.785624
5,4.9670386
5,5.1186466
6,6.1631923
8,8.022868
16,16.241632
7,6.903216
10,9.938476
12,11.943909
12,12.150767
6,6.0460515
5,4.8264847
11,11.008693
10,9.95614
9,9.001731
12,11.851348
13,13.15287
13,12.878661
7,7.022037
9,8.8358755
19,19.03742
12,11.770311
4,3.8159783
4,3.7915602
11,10.90221
11,11.157316
16,16.016722
2,2.076675
7,7.1094937
14,13.930591
10,10.232815
18,17.853165
18,17.876291
13,13.025065
12,12.081316
12,12.024131
5,4.92725
6,5.9663177
6,6.035525
8,8.05368
13,13.1051235
12,12.013978
11,11.090294
10,9.98605
16,16.1383
15,15.0047655
6,6.1045847
6,6.0169096
11,10.957734
9,8.958703
13,13.129228
5,5.0458417
8,7.926907
14,14.01395
10,10.061065
8,7.9490604
7,7.100857
10,10.009513
13,12.991213
9,8.954318
19,19.29663
6,6.0414033
17,16.91769
13,13.117127
20,20.115696
20,20.120592
2,2.0816772
12,11.942704
10,10.02722
12,12.149773
8,7.765374
15,15.166753
15,15.081181
13,12.897503
10,9.892947
16,15.901298
6,5.91013
8,8.165028
10,10.063658
9,8.862154
10,10.005014
6,6.087652
8,7.996107
11,11.067246
14,13.938714
9,9.016398
6,6.0397677
13,12.996093
9,9.069078
8,8.017996
7,7.0104933
12,11.8718605
14,14.229413
5,5.2356453
16,16.059752
7,6.8144403
5,5.033793
14,14.00622
11,11.14832
8,8.201649
9,8.943012
11,10.850079
12,11.903463
9,8.95253
8,8.137433
6,5.941479
14,13.54215
5,5.094689
5,4.9359956
13,13.055131
14,13.930596
14,13.930727
9,9.076421
12,11.9373045
12,12.011351
11,11.113128
6,5.9502015
11,10.954951
2,1.8726319
16,16.110748
10,10.103952
6,6.081206
10,10.226392
8,7.8653226
6,6.1008015
9,9.062518
8,7.9691257
2,2.10487
6,5.930827
11,10.929068
9,9.029578
10,9.99261
9,8.905921
10,9.884843
5,5.13036
14,13.872839
9,8.874464
14,13.947256
5,5.0279613
10,10.125953
9,8.994525
11,11.03676
7,7.08093
10,10.031332
11,11.010159
12,12.074481
10,10.07429
16,16.023542
7,7.0320253
2,1.6763445
8,7.8680673
12,11.83934
3,3.0314648
12,12.025171
7,7.1028485
14,14.04567
11,11.0718155
13,12.947247
11,10.942286
17,16.937485
10,9.830673
5,5.0245423
6,6.0830226
6,6.135454
6,6.0338635
7,6.8172216
11,10.948264
11,11.0114565
8,8.04782
15,14.87399
15,14.850682
7,7.0166497
11,10.957403
11,11.177152
14,13.855253
15,14.963767
8,7.883402
9,9.115756
11,11.117368
11,11.195502
9,8.99872
15,14.965919
11,11.215633
10,10.278463
1,1.0656123
7,7.088219
10,9.992486
11,10.922348
12,12.143838
17,16.960188
12,11.786439
8,8.094075
5,5.09339
11,11.059079
17,17.035486
9,9.02206
9,8.950504
11,11.126131
15,14.965919
7,7.088219
12,12.015504
8,7.8447824
11,10.993055
8,7.984603
9,9.159901
1,0.8145198
4,4.032613
9,9.065993
15,15.069823
3,2.982662
6,6.193193
14,14.011778
10,9.746892
21,21.062542
15,15.084648
5,4.88931
14,14.07204
16,16.112381
7,6.897336
12,11.990452
6,5.971891
13,13.068241
13,12.980757
12,12.061492
15,15.028017
14,13.997014
14,14.076117
8,7.92931
7,6.9317617
8,8.003149
14,13.926
8,8.204939
21,20.862822
8,8.083191
13,12.974025
15,15.081795
12,11.975417
13,12.974815
8,8.074975
7,7.0684595
4,4.061673
7,6.8532734
7,7.029455
7,6.9557376
12,12.102877
7,7.0371013
11,10.999299
16,16.051748
12,11.909118
8,7.97189
12,12.071936
2,1.947033
13,12.828152
11,10.99067
4,4.0493617
12,11.929836
6,5.8844857
4,3.7711773
14,14.017178
12,12.063476
8,7.998816
9,9.029254
10,10.073354
10,10.156438
7,7.023377
8,8.081476
13,12.786378
9,9.419901
21,20.805363
8,7.9246993
8,8.120633
7,6.9077907
6,6.084573
13,12.997161
6,5.9120593
13,13.143421
8,8.002614
2,2.1253598
12,12.065405
18,18.11443
18,18.274979
12,11.914117
10,9.976241
10,10.094092
14,13.853784
11,10.886543
16,15.8684845
5,4.9818735
13,12.924865
13,12.90967
4,3.775109
5,5.159919
11,11.140788
5,5.0029154
12,12.049872
10,10.125226
17,17.178158
12,11.994362
14,13.977844
11,11.077744
13,13.003942
10,9.900653
5,4.9886584
5,4.991215
9,9.051208
9,8.861907
12,11.831806
7,6.976714
11,11.000438
8,8.085329
11,11.004577
4,4.085692
5,5.1791873
10,10.032908
10,10.176128
16,16.013916
14,13.868268
5,4.783422
13,12.7590475
20,19.695822
11,10.825166
13,13.07732
14,13.872913
3,2.9573603
6,5.970822
15,14.974722
9,8.972701
7,6.8521047
6,5.873743
9,9.154806
7,6.904035
15,15.071747
9,8.880907
11,11.2046585
11,10.984581
3,2.9561849
9,9.0249605
2,1.9348536
11,10.924272
3,3.1783323
3,2.9964051
14,14.134727
6,6.0685678
11,11.1993475
14,13.850317
7,7.016333
5,5.124416
0,-0.11639189
8,8.068049
8,7.956154
5,4.960296
14,14.062804
11,10.881101
10,10.0454645
7,6.964811
11,10.879393
15,14.887647
16,15.963561
11,10.610315
9,8.961566
7,7.286909
10,10.195241
7,6.93204
10,9.954317
19,19.05352
11,11.073653
7,6.908519
10,10.103258
12,12.002312
5,5.197431
12,11.870278
14,13.918333
7,7.232408
10,9.982636
4,4.0497713
7,6.901231
3,3.0747447
11,10.874513
15,15.054249
7,6.970279
9,8.841711
10,10.127444
8,8.031362
10,9.917274
5,4.8629827
11,10.953649
12,11.885191
9,9.06534
11,10.952549
16,15.953287
6,6.043921
14,13.800174
5,4.945708
2,2.10487
3,2.92454
13,12.8811865
9,9.1057825
10,10.105365
6,6.030678
11,10.9302025
17,16.992004
6,6.0041575
7,7.066191
10,10.1288395
10,9.933393
11,11.000753
5,5.0419765
9,9.098665
9,8.98016
15,15.095939
6,6.0110006
12,12.107998
12,12.075005
9,8.923176
14,14.039885
14,13.899219
13,13.004952
9,8.997108
15,14.989651
10,10.018577
11,11.018798
11,10.944282
18,17.863588
11,11.066066
6,6.0117407
6,6.0124717
6,6.0124717
6,5.9696407
19,18.768667
7,7.0066037
7,6.938395
11,10.9584675
8,8.117415
10,9.950233
14,14.009379
3,3.14132
17,16.981068
10,10.072975
13,13.110239
14,13.90646
17,16.88402
15,15.00104
11,11.048508
7,6.8927884
11,10.867217
10,10.198078
9,8.917054
8,8.09597
13,13.023187
11,10.997894
8,8.032662
13,12.919318
8,7.998289
9,9.2862425
11,10.997953
13,12.74676
9,8.842008
19,19.04994
9,8.916495
13,12.8805275
7,6.912129
4,4.2170954
15,14.992919
14,13.6758795
20,20.177053
13,12.793954
16,16.242327
15,15.0781765
11,11.181237
13,12.8723955
15,15.059577
7,7.1343484
7,6.9649076
5,5.0636954
9,9.053152
12,11.992174
5,5.0400968
13,13.293161
19,19.310375
12,11.819936
11,10.556543
9,8.96842
13,13.075594
9,8.934831
11,10.891244
9,8.904983
11,11.0545
11,11.048262
3,2.965572
9,8.942803
4,3.9579573
4,3.8672302
5,5.052953
5,5.052953
12,12.007718
7,7.0085626
7,6.8812966
17,16.94249
13,13.094336
10,9.926058
10,9.999354
2,2.0569715
8,7.953595
5,5.251018
1,0.93127865
10,10.069043
13,12.831402
11,11.102244
11,10.8406
10,9.964377
5,5.014106
4,3.7655306
7,7.1431317
12,11.99953
10,9.896519
12,11.946964
10,9.984268
20,20.029842
12,12.126933
9,9.089792
9,8.786259
13,12.999877
13,12.889607
7,6.9862094
9,8.869533
7,6.944496
19,19.068531
3,2.825101
2,2.0168216
9,8.870365
10,10.120462
10,10.109339
8,7.9296865
10,9.8754
14,14.115021
10,10.026972
7,7.1038446
9,9.104126
10,10.053843
9,9.03033
9,8.948686
11,10.848853
14,13.984848
3,3.1186845
9,9.015938
9,8.863332
3,3.1777856
10,9.99209
14,13.856772
11,11.029618
14,14.176992
11,11.009771
11,11.009771
16,15.997503
11,10.89428
7,6.8803067
6,6.061058
7,7.091156
7,7.0229645
7,7.08093
8,7.954059
13,12.989396
11,10.97447
11,11.009564
12,11.913987
6,6.0441217
13,13.041246
8,7.884798
10,9.893474
9,9.074283
7,6.8502975
11,11.187178
12,12.133323
18,18.05455
8,7.9852285
12,11.986822
8,7.940345
6,6.0658545
13,13.201322
9,8.91606
6,6.0446925
5,5.0953865
10,9.712606
11,10.963402
11,10.965399
8,7.9316373
3,3.0485225
10,9.986314
14,13.91689
7,6.9808435
8,7.981171
10,10.117051
9,8.76581
2,1.98419
5,5.150473
14,14.0069065
6,5.9692845
1,1.0486552
12,12.006537
5,5.0282154
11,10.761375
21,21.092571
13,12.949203
14,13.813014
16,16.06429
16,15.98396
5,4.977853
14,14.047425
13,13.31687
10,9.86253
10,10.07082
8,8.151156
8,7.9394975
15,15.0170145
8,7.8649964
3,2.964143
8,7.9568763
9,9.020801
6,5.938945
4,3.9918368
12,12.029689
12,12.125768
7,6.88473
9,8.930451
11,11.070434
11,11.05341
10,10.170502
4,3.8784268
6,5.9408975
9,8.91451
12,11.909392
13,13.038914
12,11.998945
12,12.074555
13,12.968477
10,10.070417
10,9.927168
10,9.921968
9,9.074865
17,17.102108
18,18.189196
14,13.694523
11,10.910145
9,8.969718
15,14.989747
5,4.933155
11,11.060599
9,8.925661
19,18.951221
13,12.975976
4,3.8729405
12,11.989433
4,4.019059
11,11.018712
11,10.940724
8,7.999699
14,13.862164
10,10.104214
0,-0.13472606
7,7.096774
19,19.174976
4,4.112634
9,9.058498
15,15.043654
10,10.199178
13,13.097084
7,7.1859384
6,6.062888
7,6.8960066
10,9.853693
11,11.223516
7,7.161819
18,18.114868
5,5.2699423
7,6.8920865
7,7.114752
5,5.033928
3,3.3460271
8,8.0722275
15,14.742891
16,15.918067
15,14.869153
8,7.9561696
7,6.790131
2,1.8790014
11,11.061581
3,3.1399148
11,10.913572
10,10.038867
8,8.049531
11,10.862457
13,13.199855
11,11.146724
15,14.940381
13,12.773867
10,10.102474
10,9.928769
8,8.0722275
10,10.130009
14,13.840263
10,10.00037
6,6.425851
10,10.283724
8,7.8535604
4,4.1144376
13,12.936308
8,7.9315143
1,0.93923926
7,7.246531
7,6.984476
7,7.3353624
7,7.298455
13,12.972272
10,10.107794
12,12.000276
8,8.164973
12,12.131243
14,13.8227215
8,8.044321
7,7.0963893
9,9.09803
8,7.9463615
13,12.879392
2,2.0516295
13,13.09827
6,6.1310134
6,6.056545
8,7.9591208
10,10.078329
12,12.104719
10,10.0554285
5,5.305573
8,8.005233
8,7.984975
8,7.98508
8,7.9978824
8,8.094075
8,8.130823
0,-0.106836535
9,9.093139
8,7.984603
10,10.10909
11,10.935736
5,5.1080904
7,6.883877
0,-0.12827931
18,18.02705
16,16.097967
14,13.837621
7,6.9601593
0,-0.11639189
0,-0.12198355
2,2.1753733
5,5.1028304
9,8.8358755
7,6.8134747
5,5.0394397
8,8.156894
12,11.8677
5,5.1028304
16,15.937965
3,2.9418166
3,3.2820232
14,13.960109
17,16.836489
4,4.123604
7,6.9677854
7,6.9619193
10,10.041062
8,8.124364
6,5.9309373
13,12.978479
8,7.876237
14,13.860083
9,8.848983
13,13.070907
5,4.8220887
10,9.963336
7,7.148719
12,11.917795
12,12.044232
6,6.055766
13,13.059336
8,8.066464
7,6.9619193
13,12.997828
12,11.986432
16,16.109562
11,11.133716
10,10.099338
8,7.9952884
13,12.7572975
10,10.144744
17,17.012035
8,7.9472485
2,2.086724
8,8.033818
8,8.140607
9,9.01974
13,13.0075445
9,9.118434
11,10.671968
9,8.730494
5,5.0775633
6,6.030988
10,10.06771
16,16.040298
14,13.919294
8,7.92742
7,6.9129457
10,10.120423
12,11.704122
11,11.068533
9,9.046448
2,2.051326
16,15.955463
10,10.169255
7,6.96881
5,5.0493917
1,0.7110583
13,13.054868
8,7.9416785
8,8.231229
8,7.8245625
8,7.9214125
8,8.051955
8,8.000541
12,11.878419
12,12.017795
11,10.912788
14,14.096194
12,11.943333
9,8.872509
12,11.9739485
8,7.928495
5,4.8933454
10,10.063535
4,3.9513705
6,6.0597034
3,2.9980998
6,5.8882394
12,12.061048
3,2.950846
10,9.880093
14,13.9148655
15,14.731411
10,10.107868
5,5.028289
13,12.903564
10,9.856965
12,11.940632
10,10.004443
5,5.0036855
14,14.062972
4,3.8737154
10,10.120106
11,11.084661
8,8.088027
12,12.040073
9,8.957126
8,7.9491677
14,13.991287
12,11.914069
14,14.186508
9,8.918526
11,10.958931
4,3.8497622
14,14.210916
15,15.176434
9,8.979551
11,11.0848875
7,7.0692153
9,9.284652
12,11.913095
10,9.885446
12,11.803762
10,10.073746
7,6.9673896
10,10.035121
11,10.823562
5,4.993446
16,15.977382
6,6.0634456
9,8.9954
8,8.053556
14,13.912511
11,11.180451
7,7.006306
7,6.985486
12,12.017459
12,11.9884405
7,6.8950224
9,8.825959
12,12.0758915
8,8.094048
16,15.816901
8,7.9633555
8,8.224779
12,12.017105
3,3.1738558
15,15.011736
13,12.811876
9,8.933006
8,8.1607485
16,16.078718
3,2.9926784
11,10.826864
11,11.060966
12,11.943662
11,10.993335
2,1.8532361
7,7.242389
6,6.0669627
11,10.953453
15,14.801804
9,8.975105
15,15.0152235
11,11.021232
12,11.952016
10,10.188469
9,8.989433
13,13.084762
14,13.781545
9,8.8941
18,18.086637
8,7.785374
17,17.211077
14,13.977404
5,5.059089
14,13.792131
5,5.091105
17,17.02163
5,4.9510016
7,6.884908
9,8.88916
8,7.984339
10,10.096066
13,12.993754
15,15.047927
8,8.032596
8,8.1159525
6,5.9650373
10,10.097073
9,8.872554
7,7.1332397
10,9.908557
12,11.950653
20,19.778885
12,11.855194
17,17.015509
8,8.262349
15,14.670928
8,7.8435903
8,7.831017
12,12.091033
7,7.093635
11,10.981005
7,7.1197066
9,8.934613
13,12.982686
10,10.006281
14,13.957747
7,6.861196
6,5.9892135
12,11.99807
8,7.860418
16,15.944123
17,16.971994
14,13.841657
8,7.9938307
8,7.994476
5,5.081731
10,10.084668
15,15.141273
18,18.267729
6,6.2066936
6,6.077615
6,6.081206
5,4.8675523
9,9.1385145
10,10.1288395
10,9.741408
9,9.1173935
8,8.053731
7,6.91958
2,1.6984484
3,3.1389556
12,11.973726
11,11.100322
6,5.941577
2,2.045705
6,6.123679
3,3.147635
10,10.110068
11,10.995538
9,9.11218
9,8.953511
9,8.986744
9,8.975329
11,11.027287
12,11.821225
14,13.915693
12,11.941945
7,7.0561013
6,6.1076174
8,8.034655
7,6.983596
6,6.052053
10,9.917274
3,2.8592176
10,10.026745
7,6.929515
10,9.952726
6,6.042636
0,0.032785837
3,2.832797
6,6.1124725
5,5.1826286
12,12.005541
9,8.837972
16,16.041517
7,7.0246744
5,4.981651
8,8.085329
15,14.911834
11,10.947159
8,7.9924736
11,11.104689
7,7.04938
17,17.100117
6,6.073611
6,6.0339823
14,13.769418
12,11.97508
7,7.1154785
10,10.064091
11,11.149941
15,15.1632185
17,17.117071
11,11.122982
15,14.952472
12,12.087353
6,6.096337
7,6.971308
7,7.0227013
12,12.007849
15,15.017383
14,14.108086
8,7.933075
6,5.831108
9,8.939723
3,2.8792956
10,10.105511
11,10.814253
8,7.912051
3,3.0633934
7,6.9717417
10,10.1157675
7,6.9044847
10,10.162579
7,6.9578743
11,11.15945
11,11.052639
4,3.8965628
12,11.937926
8,8.053672
12,11.941491
10,9.975297
6,5.9390583
8,7.9316373
11,11.052639
7,7.084432
6,5.8786745
6,5.9855795
8,7.9138246
13,12.945043
9,9.244991
11,10.987754
12,11.985868
10,10.050719
10,9.991731
11,10.890264
10,9.8563795
11,10.891244
12,12.154233
11,10.941553
10,10.143468
8,7.9658475
7,7.016884
8,7.9554586
10,10.177667
14,14.0020485
13,13.077332
13,13.080224
15,14.973928
4,4.0420637
10,10.177667
13,12.915665
6,5.917105
18,18.151058
14,14.005031
10,10.060521
14,13.930727
12,11.93221
10,10.120027
10,10.09739
9,8.9461975
13,13.082985
11,11.232973
12,12.07045
11,10.884826
16,16.14956
15,14.999186
11,11.11721
16,15.919909
11,11.065344
5,5.0102677
11,10.874091
13,13.019369
11,10.7657585
7,7.091078
13,12.858256
5,5.075484
12,11.877556
7,7.113666
5,5.181147
5,5.1791873
6,5.9696407
13,13.0688715
14,13.770136
6,6.0117407
5,5.050505
10,10.012229
3,2.9153113
16,15.956842
10,9.96434
4,4.2004595
11,10.925874
10,9.890307
10,9.935709
10,9.917974
13,12.90832
7,7.113666
13,13.039161
8,7.9645066
11,11.110558
17,17.017347
10,10.155718
18,18.084251
14,14.031208
10,10.0656395
9,9.074865
9,8.951286
12,12.136319
14,13.849874
14,14.197413
9,9.060674
14,14.014505
14,14.014505
10,10.157826
12,11.694739
10,10.013327
16,15.926479
13,13.051259
10,9.967416
14,13.9017105
6,6.1220827
16,15.886563
10,10.048039
19,18.80351
6,6.072465
9,9.291094
14,13.94999
7,7.1153545
11,11.200632
11,10.805299
19,18.937204
7,6.907059
7,7.10457
9,9.060674
8,7.865282
8,7.8864126
13,13.032561
9,8.971278
7,6.9442005
13,12.877054
10,10.103941
17,17.037926
2,1.8619245
15,15.078934
14,14.012684
9,8.792553
16,16.015287
14,14.01188
17,16.95677
11,11.012897
7,7.0189867
11,10.749171
16,16.02159
5,5.0884194
8,8.016139
8,7.923516
20,20.041325
8,7.915885
13,12.776572
17,16.931684
10,9.911151
11,10.765358
14,13.9516945
10,10.1529255
9,9.027323
17,16.918484
12,11.849205
6,6.1704655
8,8.091438
7,6.8962474
15,15.104135
13,13.032454
17,16.954443
8,8.002946
17,17.203167
10,9.973802
9,8.862321
9,9.030198
11,11.096674
1,1.0826021
12,12.087384
12,11.918457
4,3.8496158
7,7.0326366
9,8.967272
12,12.217403
10,10.099359
11,11.037824
7,7.0299516
10,10.087747
10,9.9890585
11,11.117368
0,0.040632706
10,10.036252
12,12.135743
12,12.135743
5,4.9803777
17,16.894625
8,7.9107776
10,10.052354
13,12.872808
15,15.101833
10,10.100512
7,6.79699
7,6.805011
12,12.102221
7,6.602874
8,7.940156
10,10.120739
13,13.010907
12,11.751542
16,15.959286
12,12.224233
4,4.1016846
4,4.0115128
8,8.085459
10,10.119072
2,2.0446796
10,9.934907
10,10.001797
11,10.955166
8,7.9249663
6,5.9238005
14,13.857261
15,14.92517
14,14.056663
12,11.961783
10,10.092559
6,5.7906113
15,15.046529
7,6.9588604
10,10.035802
16,16.023338
11,11.038257
10,10.240376
14,13.824485
13,13.0071
16,16.022612
10,10.058536
13,13.012757
11,11.153255
4,3.8980281
8,7.974929
12,12.276961
12,11.886678
10,10.241125
13,12.8732395
12,11.922873
10,9.859564
13,12.9754
11,11.144559
13,12.848145
14,13.829038
10,9.963336
12,12.056741
12,11.9713745
12,12.1295185
3,3.0122206
11,10.799294
9,8.940275
15,15.035212
11,11.072108
8,7.970414
11,10.9467745
2,2.0870254
11,11.204642
13,12.841204
10,10.021457
6,6.1256084
11,10.843908
10,10.087747
9,9.002205
12,11.950074
13,12.986168
9,9.017723
12,11.94028
4,3.9010055
5,4.984346
5,4.773041
15,14.903193
9,8.838844
14,13.974124
10,10.04049
14,13.474561
3,3.0140982
13,12.908447
5,4.969776
3,2.8928602
13,12.8280525
10,10.229482
14,14.002422
11,11.078384
6,5.93033
5,5.1413236
15,15.162302
7,6.9758205
12,12.02749
11,10.917098
8,8.240313
12,11.969782
9,9.173205
2,2.2212968
1,1.0486552
9,9.060641
7,7.171873
17,17.127546
9,8.86179
8,7.7124734
11,11.074728
11,10.976438
12,12.208474
14,13.69359
8,8.030566
7,7.331316
4,4.034901
6,6.024835
12,11.839354
9,8.9200535
10,9.86603
9,9.082648
4,3.9179087
6,5.953005
5,5.0159235
11,10.883871
13,13.0402975
3,3.0081494
8,7.97994
5,4.9573293
7,6.949836
12,11.940836
9,8.923267
10,10.078355
13,12.927706
10,10.06308
10,10.1020355
13,12.850687
6,5.865126
9,8.924927
8,7.96314
8,8.0722275
9,9.149032
10,9.867048
10,9.960426
2,2.1020236
11,10.787997
10,10.034486
10,9.872434
9,9.069501
9,9.069501
11,10.966171
13,12.982942
14,14.094445
7,7.0239186
11,10.965295
12,12.194368
10,10.217697
11,11.007212
5,4.8683667
5,4.991027
15,14.861565
10,10.003952
9,9.001461
13,12.985123
10,9.751941
7,7.0239186
7,7.06257
7,6.81697
8,7.86444
9,9.016245
14,14.022812
8,7.9245315
11,10.920268
4,3.991978
10,9.930978
14,13.871817
9,9.096304
8,7.9278
16,15.96793
16,16.038063
15,14.967262
5,4.9278164
12,12.109613
3,3.188414
14,13.866729
6,6.2070312
9,8.913523
12,12.127367
7,6.987122
14,13.880333
9,8.895268
13,12.839902
12,11.960859
16,16.04149
13,12.655557
11,10.953527
9,8.773414
14,13.879242
9,8.947629
9,8.786992
11,11.15894
5,5.0038104
10,9.919759
18,18.237429
9,9.003003
14,14.006738
2,2.1498978
15,14.970748
6,6.044832
11,10.993335
10,9.875205
13,12.935293
10,10.052672
8,7.892775
16,16.198723
7,6.9713483
10,9.9365225
11,10.8775215
11,10.875946
10,10.065552
11,10.825758
14,13.866985
13,13.029162
12,12.011076
4,3.8258798
12,11.744172
3,3.0028028
10,10.076595
17,16.897318
9,9.10171
2,2.0356255
9,8.968564
13,13.030062
17,16.972023
9,8.887129
14,13.968488
10,10.058392
11,10.929051
7,6.9243827
7,7.0599775
18,18.099684
9,8.837748
16,15.89447
14,13.933961
14,13.969209
15,14.966361
11,11.180433
16,16.005787
12,11.848373
14,13.805264
15,15.063009
3,3.1232214
9,8.908504
12,12.012393
7,6.9062276
7,6.9062276
6,6.0417285
6,5.918775
13,13.092555
7,6.9536886
12,12.089898
10,9.783304
9,8.894848
5,4.9797
5,4.9791546
10,10.033633
11,10.848853
18,18.085442
13,12.965226
3,3.2637596
5,5.0320153
11,10.859581
9,8.982925
16,16.387358
14,13.928609
9,9.076148
8,8.069908
10,10.0994835
1,0.8958132
4,3.8943996
12,12.128139
13,13.1834955
6,6.052226
4,4.029082
8,8.480041
10,10.078329
7,6.908529
12,12.163907
8,7.963866
13,12.911501
10,9.884062
10,9.881885
10,10.228326
15,14.801229
12,12.133996
11,10.846116
14,13.952114
11,10.957734
10,9.953845
11,10.911842
10,9.979471
1,1.0166683
13,12.95276
10,10.22998
9,8.904139
8,7.9648833
7,6.941635
4,3.7767453
17,17.175993
16,16.01037
12,12.153943
11,10.943697
12,12.006408
10,10.0546875
7,7.060998
10,9.731525
4,3.8989127
11,11.028672
8,8.169813
13,13.178511
17,17.164227
11,10.881996
10,10.051982
12,12.021506
5,5.124416
11,11.056568
16,15.907488
14,13.843399
16,15.973645
14,13.93942
6,5.7353735
2,2.0761514
6,6.0043097
16,15.953287
12,12.114971
7,6.9604897
14,13.845895
9,8.905893
6,6.043792
6,6.043792
17,17.005146
8,7.9855623
4,4.123109
13,13.004411
10,10.100585
13,12.751987
6,5.977391
11,11.429005
8,8.075378
18,18.20595
11,10.990144
11,11.113283
8,8.118129
0,0.055586707
5,4.984858
5,5.1210475
13,12.901723
3,3.2339423
14,13.885957
14,13.836446
3,2.9846318
10,9.788657
12,11.939356
10,10.023442
11,11.172907
14,14.195921
13,12.999131
8,8.026658
8,7.874821
10,9.984794
6,5.692077
10,9.941494
7,7.100857
6,5.778329
18,17.98005
15,14.857271
12,11.707365
7,6.9070325
12,11.972271
11,11.017267
9,8.97724
15,15.179259
14,13.8900175
6,5.9458265
6,6.0441217
6,5.9291406
12,11.970132
14,14.022581
3,3.2672794
3,3.0036345
9,8.8542185
5,4.912637
9,8.891413
6,6.037285
10,9.978212
11,11.100432
12,12.144623
13,12.98828
6,6.076936
4,4.155561
17,17.044289
16,16.083742
10,10.013549
10,10.193794
8,8.085421
16,16.28431
10,10.067842
8,8.032833
10,10.045916
11,10.856731
11,11.242624
13,13.02464
8,8.051955
8,7.960948
15,15.055126
20,20.135647
10,10.07866
16,16.063856
15,15.042011
10,10.006109
14,14.236456
6,6.020192
5,5.188978
5,5.0252233
11,10.952344
3,3.2326605
17,17.244276
14,13.917909
7,6.915299
15,14.98369
12,11.887231
3,2.9573188
3,3.0041811
2,2.0279152
9,8.98199
5,4.930721
12,12.201641
13,12.865716
9,9.005928
8,8.117415
11,11.041293
6,6.1348286
5,5.033139
10,10.188469
7,6.9305024
11,11.164374
11,10.985973
14,13.698196
9,8.896783
10,10.132495
9,9.120673
6,6.0690365
11,11.013086
7,7.0125194
7,7.151718
5,4.930152
5,5.00381
7,6.992628
7,6.8815107
6,5.8663106
1,0.9608952
10,10.051907
6,6.072416
9,8.857645
10,10.016671
10,10.092623
13,12.974039
10,10.016671
10,10.101954
5,4.875244
10,9.909217
11,10.934672
7,7.436632
7,6.8962784
14,13.9882
9,9.056251
10,10.033046
15,14.833352
9,9.047999
7,6.9392276
7,6.937299
6,6.013414
17,16.990576
7,6.9392276
7,6.9562893
14,13.843929
15,14.950039
9,9.015765
14,14.094969
19,19.016825
14,13.92868
5,5.063784
10,10.190674
10,9.848706
5,5.003036
11,10.94921
10,10.26688
12,11.896256
9,8.991228
14,13.98816
7,6.8375864
6,6.268477
12,11.830528
11,10.929067
7,7.1062217
14,14.186964
12,11.985701
9,8.902001
10,10.121379
10,10.095533
10,10.196094
7,6.95665
8,7.9155154
8,8.113807
7,6.884908
10,10.012821
10,9.892947
9,9.025281
6,5.9456043
7,7.3710203
5,5.047383
8,8.132929
13,12.838803
5,5.1217103
18,18.079674
12,12.153901
15,14.785193
6,6.078327
6,5.861154
22,21.92267
5,4.9215574
2,2.1898308
4,3.9157834
8,8.3940735
12,11.757465
18,17.960875
12,11.872591
8,7.9191065
9,8.9991665
11,10.845576
10,10.07414
15,15.07657
11,10.896443
11,11.087954
10,10.267156
8,7.8579254
9,8.981628
1,0.9581132
12,11.715076
9,8.895805
8,8.092669
13,13.078799
10,10.001787
14,14.084442
17,16.98034
10,9.942669
3,2.794447
18,18.061005
11,10.925059
11,10.836266
10,10.035597
11,11.0202465
11,11.0202465
10,9.847824
10,10.022309
9,9.047133
12,12.083362
9,9.159959
13,12.936068
9,8.987189
2,1.9561993
10,10.039413
8,8.06876
13,13.044127
11,10.794815
12,12.173735
9,8.937207
11,11.016047
10,10.03288
14,13.999326
14,13.946839
7,7.1096654
0,-0.13361594
10,10.317975
10,10.150331
10,10.039413
12,11.950765
14,13.944618
12,11.936566
13,13.076434
16,16.233938
14,13.660702
9,8.902027
11,10.910107
16,15.960531
6,5.9691415
5,4.924886
9,9.010055
7,6.931414
13,12.927072
11,10.930935
11,10.955861
9,8.955745
10,9.89749
4,3.8689528
15,15.018765
7,6.943175
3,2.9286277
10,10.274195
8,8.087411
16,15.944916
13,12.991043
11,10.972915
6,6.3895125
10,10.198908
13,13.15048
13,13.127384
7,6.962417
13,12.900921
5,5.008405
12,12.036068
11,11.067286
2,1.8831701
2,2.1498978
14,13.8291645
8,8.125418
14,13.983686
2,1.8667504
9,8.949316
10,10.178401
11,10.853511
8,8.048266
2,1.8667504
10,9.931723
2,1.8667504
11,11.202132
10,10.249977
11,11.007672
13,12.986574
10,10.12852
10,10.020624
5,5.027761
16,15.977504
12,12.133684
9,8.986744
6,5.9238005
7,7.0399594
7,6.9758205
8,8.03057
13,12.931438
8,7.8940334
15,15.166913
2,1.9888866
10,10.010134
12,12.140053
9,8.902828
11,11.035443
10,10.017029
14,14.318431
8,8.051865
14,13.853741
17,17.110912
2,1.7571442
7,7.2076793
3,2.9815896
10,9.956427
13,12.816714
5,5.042196
13,13.10171
6,6.0936494
11,11.069659
7,7.072563
12,12.0614605
6,5.8548536
6,6.076398
3,2.9979222
5,5.0960455
5,5.0665154
5,5.0665584
6,6.155686
17,16.930513
8,7.899172
15,14.987775
14,13.883114
16,15.99251
16,15.848674
3,3.0633934
11,10.957723
3,2.8878298
6,6.0826936
6,6.2339373
16,15.92582
9,9.057491
11,10.881942
8,7.7680902
11,10.945877
8,8.192158
8,7.9164076
6,6.0209217
6,6.0209217
13,12.82846
18,17.8831
10,10.088979
2,1.760983
15,15.014567
12,11.851635
8,8.121154
7,7.0641627
12,11.979685
12,12.002421
3,3.103905
8,8.087736
15,14.9520855
11,10.877897
14,14.112026
5,4.94367
8,8.042851
9,8.963079
4,3.8992696
7,6.932045
9,8.944317
16,16.01997
10,9.933618
7,7.103431
7,7.0011854
8,7.9541254
7,7.1142263
10,9.97067
8,7.859304
16,16.052607
10,9.984196
7,7.133187
6,5.8803277
10,10.069043
15,14.903847
9,9.127551
13,13.058645
9,8.95614
12,11.955115
10,9.814939
10,10.147451
15,15.099584
16,16.026566
11,11.077673
11,10.989181
10,10.161759
12,11.886678
10,10.16227
8,7.770756
5,5.047383
13,13.023995
11,10.940724
2,1.9314303
11,10.860759
13,12.936592
15,14.832958
5,5.059578
14,13.999772
8,7.7982793
9,8.832502
7,6.8815136
13,12.947247
11,10.877888
4,4.290157
7,7.118337
10,10.254167
14,13.9017105
13,13.049998
8,8.081589
12,12.047336
11,10.998415
5,5.1404924
10,9.897078
10,10.067108
10,10.071958
8,8.023432
6,5.9405637
14,14.033685
5,4.9389153
13,12.752613
14,13.874012
18,18.118155
14,13.969928
6,5.844381
5,5.033789
8,7.890365
12,11.94875
16,15.952473
7,6.852083
10,9.909009
9,8.801625
9,8.863938
8,7.992824
9,9.094807
16,15.941176
8,8.05098
11,11.042796
7,7.0160947
4,4.0261908
5,5.1020846
5,4.992719
15,14.785326
5,4.937761
17,16.88162
6,6.241434
8,8.293541
16,16.052567
15,15.117582
9,8.8542185
13,12.948642
13,13.213033
10,9.878946
12,11.96288
4,3.9390392
14,13.949448
14,14.297193
16,16.005896
13,12.8820095
0,0.03200192
4,4.128558
19,19.142464
8,8.112093
16,15.892853
12,11.989105
6,5.9761224
12,11.932911
11,11.081481
11,10.799772
9,9.046702
13,12.971748
7,7.005047
6,5.9195714
10,10.196297
6,5.784762
10,10.030861
9,9.026963
3,2.840111
12,11.769125
4,3.8720722
7,6.8725553
3,2.912835
14,14.059763
18,17.955566
13,12.898405
9,8.825067
5,5.028253
5,4.8931065
10,9.925937
8,8.192245
6,5.8722205
7,6.998646
9,9.011145
7,6.9595265
12,11.937461
8,7.785374
10,10.177987
7,7.022037
12,11.808744
5,5.133436
14,13.808352
13,13.192283
10,10.227793
15,15.023267
6,6.112348
10,9.948309
16,15.938704
16,16.096941
6,6.186878
8,7.9528823
16,15.929144
17,16.957884
14,14.033969
3,2.9574602
6,6.137771
12,11.937209
17,16.849638
11,10.951249
12,12.000193
7,6.9813437
9,9.2677555
16,15.957771
7,6.94423
11,11.215701
7,7.1275964
12,11.875997
16,16.030025
10,9.948505
2,2.016986
6,6.1175857
11,11.044276
14,14.291583
14,13.886476
9,8.962906
14,14.1783905
10,10.0122795
11,11.132764
6,5.916888
10,10.023524
6,5.916483
11,11.046404
15,14.928738
7,6.912766
13,13.009006
16,15.865126
11,11.007212
14,14.147157
16,16.209932
0,-0.13267449
3,3.1933827
12,12.075922
13,13.09725
15,15.012506
17,16.950382
3,3.0189455
17,16.935621
9,8.857
16,16.033344
9,9.09531
9,8.933006
4,4.032613
14,13.848352
13,12.990713
9,9.038006
11,11.052944
11,11.026878
12,12.02233
14,13.999109
17,16.960388
11,11.206734
12,11.946399
5,4.9112134
12,11.810416
12,11.966664
10,9.824295
12,12.077192
8,7.964955
2,2.0068972
11,10.980093
11,10.923276
15,15.054615
19,18.889347
15,14.983539
5,4.9134836
12,12.268855
8,7.9169254
13,12.880091
9,9.014592
1,1.0486552
1,1.0486552
18,17.832731
10,9.91243
1,1.0486552
12,11.97508
14,14.110481
5,5.0948052
16,16.05224
6,5.9165883
13,12.976384
8,8.028925
10,10.00302
17,17.018967
11,11.037593
8,7.8787584
13,13.039612
10,9.947672
5,4.9766154
8,7.9487133
5,4.8445125
0,-0.1381733
8,7.906515
9,8.960741
12,12.023783
11,11.043915
11,10.908487
9,9.113599
15,15.162147
8,8.039749
7,7.1727853
6,6.1961637
2,2.0431986
6,5.9063106
8,8.204939
6,5.9063106
6,6.135454
13,12.866755
7,7.1468735
7,7.0971627
12,12.022682
6,5.777816
9,8.976328
9,9.083767
6,6.0117536
12,11.806379
11,10.929067
12,12.0534115
7,7.1487865
10,10.008584
7,7.0120435
9,8.940498
11,10.957131
4,4.055294
7,7.4108047
7,7.0044527
16,16.223562
8,7.927257
20,19.860731
9,8.904472
7,6.9562893
18,17.989115
9,8.973502
14,13.87793
14,13.87707
17,16.97156
4,3.910598
11,10.98229
6,5.848763
6,5.935297
12,12.063476
14,13.843148
12,12.155376
9,8.998221
12,11.950871
12,12.105784
9,9.0073595
10,10.129906
14,14.060977
12,11.872765
16,16.168732
7,6.967538
17,16.885937
22,21.86098
2,1.9533823
10,10.038289
14,14.009162
16,15.842409
11,11.132796
11,10.922236
13,12.991461
8,7.9472485
14,14.032757
13,12.872258
9,9.048835
16,15.998396
13,12.872258
11,11.089488
12,12.036097
8,7.855693
9,9.019003
8,8.069229
12,11.947601
13,13.061875
4,4.0166593
11,10.901533
13,13.119312
10,9.998173
20,19.762173
15,15.015176
8,7.9691257
13,13.069965
14,14.016375
16,15.978423
9,9.204375
6,5.797405
12,11.939484
6,5.784762
9,8.918649
13,13.083661
9,8.978917
12,11.966276
9,9.017426
12,11.938879
11,10.942158
12,11.756477
9,9.055237
9,8.848947
13,12.924773
7,7.0447507
3,2.9811223
15,14.984908
6,6.0459304
11,10.92834
14,13.85152
15,14.962752
14,13.986173
2,2.0196843
11,10.877709
11,10.792841
10,9.999335
9,8.947041
7,7.1336603
10,10.09336
17,17.151503
10,10.051532
10,9.9296465
3,3.0609984
9,8.926394
7,7.1325316
7,6.77686
9,8.856533
15,14.908466
12,11.849205
14,13.882075
15,15.198043
15,14.939494
10,10.000694
7,7.0724525
3,2.8592176
10,10.179506
20,20.30469
20,19.895851
7,7.018218
9,9.075758
13,12.917369
8,7.8951235
9,8.93124
6,6.0417953
11,10.872704
6,6.091075
15,15.192016
9,9.00665
7,6.867354
2,2.0551083
3,3.0305378
17,16.97185
17,16.873108
10,9.929953
10,9.751941
4,3.9752946
7,7.2896576
7,7.050043
4,4.134355
13,12.882308
13,12.997738
10,9.801524
9,8.912881
11,11.031265
12,12.094192
14,14.147626
14,14.07357
12,12.098464
9,9.156591
12,12.063239
7,7.0280356
12,12.075688
5,5.0238853
2,1.7354374
1,1.1018041
14,13.954915
14,13.879242
7,7.057593
8,8.02288
9,9.057668
5,4.8437185
7,7.1137247
15,15.051375
16,15.956659
11,10.891515
18,17.933203
7,6.988732
12,11.984905
14,14.1449585
10,10.066448
6,5.861154
6,5.9502015
11,10.794401
8,8.109564
17,16.885937
14,14.062627
9,9.058052
18,18.01755
11,11.121327
10,9.985172
8,8.171066
12,12.061048
12,12.017965
5,5.0054574
12,11.715076
7,7.243413
11,11.108583
4,3.8973718
12,11.94297
15,14.99444
14,14.026316
10,9.934907
14,14.013211
17,17.185225
13,12.890822
8,7.8843193
11,11.071384
10,9.86242
11,10.921636
10,9.881885
11,10.961991
7,7.090719
14,13.989244
12,12.22189
5,4.93815
10,10.058899
6,6.1188273
14,14.076659
15,15.16739
14,13.849107
7,7.039064
6,6.045111
10,10.483391
19,18.77117
6,6.0036516
7,6.8189583
8,7.984836
8,7.8966446
7,7.009976
7,7.062329
15,15.059277
15,15.019916
6,5.945748
15,14.61198
10,10.018508
11,10.879367
9,8.924595
7,7.087419
11,10.945074
11,10.934993
7,6.867824
2,2.2942138
11,10.940513
2,2.0386753
12,12.088565
19,18.899553
6,6.074656
9,8.86179
4,3.9946983
4,3.9946983
12,11.98897
10,10.011058
10,9.918339
11,10.875359
12,11.880744
9,9.145918
13,13.021368
11,10.972387
16,16.078888
10,9.96965
19,19.182589
10,10.003897
13,13.012472
10,10.063402
9,9.027623
8,7.9098296
6,6.1201553
10,10.296768
8,8.074111
10,9.916623
11,10.966176
13,12.982986
7,6.9237337
15,14.84233
14,13.934371
14,14.0638895
12,11.744172
13,12.967327
10,10.091158
10,9.86603
12,11.957981
7,7.054878
11,11.036557
10,10.068136
13,12.885685
18,18.096361
5,5.054849
13,12.976876
10,9.960888
8,8.06122
9,9.03575
9,9.026219
11,10.896231
2,2.1449158
9,8.949282
10,9.966465
0,-0.14314862
11,10.930974
14,13.929142
16,16.096197
8,7.916686
3,2.9815896
16,15.96929
16,16.141201
10,10.080839
10,10.020624
10,9.8380375
10,9.835512
12,11.956668
7,6.968852
10,9.963631
7,6.7588153
7,7.128486
4,3.9952524
7,7.4077086
13,12.95675
12,12.059918
7,6.943214
7,7.004581
7,6.940373
12,11.995711
9,8.848983
13,12.983511
13,12.870366
5,5.052953
17,17.202793
5,5.0380187
9,8.959417
7,6.952884
15,15.046219
9,9.006263
11,11.016157
13,12.735741
6,5.9754906
2,2.1678357
10,9.895384
12,11.928976
8,8.074648
9,8.997295
7,6.984727
9,9.03518
12,12.0056305
5,4.866377
3,3.0278995
8,7.9359922
6,5.957559
6,6.4496737
6,5.861421
6,5.861421
12,11.796478
11,10.971014
14,14.095718
13,12.77604
9,9.076939
14,13.979204
18,17.98005
16,16.036774
14,13.871773
7,7.114829
8,7.9112415
9,8.979723
18,17.990145
3,2.8702495
8,7.8541775
13,12.859857
14,13.827289
8,8.021616
11,11.0170765
12,12.129895
8,7.9775777
8,8.00008
10,10.012357
10,10.077554
10,10.182348
12,11.931232
8,8.012825
6,6.025269
6,6.2616043
8,7.984898
3,3.010688
10,9.99745
18,18.18845
0,-0.106167294
5,5.0037065
1,0.93062705
10,9.915709
4,3.9164584
15,14.836227
12,12.053008
11,11.09533
10,10.057718
11,10.911862
3,2.960813
10,9.962642
7,7.0508347
11,11.193736
8,8.050916
11,10.954411
14,13.823572
16,15.955463
4,3.9164584
15,14.882933
8,7.997089
8,7.922076
9,8.9985
11,11.413635
15,14.851682
9,8.982416
18,18.068062
15,14.944987
16,15.980463
9,9.016627
14,13.8555975
11,10.852268
11,11.030687
10,10.026303
13,12.882951
12,11.860503
9,8.832502
13,13.145555
15,14.887619
15,14.887619
1,1.0032555
11,11.108252
7,7.079323
7,7.069737
3,2.9418194
8,8.073637
7,7.0203447
13,12.924217
11,10.824279
13,12.94221
9,9.059802
12,12.080664
3,3.1892314
15,15.140926
5,4.893462
12,12.200215
12,11.99268
6,6.2283597
8,8.255656
8,7.902852
3,3.1323154
13,12.742383
10,9.971842
10,10.023872
11,10.981892
16,15.919085
12,12.091797
6,6.125772
8,7.948121
1,1.0655631
14,13.7446165
12,11.913095
15,15.065909
10,10.100692
8,7.965126
3,2.94083
12,11.818598
15,14.787759
8,7.823167
10,10.046701
11,10.969438
8,7.9989924
16,15.981382
18,18.046213
9,9.130293
8,8.024761
9,8.971502
4,4.0804653
10,10.11679
10,10.17152
11,11.223179
9,9.196169
14,13.788065
8,8.068732
14,14.066606
11,11.058805
3,3.0528147
11,11.077505
3,2.8200927
8,8.118599
8,7.9242024
14,14.083167
2,1.6985124
9,8.7440605
13,12.786913
12,11.996104
13,13.154203
12,12.051777
14,14.096194
17,17.142675
10,9.904178
3,3.0405338
10,9.971493
10,10.01784
13,13.141815
9,8.933753
8,8.112093
8,8.000541
10,10.095706
6,6.03468
8,8.109117
10,10.079054
1,1.0112392
11,10.957403
15,14.984623
8,8.207012
13,13.170262
12,12.027034
9,8.834154
12,11.886157
12,11.883178
17,17.039274
8,7.9060373
9,8.9140005
9,8.933897
12,12.033218
12,12.2766695
11,11.155665
19,19.451126
11,11.07336
17,16.984697
13,12.988822
12,11.95453
10,10.067972
9,8.995939
10,10.064995
9,8.863134
3,2.9573188
3,3.2657523
14,14.030301
16,16.041258
15,15.02397
12,11.87055
4,4.057774
12,11.993216
9,8.959797
6,5.9564614
6,6.1437235
16,16.10781
5,4.9204497
12,11.728155
12,11.786833
7,6.9318833
9,9.444827
5,5.0504766
5,5.0426154
13,12.994445
9,8.942782
3,2.9394782
2,1.9517299
4,4.0390897
8,8.049738
10,10.178421
9,8.955385
11,10.960474
9,8.984185
8,8.07172
21,21.01727
4,4.134517
13,12.976247
7,7.0265374
12,11.964679
9,8.966715
10,9.928457
6,6.062888
8,8.023006
11,10.952344
11,11.132113
13,13.09725
13,13.04237
15,14.831867
9,8.966715
5,5.1919346
8,7.9834723
10,10.021354
14,13.851355
8,7.823092
11,11.089576
12,12.011838
11,11.174749
19,18.997713
7,6.9967036
10,10.009229
9,8.993051
5,4.8732142
10,10.098971
16,16.019533
12,12.025954
16,15.920299
14,14.0575075
5,5.019424
12,11.926839
10,10.129552
15,15.058
10,10.121867
14,14.110745
4,3.9915707
12,11.913847
10,10.046099
13,12.944607
11,11.015674
6,6.063915
12,12.148938
10,10.001766
11,11.104139
7,7.223188
8,7.8613153
15,15.101833
11,11.0718155
17,17.1977
9,9.41781
10,10.12012
14,14.033565
15,14.861449
5,4.990182
5,5.024544
9,9.0349655
8,8.002614
5,4.9983435
11,10.769363
10,10.088766
11,11.01801
10,9.961972
2,1.8712636
9,9.053436
8,7.9991713
14,14.111129
4,3.9854763
11,10.8197365
12,12.061492
17,17.005924
7,7.133655
5,5.1304226
3,3.040364
20,19.827694
7,7.0239186
11,10.9969015
19,19.358097
19,19.358097
15,14.994417
15,14.825343
8,8.024336
9,8.995722
9,8.981369
15,14.955774
8,8.263908
9,8.86179
11,11.005752
14,13.88428
6,6.009422
12,11.808744
8,8.032721
10,10.072812
11,10.953212
9,8.928878
6,6.1219234
8,7.9403863
11,10.88698
16,15.991966
9,8.894961
7,7.0204196
12,11.986432
4,4.1325
12,11.95092
10,10.426148
12,11.880658
9,9.047859
10,10.005976
3,3.0626223
11,10.919796
10,9.959131
10,9.905008
11,11.105275
6,5.962277
12,11.695651
8,8.022736
12,11.695651
4,4.0421443
17,16.850525
19,18.895844
11,11.182969
8,7.8855367
12,11.96288
12,12.147667
14,13.962105
20,20.000256
13,13.059065
14,13.938349
8,7.801328
10,10.096384
15,14.99123
13,12.83105
17,16.941473
8,8.0032835
13,12.976335
12,11.981822
11,10.867009
13,12.983447
15,14.743251
10,10.020729
15,14.957929
11,10.864673
12,11.736199
11,10.754793
14,13.892198
12,11.922668
12,11.945865
11,10.857941
13,13.061467
10,9.983667
5,4.987498
16,16.073742
13,13.025065
10,10.056931
6,6.0091915
5,5.13512
3,3.1276906
15,15.07151
15,15.148719
10,9.901522
11,10.947814
12,11.888773
15,14.949787
9,9.01092
3,3.140674
14,14.141341
7,6.9936604
14,14.19007
6,6.2376704
11,11.16365
13,12.913737
7,6.9504404
8,7.925689
9,8.9678135
1,0.9264284
8,8.094075
5,4.9163933
9,8.878124
8,7.8878264
6,6.0541267
6,6.225719
13,12.97146
2,2.0197742
3,2.9746988
13,12.791072
13,12.973241
10,10.145329
8,8.071261
7,6.9959984
12,12.121488
12,11.996104
11,11.215701
13,12.941887
15,14.963767
10,9.8499565
1,0.890443
7,7.0755095
13,12.882365
15,15.004104
6,6.1388183
11,11.009088
9,8.964476
10,10.088373
16,15.935246
11,10.890581
14,13.796838
15,14.892004
9,8.80571
11,11.020897
15,14.966684
16,15.890015
11,11.043915
12,11.915562
9,8.996954
16,15.91482
2,1.8383423
2,2.0079372
13,12.858202
9,9.089968
9,8.9776535
7,7.1270585
11,10.983311
8,8.18711
15,14.95662
14,14.173331
9,8.931124
9,8.907644
8,7.9963913
11,10.7821045
15,14.982764
8,7.9820805
4,3.755193
6,6.0973244
9,9.134225
6,5.8431654
11,11.100582
9,8.892676
9,8.973146
7,7.155361
6,6.059612
12,12.262275
6,6.059612
6,5.7806287
6,5.91612
3,3.0028028
3,3.0028028
18,18.03049
14,13.877727
7,6.9128876
8,8.007675
13,12.7727165
10,10.144194
12,11.913095
11,11.055088
11,10.875684
5,5.2485933
3,2.803348
12,11.938807
16,16.240227
17,17.038485
11,10.826864
2,2.2142146
8,7.963321
11,11.27067
12,12.059353
12,12.005126
6,5.81891
12,11.950749
10,10.029486
13,13.03008
17,17.072264
6,6.1641784
12,12.149562
14,13.934268
15,14.793767
10,10.310069
8,7.9105783
14,13.971459
9,9.029578
11,10.989666
2,2.294787
11,11.089573
14,13.811998
10,10.068254
8,7.997941
8,7.891489
6,5.865126
3,2.7961822
8,7.9933186
14,14.109177
15,15.019435
1,0.88997054
7,7.2790074
8,8.164577
11,10.880487
9,8.919399
8,7.995218
5,4.944693
13,13.1387
11,10.9597025
12,11.962607
10,9.998202
10,10.069069
9,9.007066
2,1.7652705
11,11.155595
9,8.929885
11,10.996519
10,9.913529
4,3.9314394
10,9.756924
9,8.914798
13,12.918156
10,9.862977
10,10.060644
4,3.8782427
8,8.004878
9,9.067227
9,8.877302
8,7.9876165
8,7.9876165
8,7.904976
7,6.937299
8,7.733624
11,11.018505
6,6.048201
7,7.216207
9,8.990792
11,10.911278
2,1.9510976
11,10.881785
11,11.086684
11,10.9584675
11,11.0865555
3,3.0616903
13,12.993754
6,5.69958
13,12.851123
8,8.061721
10,10.008336
5,5.046294
12,12.065258
11,11.254439
9,9.071547
6,5.9566603
7,7.0039673
10,10.189743
5,5.079436
5,4.892281
17,17.050596
8,7.94887
17,16.93355
10,9.980326
10,9.979843
7,6.989567
12,12.075617
13,13.076597
8,8.05043
12,12.272549
3,3.0748029
7,7.102991
12,12.04537
11,11.044161
5,4.744647
12,11.94552
7,7.0043554
12,12.007511
8,8.136552
10,10.024913
7,6.926407
14,13.868486
4,3.960535
8,7.992177
9,9.005439
10,9.826066
12,11.934
10,10.238541
5,4.8576345
11,10.931057
12,12.155707
7,7.118712
0,-0.12198355
0,0.055586707
20,20.126278
11,11.194632
10,10.0167055
10,10.009644
10,10.140994
8,8.156322
11,11.055347
10,10.105483
9,9.034849
6,5.9223065
12,12.143258
10,9.826417
8,7.878576
8,7.878576
15,14.879566
18,17.86119
8,8.112414
6,5.852529
9,8.866989
8,8.005411
9,9.018631
9,8.903085
13,12.956927
11,10.852308
4,3.886099
14,13.979205
11,10.906304
8,8.03046
10,10.030861
8,8.030093
16,16.28431
15,15.156766
6,5.9654555
11,10.915301
10,10.043301
8,8.028539
14,13.996292
12,11.702443
13,12.976384
11,10.769455
8,7.9580836
11,10.967555
13,12.878661
10,10.042011
6,5.7591014
8,7.95586
6,5.9758143
12,12.047689
9,9.06367
10,10.051851
8,7.9802585
9,8.80319
7,6.976606
14,14.138135
12,12.004971
11,10.991165
4,3.9700494
16,15.971434
13,13.040294
10,9.997718
7,7.132842
14,14.083167
9,9.05183
15,15.028017
8,8.16203
13,12.871227
2,1.9867961
6,5.8424153
10,9.985325
14,13.750249
10,10.135791
10,9.925013
7,7.028412
7,6.8920865
7,7.0361414
6,5.886597
7,7.1539526
15,15.05322
13,12.855071
7,7.1652412
8,7.915806
12,12.004971
8,8.050551
10,9.976241
7,6.9879627
8,7.9729447
14,13.842012
6,6.102534
8,7.9598455
15,14.887498
12,11.885333
13,12.991024
18,18.310202
10,10.161975
13,13.02464
11,11.120256
7,7.2076178
8,7.7437077
12,11.887472
10,9.835598
11,10.897977
11,11.000571
10,9.98605
16,16.14457
17,17.08971
5,4.912513
17,17.121233
5,5.203848
13,13.168213
12,12.109613
6,6.3276157
3,3.0275133
13,12.901517
11,10.85925
7,6.9931846
12,11.833648
13,13.017936
13,12.987093
13,13.015593
9,9.165301
13,13.060784
11,10.953655
11,10.998081
6,6.076398
6,5.9256225
13,12.903586
6,5.8548536
8,8.013188
9,8.990116
6,5.8548536
5,5.050505
8,8.005531
12,12.056811
11,10.95281
6,5.8548536
10,10.044702
17,17.339315
14,13.993509
22,22.101646
8,7.9936557
9,8.870187
11,11.017497
11,11.026908
7,6.8099685
10,10.060844
9,9.027323
9,9.0195875
15,14.978043
5,5.0217075
10,10.03518
6,6.0013647
10,10.009641
3,3.066885
7,7.1176624
9,8.8504925
11,10.872431
5,5.0394855
11,11.102726
9,8.8368025
9,8.919058
10,9.890594
5,5.282033
13,12.954966
10,10.149472
7,7.0066037
11,11.010159
11,10.889804
6,6.0973244
11,10.783378
11,10.783378
10,10.063686
12,11.835857
8,7.7680902
5,5.0238714
16,15.82297
8,7.919501
7,6.919203
12,11.993076
8,8.037268
9,8.935592
7,6.9937305
8,7.907359
21,20.79074
14,13.6817045
16,15.997288
13,12.864778
10,10.059874
10,10.295974
11,11.051151
16,16.014593
5,5.054284
10,9.86242
8,7.951902
8,8.109564
9,9.04634
6,5.912708
7,7.029675
11,10.849063
11,10.848314
18,17.839624
14,13.788065
5,5.02969
8,7.9730697
12,12.090846
10,10.271532
8,7.8967714
12,12.096649
14,14.041459
4,3.910598
12,12.045916
8,7.98369
15,15.118772
6,6.076965
6,6.2302494
7,6.8299165
10,10.181541
15,14.963528
7,7.0616493
10,10.101954
11,11.206743
16,16.014679
10,10.180239
12,11.866562
9,9.089883
5,5.0509925
5,5.0509925
10,10.16488
11,10.944282
10,10.094126
10,9.845298
17,17.22599
13,13.018131
19,19.119501
9,9.02206
11,11.145989
13,12.945397
11,11.034579
12,12.057586
10,10.111642
7,7.0562677
11,10.969216
13,13.015593
13,12.987093
12,11.91871
15,14.972993
8,7.8989196
9,8.876522
12,12.049638
4,4.0276647
13,12.9748955
13,13.001834
5,5.040606
10,10.129539
17,17.220566
13,12.9418335
14,13.927245
10,9.910471
6,6.008323
10,10.0467005
15,15.047196
15,15.101172
16,15.838776
10,9.940216
2,2.0297124
11,11.015888
16,16.075174
13,12.877866
6,6.0669627
10,10.185628
11,10.881101
8,7.878976
16,16.0686
7,6.962003
14,14.03717
7,6.9746523
7,7.1287913
14,13.869346
11,10.96361
12,11.9887905
12,12.059205
7,6.9714956
10,10.149817
6,5.927828
13,12.889669
8,7.926574
11,11.081486
11,10.821399
13,12.876041
13,13.250936
11,11.027394
9,8.873622
18,17.969261
11,10.909501
11,10.928026
16,15.770155
12,11.894556
12,11.95284
7,6.9408565
5,5.2450013
6,5.9045277
9,9.060766
15,15.184802
11,11.043915
13,13.030397
10,10.154999
14,13.934371
13,12.821494
2,2.1498978
12,12.024777
11,10.945074
11,11.155595
7,6.8412375
14,14.11218
8,8.110859
18,18.059397
9,9.049106
8,8.0726185
14,14.09253
7,6.9626307
9,8.914798
9,8.875812
8,8.041844
6,6.1688848
6,6.020015
16,15.772092
10,9.93082
11,10.936304
14,13.97109
13,12.880728
12,11.770311
14,13.864101
11,11.12026
11,11.1993475
11,10.772
15,15.08543
6,5.9240885
9,9.007906
14,14.110745
2,1.9650059
6,5.8956003
14,13.939931
6,5.9926286
12,11.851348
8,7.9360437
2,1.9582075
7,7.036667
13,12.876949
10,10.021502
10,10.063535
9,8.925372
3,3.1397426
14,14.077213
16,16.05224
11,11.023601
15,14.743253
16,15.89447
8,7.8592663
8,8.028539
11,11.090428
13,12.818782
6,6.0156612
10,10.099656
14,13.95123
14,14.046013
11,11.089576
11,11.035623
9,9.10171
9,8.936717
10,10.205071
9,9.038806
13,12.942296
6,5.7907286
13,13.036015
11,11.109608
6,6.0184717
9,9.13049
9,9.036137
9,8.87648
14,13.986008
14,14.155108
8,7.750819
6,6.1565423
13,12.787481
9,8.87648
8,7.9759927
11,11.222499
14,13.836167
14,13.995372
12,11.943144
4,4.098705
14,13.924674
10,10.067608
7,6.7447667
4,3.8885946
8,7.9490604
8,7.9490604
11,11.089632
19,19.000679
13,13.132455
11,11.023199
0,0.033295553
8,8.050974
11,11.009846
8,7.8652434
10,10.048974
11,11.06605
9,8.974065
13,13.373436
5,4.8683667
1,1.0496994
12,12.102221
9,8.943012
10,10.253288
13,12.853939
8,8.2754345
11,10.996747
8,8.083191
10,10.009229
9,8.892512
6,5.8309927
10,10.201336
18,17.954245
2,2.0575132
15,15.014967
10,10.026682
14,14.022581
13,13.032454
5,4.977275
7,6.9813933
13,13.032454
10,9.964192
8,7.9082694
12,12.016634
15,15.031191
19,19.202644
10,10.018615
13,12.948516
4,3.8821707
7,7.0541196
9,9.073764
3,3.0028028
9,8.952054
11,10.830001
16,15.900982
14,13.941585
15,14.98369
13,12.93522
10,10.073973
4,4.0243874
11,10.92282
8,7.8807445
10,10.152338
16,15.96213
10,9.995712
2,1.8626825
7,7.0648117
16,15.89871
10,9.859242
6,5.910205
13,13.0793915
19,18.996834
7,6.992628
4,4.009162
14,14.139985
10,9.862446
13,13.077395
10,10.319249
19,19.349785
6,5.9047227
7,6.9265842
11,10.883207
17,16.94664
9,8.972125
10,9.896328
4,4.065316
16,16.144117
7,6.990183
9,8.906955
17,16.99567
10,10.116359
2,2.2505436
6,6.022667
12,11.963999
15,14.981358
12,12.024662
5,4.941474
11,11.194985
9,8.982416
12,11.970294
16,16.000816
11,11.083755
7,7.104514
7,7.1501284
17,16.997194
11,11.102244
15,14.944987
10,10.099338
9,8.995722
9,8.970652
14,13.945963
12,12.105484
10,10.064234
6,6.082766
13,12.976852
8,7.878576
11,11.00705
10,9.949663
1,0.9581132
10,10.0012245
11,11.130672
5,5.0404897
13,12.892103
16,15.855823
13,12.974453
6,6.007357
13,13.045248
4,4.0977
8,8.00517
15,15.100812
13,13.011403
6,5.7278905
13,13.110239
10,9.991857
12,12.0614605
14,14.002422
9,8.889693
9,8.889455
5,4.806093
10,10.243107
13,12.882389
5,5.117516
5,4.9962797
6,5.9751997
6,5.977391
10,10.261539
9,9.029805
13,13.334548
5,4.823004
13,12.943394
10,10.125764
13,13.104302
12,11.78718
10,10.230427
5,4.8522973
6,5.89362
4,3.8965628
11,11.068541
7,7.018857
10,10.119609
4,4.1243486
10,9.745464
8,7.968517
8,7.760967
9,8.928261
8,7.932558
5,5.2069783
7,6.9276752
14,14.03326
10,9.903055
1,0.854566
2,1.7514136
12,12.007472
11,11.100356
10,9.952726
13,12.730822
4,4.0504966
9,8.894239
11,11.008693
4,3.8810503
9,8.9140005
15,14.848782
10,10.099739
12,11.911674
6,6.0123267
12,11.954845
15,14.834115
7,6.9515266
6,5.9567432
6,5.989164
10,10.114669
5,5.0592146
6,5.9859476
7,6.968852
16,15.965728
9,9.012716
11,11.023601
10,10.165139
10,10.006436
10,9.898483
4,3.935197
6,5.957697
11,11.019536
15,14.907098
14,13.955566
14,13.982753
11,11.060057
8,7.8736715
6,5.9518576
13,13.093955
2,1.8403908
10,10.229817
2,1.9731269
8,8.130072
10,9.971563
10,9.776431
16,16.132952
9,9.1829195
12,12.326577
6,6.013605
14,14.109009
6,6.076966
7,6.9129457
10,9.971493
10,10.023079
14,14.026205
2,1.9494951
11,10.667423
5,5.055039
13,12.96205
12,11.681172
11,10.667423
9,9.029745
10,10.029935
6,5.919695
7,6.937299
10,9.985736
12,12.063516
11,11.032947
6,6.088669
8,7.8182764
14,13.815163
6,6.0896735
6,5.9186993
13,12.881235
11,11.046433
13,13.148529
7,7.029456
11,11.199786
15,15.045784
9,8.767813
10,10.119072
11,11.121479
11,11.174897
5,5.1080904
12,12.128139
12,12.129895
11,11.078357
10,10.108628
10,9.912921
10,10.134006
11,11.27833
12,11.964125
12,11.919148
10,9.937144
13,12.826396
10,9.999311
11,11.1423025
12,11.761291
11,10.881942
13,12.783584
10,10.073697
11,10.82965
10,10.244831
9,9.165928
8,8.10827
10,10.041856
10,9.946405
8,8.121154
7,6.9747367
5,5.059578
5,4.9510016
6,6.1964855
12,12.004888
10,10.1043005
15,14.953089
12,12.110786
9,8.893475
6,6.1038127
14,13.944905
7,6.976606
14,13.728496
8,8.255764
11,10.892003
14,13.89737
15,15.187046
6,6.1201553
10,10.123141
13,13.194994
3,3.2519138
13,12.848028
12,11.980653
7,7.040937
11,11.17358
7,7.1924543
7,7.0466456
17,16.896639
11,10.963936
9,8.945362
18,18.245981
3,2.7568219
7,6.9632406
5,4.778062
14,14.097927
14,13.947819
5,4.9517407
16,15.987393
4,4.081805
12,12.084109
15,14.940156
13,13.037228
6,6.21908
16,15.915853
13,12.9975
16,15.827097
11,11.18624
7,6.7871094
3,3.040364
3,2.9769013
14,14.218762
13,12.762358
9,8.859836
9,9.053619
12,11.970542
10,10.154811
8,7.928501
10,10.085969
12,12.075005
10,10.0705805
10,10.0012
10,10.069281
14,13.80628
10,10.111
3,3.0160987
10,10.146551
11,11.166925
13,13.126621
14,14.0107355
11,10.944202
13,13.118233
3,2.8954592
10,9.880544
14,14.075407
8,7.9633822
11,11.017674
10,10.114294
6,6.0938997
11,11.145419
8,8.087248
7,6.8724737
5,4.989765
11,10.992981
10,10.088696
14,14.083167
16,15.980463
10,9.813937
9,9.154806
9,8.889766
7,6.8940153
11,11.18624
10,9.906787
10,9.999439
18,18.006746
11,10.964687
16,16.242327
14,14.200462
7,6.991337
11,10.898292
6,6.116766
12,12.04286
13,13.104763
9,8.981369
9,9.021374
13,12.95286
6,6.101801
11,10.962032
7,6.7635508
8,8.0995
7,7.0936923
14,14.049157
9,8.851758
12,12.014668
14,13.837829
14,14.027778
10,9.983985
7,6.878827
13,13.057991
14,14.006288
11,11.162056
10,10.021457
6,6.008936
0,0.065225564
6,6.026589
6,6.1055365
18,18.421122
9,8.8641405
9,9.0122
16,16.167122
17,17.226513
10,10.030779
8,7.922517
2,1.9533823
7,7.1210394
13,12.955297
8,8.136056
16,16.159004
8,7.949892
13,12.973482
12,11.918024
9,9.046142
13,13.02426
2,1.9411445
2,1.8157556
15,14.987347
10,10.145329
13,12.950446
15,15.021436
10,10.017139
9,8.971471
17,17.053331
10,9.997594
15,15.059808
19,19.132309
6,5.8085504
8,8.087342
16,15.937959
7,7.0454383
9,8.953519
11,11.047727
6,5.9578676
8,7.996568
11,10.944869
7,6.9254847
9,8.945955
10,9.942085
4,4.122523
9,9.0123005
12,11.756477
6,6.0047946
14,14.171457
15,14.852073
3,2.982662
11,10.982587
5,5.001671
12,11.940312
9,8.99801
11,10.586932
15,15.039151
5,4.8446627
8,7.989561
8,7.7747064
13,13.127553
7,6.992698
15,14.850719
16,16.029583
11,10.794796
16,15.934904
9,9.018904
11,10.929907
5,5.0588665
7,7.3809547
9,8.814815
5,5.062685
17,17.267668
10,10.142258
16,15.977504
8,7.813236
14,13.9838
5,5.186772
14,13.824485
10,10.015911
4,3.9911597
16,16.01888
10,10.018881
8,8.076752
11,11.012486
16,16.023338
5,5.0542274
12,11.874007
8,8.125089
9,8.97352
13,12.871035
6,6.095422
8,8.012825
12,12.133582
13,12.903827
15,15.025322
13,12.941258
9,9.031962
10,9.999354
6,6.093692
13,13.018525
10,10.102748
10,10.087747
15,14.901556
11,11.001912
10,9.992989
8,8.054829
9,9.000771
15,14.950571
11,10.862457
11,11.105021
9,9.039036
9,8.948185
10,10.029874
9,8.928979
14,14.025108
13,13.156102
13,12.880961
6,6.0516353
3,2.8223038
6,6.030568
9,9.002487
12,11.900664
11,10.76277
6,5.9938164
16,16.1852
15,15.190584
8,7.9321785
6,5.973114
12,12.057549
14,14.185743
14,14.021146
12,11.846585
12,11.900266
7,7.0218697
2,2.3167536
16,15.938704
15,15.016801
6,6.0687413
7,6.88034
13,13.025279
6,6.0895
10,10.294912
10,9.982609
12,12.148848
11,11.131363
10,9.898056
10,10.072463
8,7.8875847
4,3.8965628
12,11.939351
11,11.007123
6,5.953634
8,7.895674
3,2.9041955
9,8.97472
10,10.286249
8,8.030346
9,8.824954
13,12.723903
11,10.993055
10,10.096361
17,16.948889
19,19.07531
8,7.912583
9,9.010938
7,7.005262
9,9.024533
11,10.753338
3,3.027648
16,16.086687
9,9.031937
16,15.99577
13,12.948642
6,6.4496737
14,14.232344
11,10.748152
15,15.146658
12,12.060222
10,9.989743
10,9.958376
11,10.842818
7,7.0821176
11,11.123621
9,8.909197
14,14.065786
11,11.004097
3,2.9284074
10,10.114628
9,9.116436
9,9.078104
21,20.714901
5,5.0252233
7,7.1937165
8,8.115835
9,9.13312
7,7.14277
6,6.102922
10,10.068254
8,7.8966494
12,11.885691
11,10.890581
8,7.902902
9,8.960494
12,11.773703
9,8.9042845
7,7.0815387
10,9.932664
11,10.991949
11,11.053747
15,15.081526
5,5.0227776
13,12.865872
8,8.144386
12,11.936566
15,15.024318
7,7.05516
5,4.971719
20,20.000525
12,12.091559
8,8.00008
4,4.1173697
12,11.952207
11,10.976098
14,14.141341
14,13.951596
12,11.766448
16,16.064745
12,11.886418
11,10.84839
5,4.9786506
7,7.0168657
15,14.703572
14,14.064698
4,4.066568
7,6.8468966
4,3.9562325
4,3.9557545
11,10.933281
7,6.9661856
5,5.047383
1,0.6904719
1,0.6904719
12,12.06315
14,13.958594
8,8.011569
13,12.99134
9,9.022721
15,15.168508
11,10.881785
8,7.992386
13,13.078799
12,12.039048
11,11.043344
12,12.0803
12,11.989443
5,4.8640304
14,13.999688
9,8.95253
5,4.8445125
10,9.871641
6,6.2600513
7,6.9317617
5,4.818173
7,7.0012846
8,7.9674115
14,13.93491
14,13.917125
8,7.8736305
5,5.1223564
7,7.097523
8,8.053672
12,12.014497
13,12.961711
8,8.031082
6,5.9838715
9,8.976328
9,8.968859
6,6.091052
11,10.958787
10,9.962739
13,12.830911
5,4.779107
13,12.815639
6,5.912708
18,17.6615
10,9.857873
13,12.97005
12,12.066987
5,5.0320153
10,10.121455
18,18.117699
19,19.087027
15,14.831867
16,15.936881
13,12.974025
13,12.974025
7,7.105092
8,8.049746
10,9.969275
14,14.01379
5,4.9912453
12,11.844174
5,5.020066
12,11.903777
11,11.149523
10,10.040029
7,7.135189
10,9.905113
16,15.930983
15,14.962519
4,3.9532871
12,12.087652
6,6.072465
7,7.1019964
6,5.918266
16,15.966126
10,10.036079
11,10.958026
3,2.8827615
12,11.982701
13,13.150032
9,8.864573
13,12.926034
12,11.919374
13,12.881966
7,6.9392276
13,13.141452
8,7.968506
11,11.092503
12,12.1860285
7,6.973559
5,5.0102677
12,11.855776
7,7.065089
11,10.913082
6,6.020015
7,7.0878086
5,4.93381
5,4.978842
15,15.004093
14,13.874877
10,9.888972
10,10.049235
5,5.075484
5,4.993385
7,7.225582
20,20.112646
21,21.148039
15,15.091649
8,8.051909
10,10.0992775
18,18.008938
5,5.0803585
11,10.985644
5,4.696801
5,5.0004816
8,8.039111
7,7.246531
13,12.881235
10,9.933064
5,5.05774
8,8.120777
18,18.157484
11,10.887837
11,10.855576
7,7.0012956
10,10.134634
9,8.9624815
8,7.917762
15,14.9674225
13,12.865169
17,17.199608
5,4.924886
11,10.9993305
5,4.878831
9,8.954215
12,12.099935
9,8.795206
12,12.135743
11,10.945808
14,14.187416
11,10.952198
1,0.939053
8,7.9705806
11,10.97339
11,10.869289
11,10.808513
9,9.032091
14,14.034467
15,15.038319
5,5.2639613
15,15.090546
9,8.951947
13,12.972839
17,16.931114
8,7.9630313
8,8.064589
9,8.879015
17,16.992004
6,6.0969243
9,9.003803
18,18.03372
8,8.02276
10,10.013851
10,10.12012
11,11.113098
9,9.01582
15,14.846206
11,10.778152
6,5.80518
8,7.9888306
4,4.0237517
9,9.233059
11,11.01716
12,11.943333
13,12.815131
2,2.1762688
10,10.003366
11,11.018698
9,9.007363
15,15.101833
13,13.011349
2,1.9499655
2,2.1773012
5,5.1298246
7,7.0561304
11,11.0688925
17,16.798075
10,9.98664
11,11.118457
11,10.82734
9,8.8700485
9,9.268428
6,5.922797
2,2.129712
9,8.90423
12,12.089427
11,10.82734
1,1.0119908
4,4.00073
19,19.116175
12,12.120856
10,9.830673
7,6.9318657
7,7.044644
12,11.873812
4,4.122492
10,9.928572
2,2.0838797
6,5.74379
10,9.8949375
10,9.9663315
12,11.859411
12,12.224558
12,11.96769
12,11.907305
9,9.012563
8,7.872486
11,10.904182
16,15.966126
10,9.923794
10,10.11423
17,16.954062
3,2.9971719
17,16.88402
7,7.0091043
7,7.07938
8,8.132243
10,10.057386
14,14.104733
9,8.869972
13,12.971648
8,7.937454
3,2.9425848
12,11.879094
8,7.912051
22,21.848553
22,22.114708
10,9.993563
14,14.044234
15,14.799464
13,12.844349
18,18.218178
13,13.137525
13,13.060784
8,7.871381
7,6.969465
4,4.368711
15,14.979289
13,13.143074
9,8.949655
1,0.710199
17,16.974226
13,12.922323
2,2.0514455
13,12.894761
8,7.7838955
7,7.0883145
11,11.060164
8,8.018426
15,15.011356
4,3.7907941
11,11.00649
13,12.920685
4,4.0399904
12,12.054995
4,4.2741556
4,4.269959
10,10.12969
9,9.042871
14,13.842584
14,13.966566
10,10.047227
14,13.752273
6,5.9371934
13,12.876948
9,8.985452
8,7.9258595
8,7.8864126
6,5.9295263
8,7.9425273
9,9.053209
10,10.034415
13,12.8723955
2,2.0148747
10,9.9865465
7,6.940373
7,6.940373
8,7.9000373
14,14.026946
7,7.110572
6,6.053445
14,14.117275
11,10.857422
10,9.826548
11,11.218863
9,8.709275
6,6.100516
14,14.320919
14,14.090942
10,10.090487
13,12.9556675
9,8.912146
5,5.0590634
10,9.98605
13,12.791468
5,5.047032
10,10.099359
11,10.97339
7,7.1780963
7,6.827222
16,16.221622
9,9.015938
10,10.104317
19,19.136776
13,12.898149
9,8.991493
10,9.887753
8,7.961131
5,4.8813767
5,5.1356044
10,9.992712
3,2.89616
9,8.950178
9,8.838481
13,12.927402
13,12.978357
14,14.001301
5,5.0813723
6,6.0157614
7,6.908739
10,9.987224
15,14.911551
12,11.884825
12,12.060845
12,11.787546
7,6.9504013
9,8.980322
12,12.116889
4,3.845757
4,3.962222
4,4.0406
13,13.153667
12,11.949852
7,6.9063687
4,4.0235596
13,12.89898
12,11.840269
10,10.311424
11,11.145967
16,16.112753
19,18.610374
5,4.873625
6,5.80518
4,4.133623
12,12.0803
8,7.8709326
2,2.0956092
9,9.009876
11,10.885877
12,12.122946
12,11.896355
16,16.030357
14,13.906425
10,9.903378
13,12.994506
13,12.88451
5,4.91958
11,10.847713
17,16.956324
13,12.987108
7,7.051508
13,12.786783
9,9.170282
11,10.97013
9,9.084057
7,7.280793
14,13.80577
6,5.9902215
11,10.926607
13,12.858792
5,4.8320265
13,12.870036
5,4.8711896
11,10.973236
8,8.066322
7,7.1574817
5,4.8675523
8,8.002453
9,9.050818
14,13.7740345
14,13.81232
6,5.8876257
6,5.6808877
16,15.9541025
7,6.8972936
8,7.9278
8,7.958631
14,13.866891
5,5.251743
15,14.931434
9,9.148929
10,10.158903
11,10.971218
3,3.0121062
9,9.046301
12,12.032996
22,22.047327
18,17.843496
11,11.174911
6,6.0329413
6,5.9806194
14,13.894966
11,11.032573
7,7.1153545
6,6.055899
18,17.661541
0,0.055586707
9,8.990554
10,10.089979
13,13.082849
8,8.048885
9,8.990116
3,3.0426645
8,7.884826
9,8.92598
9,9.1449995
16,15.940091
16,15.825252
16,15.82297
7,6.960668
7,7.009275
13,12.913951
13,13.052419
15,15.131114
0,-0.15208603
10,10.114742
11,11.007672
10,10.130263
13,12.742383
10,9.94957
4,3.7243304
11,10.8775215
13,12.924626
6,6.1309943
7,6.815472
10,9.975493
7,7.006447
5,5.0999327
6,5.9060974
5,5.132604
9,9.003401
14,14.041459
8,8.238226
10,10.111484
15,15.00698
7,6.9103584
12,12.01192
11,11.176114
13,12.93776
15,15.075784
6,6.235468
12,11.9739485
13,13.116796
15,15.009751
8,7.919579
7,7.002891
10,10.148236
6,5.946235
10,10.2887745
9,9.006874
8,8.141418
5,4.823004
13,12.777329
8,8.112093
5,4.9950266
14,13.993101
10,9.917313
8,7.716412
15,15.040013
6,6.1310134
13,12.8646755
10,9.916948
4,4.027167
9,9.027289
7,7.1357875
12,11.900681
12,11.998969
2,1.748828
6,6.079847
12,11.933188
10,10.047167
3,3.0643857
9,9.049571
8,8.029204
6,6.089968
11,11.128641
10,10.081607
8,7.904752
10,10.067658
6,6.0117536
7,7.1223783
10,9.99333
10,10.0546875
14,14.118784
7,7.301658
12,12.024777
10,9.929953
11,11.223179
9,8.879595
5,5.0727525
14,14.04785
16,16.096289
3,2.8767655
2,1.9517299
16,15.96213
17,17.039274
13,12.947247
12,11.997796
12,11.928477
17,17.182478
10,10.081263
16,15.891626
4,4.114933
9,8.93124
17,17.339315
10,9.944821
14,14.063282
15,15.049292
2,1.685879
12,12.14477
10,10.078411
9,8.825011
7,7.053407
7,6.9830003
10,9.827058
12,11.94538
13,12.754011
14,13.850075
8,8.015297
6,6.0396323
9,8.879762
13,13.024178
6,6.03856
11,11.0379715
7,7.3346095
11,10.89694
12,11.752422
10,9.974145
11,10.998999
8,7.977562
7,7.3353624
9,9.069345
8,7.896491
3,2.9526594
7,7.04739
12,12.130715
8,7.9256544
6,5.9932156
18,18.219011
10,10.203803
18,18.001883
10,9.945509
18,17.930637
3,3.1734183
15,15.12995
8,7.746223
12,11.937834
18,17.753334
8,8.090574
2,2.0609746
12,12.060833
2,2.0609746
8,7.846614
8,8.142369
9,9.05829
15,14.994142
10,9.882035
9,9.010013
1,0.93127865
17,16.971994
6,5.982553
10,10.029486
13,13.015918
14,13.9748535
12,12.087789
12,12.160864
13,12.808119
17,16.969906
11,10.936728
11,11.164526
7,7.093708
8,8.044253
8,8.102206
13,13.00874
12,11.87874
6,6.2965965
8,8.014642
8,7.9926004
8,8.039509
8,8.081978
14,13.967747
9,8.895039
8,8.146857
14,13.880248
10,9.961798
18,18.085781
6,6.018158
6,6.018158
6,6.0795264
8,7.997941
15,14.683424
12,12.036948
7,7.0454383
8,7.961282
6,5.956962
3,3.0028028
14,14.094142
15,14.955592
14,13.8224535
4,3.9830418
15,15.022599
13,12.998038
10,9.8934
15,14.973553
9,9.137613
11,10.999089
9,9.231753
9,9.208348
11,10.903238
13,13.07062
11,11.108689
7,7.0971627
11,11.028283
5,5.081633
13,12.934842
8,7.915021
12,11.97869
9,9.053436
16,16.033703
6,6.061004
10,9.942669
11,11.039917
11,11.022903
4,4.0725026
17,16.96042
9,8.934634
6,5.945713
18,17.906584
8,8.049161
11,11.223267
12,11.954146
8,8.1587105
17,16.93612
7,7.0786
7,7.0596647
4,4.1605043
9,9.174835
11,11.053615
13,13.0914755
10,10.0705805
9,8.942782
8,8.171563
9,8.845184
11,11.017461
12,11.986453
13,13.023086
12,12.004486
3,2.91916
13,13.036268
8,8.02276
6,5.9369826
11,11.119339
11,10.8892565
5,5.0761127
10,10.014738
5,5.099112
19,19.124264
10,9.995143
13,12.926342
11,11.013868
10,10.077966
6,6.042589
12,11.856231
13,12.898008
13,13.142235
7,7.0440125
18,18.23321
11,10.957795
11,10.929828
12,11.937834
8,7.9107776
10,10.140873
19,18.938133
13,12.865872
6,6.2766666
12,12.2144575
7,6.9746523
17,17.10619
15,15.019044
4,3.8965628
17,16.96042
6,6.0395637
9,8.867771
3,2.9075036
10,10.032166
15,14.966113
10,10.012664
7,6.9934726
3,2.964143
5,4.7666464
19,18.971622
13,12.785143
13,12.815788
5,4.9517407
15,14.91324
16,16.024546
5,4.9693036
7,6.9934726
7,6.9300647
2,1.9038599
7,7.050859
12,11.8677
7,7.1176457
3,3.0879998
16,15.960138
0,-0.14341168
7,7.0168014
6,6.013414
7,6.9313574
11,11.04679
10,10.083632
6,6.03468
12,12.014497
11,10.989393
13,12.605952
5,5.0803585
7,7.0971627
13,13.02636
10,10.050538
5,4.9160337
17,17.046694
9,8.971278
12,12.010973
11,11.076736
15,15.139093
6,5.9835978
9,9.092337
9,9.041117
4,3.9858937
14,13.865631
16,16.110512
17,17.01896
7,7.3330507
8,7.8062167
9,8.84824
9,8.968859
10,9.783117
8,8.03925
7,7.006048
8,8.033902
8,7.956775
4,3.9738564
5,5.1703706
6,6.0498652
6,5.9991584
5,4.9484506
12,11.930837
9,8.95289
9,9.165762
9,8.897821
7,7.0373287
9,8.923512
11,11.12949
5,4.9768867
6,5.9302907
11,11.055275
10,9.855322
1,0.9234645
13,13.03072
11,11.014469
2,1.9318677
13,12.93408
14,13.995045
6,6.018158
16,16.177435
10,10.124102
11,11.164052
7,6.8685446
17,16.93884
13,12.826396
11,10.995538
13,12.931438
16,15.936968
11,11.097075
11,11.057458
19,19.010897
9,9.057474
7,6.813166
8,8.171563
12,12.023714
10,10.070245
12,11.701035
19,19.155212
10,10.00017
12,11.872316
6,6.0669627
13,13.169758
7,7.0546627
8,7.9164443
15,15.12995
4,4.0515323
12,12.088325
2,1.6763445
12,12.016499
11,10.908487
13,12.9125185
10,9.961215
10,10.124828
11,11.155965
9,8.979603
10,10.097572
15,14.820479
10,9.919759
11,11.058152
22,22.070475
9,8.922255
6,5.8690715
7,7.1187053
12,11.996165
15,15.014967
7,6.923781
3,2.78979
4,4.019059
12,11.943414
12,12.094676
12,12.106569
11,10.887148
13,13.149137
16,16.184435
7,6.923892
11,11.191858
12,11.83492
10,9.891582
9,8.967272
0,-0.11639189
4,4.214218
14,13.981588
7,7.0783744
5,5.039402
6,5.9458184
9,9.147021
8,8.079963
10,10.008631
10,10.073159
11,10.963292
14,13.928681
14,13.8544235
7,6.919203
4,4.032613
4,3.9618764
9,9.059802
9,8.880774
14,14.185958
12,11.907309
10,9.947024
10,10.096622
10,10.052042
5,4.8711896
11,11.051151
12,11.702443
8,8.197739
11,11.022561
8,8.000327
12,11.915562
12,12.016163
9,8.954318
9,8.859377
9,9.246308
13,13.244026
5,5.009439
10,10.068294
10,10.057153
6,6.089968
5,4.685756
4,3.974953
10,9.872308
15,15.178757
12,11.725181
5,4.9946404
8,7.9951587
17,16.96402
17,16.964458
8,7.8736305
11,11.216144
12,11.986478
12,11.998508
12,11.950067
13,13.083844
18,17.966875
9,9.058256
6,6.2029448
11,10.897649
10,10.01999
11,10.937348
9,8.966808
17,17.035671
5,4.91958
16,16.024761
12,12.064438
12,11.887838
14,13.684541
8,8.180855
14,13.803017
11,10.94921
6,6.029347
15,15.03226
15,14.890574
8,8.074465
15,14.92517
11,10.959925
8,8.031362
9,8.904915
5,5.012763
10,9.9131365
8,7.9580836
15,15.10068
10,10.0012
19,18.841497
7,6.880057
15,14.70106
3,3.1350408
10,10.212785
10,10.212785
10,10.253712
8,7.9899397
15,15.074697
15,15.153488
5,5.1570587
17,17.017067
11,10.721054
8,8.079425
12,12.044603
15,15.0308895
13,13.020681
6,6.065929
8,8.052181
18,18.071537
9,8.849701
10,10.1529255
13,13.126255
10,9.86561
5,4.9834957
3,2.9284074
9,9.1554365
11,10.964687
9,8.730494
15,14.887619
7,7.052249
6,5.861421
13,12.84459
12,11.981874
11,11.061297
10,9.977668
8,7.895372
13,13.019435
17,16.987719
15,14.915098
17,16.945549
2,2.0923195
13,13.03238
13,13.03238
9,9.07467
11,10.940448
7,7.0373807
15,15.064265
11,11.025305
9,8.9108305
9,8.824756
13,12.933758
15,15.045784
8,7.9802585
8,7.923927
6,5.932449
18,17.917904
12,12.208381
8,8.09914
3,3.2022967
16,15.931943
15,15.214348
17,17.100117
9,8.9079895
9,8.936956
13,13.042428
10,10.282944
7,7.032098
8,8.054907
7,6.89815
13,12.890539
16,15.951107
16,16.34454
3,2.8844032
3,3.069838
15,15.153539
12,12.01799
14,14.271766
4,3.9180164
9,8.888412
14,14.02054
3,2.9789379
11,11.052118
2,1.8569593
7,7.014984
13,12.913453
11,11.112891
5,5.0174947
12,12.0833845
12,11.940014
9,8.777895
5,5.083805
4,3.9987292
7,7.0988283
4,4.226696
4,4.062625
4,3.9847052
17,16.94664
8,8.163614
13,13.119381
10,10.038053
3,3.1214356
13,12.877746
12,12.02088
15,15.089686
10,10.070417
14,13.991813
3,3.1214356
15,15.08543
14,13.968595
5,5.083805
8,8.050916
10,10.073222
15,15.043571
8,8.002614
10,10.036865
13,12.861138
9,8.928003
8,8.036225
14,13.952292
5,4.8206134
10,9.789853
10,10.177987
16,16.110182
10,10.036838
5,4.9338083
7,7.120787
12,12.0604515
15,14.988141
14,13.685505
11,10.913074
10,9.90416
14,14.061451
3,3.1675386
9,9.053957
8,8.315452
7,6.949836
7,7.0104656
7,7.085889
11,10.922278
14,13.862164
12,12.041381
9,8.8035555
14,13.8895
12,12.022457
12,12.213782
9,8.80532
13,12.907759
7,6.912449
8,7.9682293
8,8.039117
9,9.025521
3,3.0616903
4,4.029553
10,10.059987
2,1.9383647
13,12.892103
16,16.024769
9,8.925576
11,11.061745
7,7.1285167
6,5.864
17,17.31751
15,14.861698
8,7.9220133
8,7.7282796
11,11.192887
19,18.90734
10,10.286523
12,11.881792
4,4.0553994
11,10.804469
10,10.090966
7,7.003589
6,6.01807
9,8.997608
11,10.927903
7,7.0091043
7,6.990218
10,9.9787035
7,6.8154054
8,8.064347
11,11.1973505
10,10.100629
5,4.93815
8,7.9353604
10,9.984641
11,10.980159
17,17.19308
6,5.963874
17,16.99757
10,10.099388
11,10.893043
5,4.936944
9,9.023784
10,10.250388
8,8.264206
11,10.938102
9,9.209338
16,16.113935
9,9.209338
15,15.109121
8,7.881823
11,11.021232
14,13.856208
9,8.841994
12,11.858215
10,10.024913
14,14.153752
9,9.007363
15,14.896101
13,13.135091
10,9.998202
10,10.021931
12,11.793762
11,10.934467
8,7.899433
8,7.923516
8,7.960341
6,6.071627
7,7.114752
10,9.896889
10,9.85827
11,11.040809
12,12.004971
16,15.972582
6,5.96061
10,10.086409
9,8.97724
9,8.980439
13,12.961323
8,7.7437077
8,7.918381
11,11.078357
4,4.1008153
3,3.0407014
5,4.9193053
2,1.8859073
5,4.773631
7,7.04386
11,10.918488
12,11.98927
4,3.8660727
10,9.846945
10,10.134634
18,17.906584
17,17.225096
11,10.953212
14,13.841657
10,9.782867
18,18.159142
13,13.017003
9,9.214386
15,15.068412
13,12.784649
7,6.9348564
14,13.93896
7,6.968448
14,13.952356
11,11.025758
8,7.7200794
4,4.177693
5,5.0512176
14,14.241966
15,14.955186
11,10.957976
11,11.072848
6,6.0608377
8,8.022546
6,5.7591014
9,9.268428
18,17.859451
10,10.083976
8,8.137433
15,14.971408
10,9.963391
10,9.958714
10,9.832913
10,9.946491
20,19.960274
12,12.088991
14,13.988362
11,10.953189
7,7.0963893
7,7.130103
6,6.193636
10,10.171623
10,10.077747
7,6.9649076
13,12.758207
8,7.953875
18,17.994219
8,7.9530287
14,14.014071
12,11.693541
10,10.037808
12,12.024194
15,14.850719
14,14.042463
13,12.973505
7,6.8521047
8,7.964243
15,14.942604
5,5.019194
18,18.30816
14,14.066001
9,9.044223
8,8.069995
11,11.081239
14,13.896449
20,20.166956
10,10.026736
5,4.8717628
5,5.078902
9,9.007066
4,3.8588488
7,6.8966146
14,14.036494
10,10.033776
4,4.199075
4,3.7958531
8,7.949892
4,3.756825
8,7.9675937
15,14.978163
3,2.9199924
11,11.113591
9,8.933915
7,6.965784
11,11.045637
9,9.053791
8,7.984287
11,11.042796
9,9.000627
9,8.995812
8,8.015723
13,13.088447
8,7.9936557
11,11.082972
8,7.8711534
14,14.01379
2,2.0509288
10,9.839102
19,18.849535
4,3.9010055
10,10.070283
8,7.885803
6,6.115526
4,4.1535826
13,12.871324
7,7.087479
12,11.880487
9,8.934897
4,3.9881022
7,6.997977
11,11.167709
13,12.90439
6,5.844381
6,6.0402493
6,5.942574
13,13.165858
15,15.064491
15,15.099546
10,9.912921
9,8.956395
16,16.022404
12,12.204115
14,13.82123
12,11.85338
9,8.945362
8,8.193139
8,7.9718513
10,9.89695
7,6.951741
9,8.945007
10,10.063378
6,5.927727
7,7.050366
11,10.821399
9,9.090949
7,7.081179
11,10.886101
10,9.871461
10,10.227034
4,3.8897476
7,7.0043554
5,4.744647
11,11.22044
15,15.114501
2,1.9491324
6,5.973251
6,5.991369
11,10.859581
9,9.1057205
8,7.9176755
9,8.863938
8,8.084803
2,2.2567942
13,13.067977
4,3.9559176
20,20.257524
6,6.090995
12,12.134595
10,10.080839
13,12.939603
13,12.875799
8,7.855195
8,7.8901057
2,2.1642892
14,13.95652
11,11.099081
5,5.0766315
10,9.918361
8,7.9859843
8,8.012732
9,9.003848
14,13.901063
8,7.9915996
9,8.815091
7,6.9022837
13,13.151301
11,11.186335
8,8.072828
7,7.1957164
17,17.167229
7,6.7546763
6,6.051679
6,6.1046405
7,7.12313
4,3.9638295
11,11.029769
11,10.988798
1,1.0486552
1,1.1129624
2,2.067201
4,3.8885503
10,9.99652
17,17.154785
17,17.154785
15,15.044676
12,12.114079
10,10.09921
16,16.031145
15,14.929898
14,14.003001
14,14.030175
17,17.123232
13,12.758207
3,2.9734685
9,9.011689
17,17.064133
7,6.982938
15,14.958237
3,2.8266914
15,15.058693
2,1.8589543
2,2.12228
12,11.966221
12,11.960517
13,12.9018
10,10.103539
8,7.9729204
7,6.9465246
8,7.9729204
4,4.326599
12,11.933245
15,14.916486
14,13.955409
8,7.9906855
3,3.0794318
14,13.781883
5,5.1413236
8,8.0785055
10,9.976096
9,8.9942665
9,9.022658
8,8.042959
6,6.076965
6,6.018158
10,9.982803
14,14.000739
15,14.953801
11,11.021444
11,10.929067
15,15.084834
13,13.085585
16,15.897585
12,11.94297
10,9.948758
9,8.94459
7,6.988777
9,9.189453
9,9.051681
4,4.0038533
11,10.952532
13,13.023076
11,11.013921
12,12.108756
5,4.908663
16,15.978098
8,7.9621687
7,6.9183354
7,6.9183693
10,9.957852
11,10.878554
12,11.78718
11,11.052639
8,7.9753585
9,9.113562
9,9.014622
5,5.2456064
19,19.124584
9,8.898805
12,12.098103
10,9.984055
10,10.061048
7,7.097523
5,5.0285616
9,8.832046
9,8.832046
12,11.946731
14,13.916312
9,9.009266
10,9.997931
10,10.022817
1,0.8480028
14,13.774888
4,3.9616332
12,11.741833
6,6.072465
6,5.9588623
7,6.9934726
13,13.0435295
11,10.9204
13,13.052072
7,7.0044527
10,9.962362
4,3.9209895
9,9.068782
11,10.873957
12,12.003878
6,6.0022073
15,14.879322
11,11.010861
14,13.892158
9,9.050185
17,17.114758
19,18.926443
9,8.904139
11,10.93602
13,12.869904
15,14.831867
13,13.099228
13,13.09725
10,10.103646
10,9.983298
7,6.8962436
5,5.1816998
13,12.863048
13,12.786378
12,12.031737
17,16.871521
10,9.969226
9,9.120673
13,12.853939
14,13.786666
0,-0.1381733
10,10.058898
12,12.014148
10,9.992557
10,9.851824
10,9.952264
5,5.2136016
15,15.136529
3,3.1344273
14,13.90688
16,16.035828
19,18.984335
10,10.062534
9,8.995216
6,6.197321
11,11.011812
12,12.125768
14,13.956194
6,5.930827
8,8.0052805
17,17.174606
13,12.974039
8,7.86687
14,13.866794
11,11.104689
4,4.1725316
5,5.1142955
3,3.0716996
12,11.879094
12,11.881117
14,13.845517
14,14.291583
11,11.025694
6,6.5603647
19,19.027918
10,10.045185
3,2.73792
10,10.035868
9,9.079437
11,11.200632
4,4.155561
4,3.96793
10,10.200892
12,11.95031
2,1.7680418
11,11.0545
15,15.089468
7,6.8994713
7,7.1164174
9,9.058798
6,6.013495
5,4.875862
2,2.0797505
13,13.079328
10,10.17473
7,6.9207892
5,5.065906
11,11.001484
4,4.099782
13,13.135633
9,8.921513
9,8.832047
14,13.948859
11,11.123682
15,15.035313
3,2.8792956
12,11.908859
12,12.00109
10,9.909009
9,8.974044
12,12.059205
14,13.99297
10,9.999255
11,11.022409
15,15.056598
7,7.0944386
6,6.025658
6,6.0924582
11,10.958026
11,11.033375
14,14.046061
14,13.808703
16,15.989672
9,8.837233
10,10.349252
17,16.896639
10,10.120749
15,14.9566965
12,11.966556
10,9.957072
15,15.100983
14,14.137274
4,4.2888083
13,13.071607
7,6.9291315
8,7.9924183
11,11.067794
4,4.221744
13,12.865872
14,14.110219
21,21.214407
17,17.132088
8,8.079386
17,16.831312
14,14.052043
10,10.226935
10,10.040446
9,8.9050455
10,10.058899
13,13.042749
13,13.090501
10,10.11148
9,9.13049
13,12.8397455
17,16.947706
18,17.953905
11,10.971352
8,8.079522
2,1.9499655
4,4.0836287
4,3.986852
14,14.113136
9,8.860151
9,9.006901
10,9.969217
0,0.029468276
10,10.099656
8,7.9188156
6,5.872706
6,5.917394
17,17.085861
11,10.97665
11,10.857016
10,10.209889
13,13.103483
7,6.952623
6,6.064781
7,7.2741065
10,10.010134
10,10.18358
8,8.070897
7,7.2741065
7,6.9880805
11,10.979305
14,14.113236
8,7.8618507
4,4.1158614
11,10.945147
12,12.033479
15,15.074954
5,4.9517407
3,2.9980998
3,2.8934731
10,10.010215
11,11.174749
14,13.883771
8,8.1148
16,16.20423
14,14.101522
12,11.879195
6,6.03468
7,7.024246
16,16.102654
12,12.001286
14,13.895709
14,13.962557
5,4.9517407
7,6.88651
14,13.904221
9,9.031381
4,3.8965628
11,10.865911
12,11.91914
11,11.281936
6,6.0584536
4,3.9375734
5,4.9948974
3,2.939612
16,15.825252
16,15.824831
15,14.908352
8,8.007478
14,13.872225
10,10.047016
9,9.0028715
9,9.249001
5,5.002802
14,14.009623
5,5.1412725
12,11.759391
7,7.1088533
9,9.1960945
13,13.038277
4,4.120387
10,10.092135
12,11.979905
10,10.092135
11,11.464132
13,12.92553
13,12.82698
14,13.93858
16,16.146805
6,6.019608
6,6.019608
7,7.0186005
1,0.894953
12,11.916224
1,0.667845
11,10.993512
14,13.868054
11,11.045422
11,10.99015
13,12.981692
3,2.8551555
16,15.99813
16,15.842523
8,8.100312
11,10.905254
18,17.887207
4,4.061673
8,7.848443
6,6.0397677
6,5.9505143
8,7.971384
10,10.204154
13,12.786944
11,10.99581
9,8.97724
12,12.109729
8,8.028629
13,13.058014
5,4.918362
19,18.745262
9,9.081281
5,5.054086
2,1.9623514
13,12.84594
5,5.0809774
11,11.06802
12,11.904083
8,7.892653
18,17.966425
14,13.825171
8,8.060014
10,9.922922
6,5.963509
6,5.833662
12,12.088658
9,9.225739
16,16.003796
9,8.976635
14,13.969874
16,15.922144
13,12.880312
9,8.93282
15,14.977562
5,5.131465
6,6.21735
7,7.0878053
5,5.050502
10,9.859049
11,10.949235
9,8.953329
9,8.979795
6,6.0429416
14,13.804161
12,11.943179
3,2.78502
10,9.967599
11,10.970249
9,9.075899
7,6.8489347
10,10.076351
11,10.94459
18,17.906883
15,14.969097
4,3.9707778
1,0.939053
0,-0.14341168
4,3.993587
4,3.9700494
7,7.0413485
10,9.969301
5,5.03456
7,6.9259195
15,15.0416155
3,3.1319091
11,11.035407
8,7.985254
12,11.920157
11,11.087576
14,14.133625
14,13.958172
9,8.923176
10,10.163084
6,5.9567432
15,14.897676
7,6.942684
4,4.127407
12,12.049474
8,7.9225707
12,11.944511
2,2.078457
6,6.0582514
1,1.1000873
8,8.003149
7,7.3330507
10,10.189781
12,11.96929
6,6.0793834
2,2.166796
7,7.0073237
8,8.015226
13,12.993562
8,7.994656
10,10.126989
8,8.03057
7,7.1913414
6,5.917105
6,5.8695154
0,0.04311375
6,6.0184717
14,13.904275
10,9.863422
11,10.877698
9,8.859836
12,12.085326
10,9.959464
10,10.060323
1,1.0462134
8,7.919632
10,9.908557
9,9.014701
15,15.1527195
10,9.959131
17,17.151545
17,16.930513
8,7.968517
11,11.061581
11,10.948258
6,5.998436
12,11.948594
12,11.899783
9,9.014677
6,5.973251
13,12.84397
10,10.029732
16,16.030401
10,9.875531
9,9.193902
18,18.018461
18,17.954428
8,7.9235706
8,7.8680468
7,7.233832
11,10.872684
14,13.934749
7,6.995805
12,11.965004
11,10.941673
10,9.925895
8,7.951902
8,7.994764
5,5.0419765
7,7.016486
7,6.8189583
7,6.9636827
18,17.869389
7,6.959388
5,5.26704
11,10.790854
6,6.0480976
10,10.222857
13,12.923041
3,3.089216
14,13.906425
14,14.144123
5,5.278279
11,11.158069
11,11.149011
5,5.2181563
6,5.79079
12,11.773468
9,8.933904
9,8.933068
10,10.248471
10,10.251902
14,13.93039
12,11.899707
8,8.056135
18,17.715548
12,11.926176
6,5.9133253
14,13.883042
6,6.056545
6,6.235306
6,6.2596154
12,12.055202
14,14.01188
4,3.9756346
9,8.976328
11,10.88698
8,7.9801097
8,8.092983
18,18.442667
13,13.003491
19,19.1619
5,5.2699423
10,9.9453335
10,9.841017
7,6.9062276
16,16.056292
18,18.046213
8,7.999699
11,10.902068
10,9.992039
10,10.099009
7,6.969567
13,12.97005
10,10.077722
9,8.934506
2,1.8228401
7,7.031179
10,10.088979
5,5.13036
14,14.032456
0,-0.14314862
10,10.03202
5,5.1462326
9,8.84473
3,3.1731238
12,11.95284
12,11.95435
11,10.947451
12,11.894874
6,6.104643
8,7.951902
10,10.043723
3,3.0069852
7,7.057444
6,5.8695154
14,13.870975
4,3.9239087
7,7.2440553
17,17.269749
8,7.8910365
11,10.872981
2,1.8920543
2,2.1155105
2,2.0573034
4,4.0694017
15,14.912695
6,5.756855
7,7.1503024
13,12.878356
11,10.84839
11,11.14274
10,9.833594
10,9.996409
9,8.935242
18,18.158382
16,16.00112
7,6.960668
9,9.008819
15,14.720899
10,10.028182
10,9.945187
17,16.91817
5,5.1408563
12,12.073303
12,11.952873
12,11.832951
11,11.063986
9,9.0239105
11,11.059986
11,10.831912
15,14.998983
10,9.966814
8,8.152607
6,5.6808877
13,12.986168
13,13.024177
9,8.975438
10,9.928498
14,14.314951
5,4.936944
6,5.748267
9,8.841434
10,9.787615
11,10.957723
12,12.055119
11,10.846655
1,1.018216
17,17.11799
9,8.931471
14,14.023242
20,19.996304
11,10.95488
17,16.940329
7,7.0615516
9,8.750455
11,10.92227
5,5.0463076
11,10.695122
14,14.111129
1,0.7072736
16,15.895442
18,18.041115
14,14.014891
11,11.019838
5,4.864793
11,10.967555
12,12.024777
14,13.982209
13,13.128485
18,17.929195
8,8.111773
9,8.837233
15,15.014767
5,4.993385
10,10.182061
21,20.967049
7,6.992698
8,8.028539
7,6.9428625
6,6.080873
5,4.9606237
10,10.068294
3,2.9175262
14,13.930591
14,14.135915
12,12.006728
11,10.870663
2,2.151873
10,10.104034
8,7.879225
12,11.961012
8,7.879225
17,17.01536
15,15.033264
11,11.026587
19,18.745262
8,8.242516
12,11.97869
4,3.8809566
9,8.826735
14,14.291583
13,12.979691
7,6.902827
11,11.021444
11,11.104689
11,10.991304
10,9.943894
14,14.03182
14,14.044234
11,11.162056
6,5.996687
12,11.887376
8,7.989561
8,8.000874
7,6.8210573
11,10.755847
1,1.0561047
18,18.01127
16,16.023542
11,11.04406
5,5.0468388
11,11.046307
3,3.1339152
11,11.251303
7,7.2388167
1,1.1021161
4,3.8565743
12,12.1538315
12,11.986682
13,13.023208
8,8.00956
5,5.066914
12,11.988805
11,10.921088
9,8.854501
8,7.919632
10,10.037808
7,6.912129
4,3.8589277
10,9.863267
11,11.044828
10,10.046884
8,8.166692
12,11.956775
17,17.162115
4,3.9880073
8,8.087342
12,11.962884
10,9.895799
3,3.362454
9,9.147906
11,10.960164
19,19.086643
17,17.08411
18,17.92006
12,11.794316
9,9.046448
13,13.201819
6,5.9923043
6,5.906164
13,12.838257
5,5.0528393
14,13.876796
9,9.023784
8,7.9899397
8,7.9337034
9,9.015304
9,9.076148
3,3.0036705
12,11.787914
14,13.894357
9,9.060467
10,10.233376
11,11.129396
8,7.957649
13,13.007346
19,18.875893
9,8.995722
13,13.120395
11,10.960474
2,2.0838797
10,9.915547
4,4.244618
10,10.101924
11,11.035904
10,9.888088
2,1.97305
10,10.156936
12,12.0907545
10,10.107794
10,10.136594
15,15.019623
3,3.0985386
10,9.932802
16,15.959626
6,5.694289
12,12.047197
11,11.174749
14,13.968595
13,12.824305
10,9.905842
4,3.7652645
3,2.89616
8,7.8245625
9,8.877291
9,8.980439
7,7.101385
7,6.9959984
12,11.976802
11,11.238246
9,8.838543
11,10.980159
9,8.978821
12,12.145029
9,9.030885
17,17.1575
5,4.964025
10,9.977838
14,14.150925
1,0.95243233
7,6.9054627
2,2.0935829
8,7.8753524
10,10.083335
15,14.889076
9,8.908499
9,8.924453
9,9.090996
9,9.0100975
11,10.870296
3,2.9755611
5,5.1446238
9,9.114006
5,5.2918353
9,9.027127
10,10.294912
11,10.89742
8,7.8788652
8,8.0583935
7,6.918405
8,8.002614
7,6.7765384
13,13.056202
9,8.85657
13,12.951592
10,10.158712
12,11.998831
14,14.066756
10,10.0589075
9,8.955271
10,9.966379
12,11.9527445
13,12.875858
14,13.913102
10,10.026972
3,3.1214356
4,4.081805
11,11.055958
10,10.018615
8,7.9472485
13,13.155181
8,8.480041
14,14.266265
10,10.031926
8,8.00807
10,10.072811
10,10.071495
12,12.131954
7,7.002608
6,6.1123815
13,12.975976
16,15.596308
4,3.871881
9,8.864669
15,15.012984
12,12.280886
8,8.026943
13,13.078359
2,2.0519342
10,10.1137495
7,6.8652673
9,9.044223
7,6.941836
12,11.966221
9,8.990404
11,11.0730505
9,9.029805
13,13.066958
5,5.059128
10,9.9865465
14,13.94684
9,9.002368
14,14.0739355
11,11.081398
10,9.898483
10,9.903899
13,12.849733
6,6.0975757
14,13.704689
8,8.03186
9,9.044193
13,12.765526
11,10.804469
8,8.026658
15,14.958237
5,5.12025
11,11.417845
8,8.068732
4,3.76284
10,9.883609
11,10.8949795
14,13.858009
7,6.969865
8,7.901603
8,8.137036
14,13.947371
9,8.995021
12,12.119374
11,10.968633
11,11.035208
17,17.083271
6,6.088684
14,14.119778
9,8.945704
5,5.475083
11,11.105491
9,9.022734
14,13.865974
11,11.043915
12,11.995711
9,8.952771
7,6.9530725
9,9.071034
12,11.9373045
11,11.145949
6,5.688862
9,9.107769
9,9.07467
14,13.837621
9,8.952542
10,10.002212
12,11.839055
11,10.826864
11,10.9246025
9,8.932301
3,2.9573603
6,6.0318456
2,2.1551793
12,12.160114
8,8.2450695
18,17.842169
17,16.918268
7,6.9111986
8,7.883402
11,11.06605
10,10.0892315
13,13.114261
7,7.1984873
7,6.874332
7,7.139741
3,3.1542263
7,6.8797007
13,12.830498
13,12.833852
10,9.814939
11,11.096252
11,11.096944
11,11.034579
8,8.005348
3,2.9877295
3,3.0634036
9,8.8844
12,12.037279
11,10.8793
10,10.034415
8,7.974305
16,16.072859
5,5.131465
9,9.0675
13,13.025727
10,10.000205
16,16.28431
9,9.024547
10,9.891881
12,11.988326
16,16.018145
15,14.826958
11,11.053803
17,16.883722
10,10.008905
3,2.9399803
5,5.1525054
6,5.8299284
18,17.936783
19,19.14278
4,4.0658526
8,7.9424167
11,10.942691
9,9.053197
19,19.129225
5,5.134321
17,17.250635
14,13.972032
16,15.754044
2,2.2001648
13,12.979048
7,6.946368
8,7.998322
11,10.843908
11,10.874091
15,14.971276
18,17.853247
10,10.187504
13,12.8684845
12,12.08183
2,1.9977275
15,14.985504
15,14.952151
10,10.268405
6,5.960741
12,12.099935
8,8.023006
12,12.053283
16,16.072859
3,3.1136546
3,3.0396364
9,9.041733
10,10.052132
12,11.757861
11,11.09533
13,12.905605
9,9.063786
6,6.154739
10,10.009229
11,10.972873
12,11.931399
9,9.067392
8,8.030346
12,11.820062
7,6.984749
12,11.923122
8,7.968359
11,11.282248
12,11.956729
6,6.1646686
19,18.962357
3,3.0105503
8,7.873242
13,12.932973
10,9.787363
16,16.035086
6,5.964644
6,6.1001644
5,5.0766315
15,14.8428135
9,8.98651
6,6.1558843
15,14.98369
8,8.167381
10,9.971251
7,7.0293794
19,19.068531
11,11.065239
8,7.84078
4,4.017364
13,13.097209
12,12.020812
8,7.95811
16,16.22178
2,1.8539425
7,7.0252333
0,0.041203666
13,12.792972
7,6.940373
12,12.017436
10,9.950233
7,6.7733407
11,10.939386
11,11.039952
6,6.0641975
8,7.956076
15,14.912934
15,14.964962
4,3.916224
10,9.936236
17,16.958939
9,9.093471
15,15.027372
17,17.167698
7,6.9525166
15,15.243333
3,3.188561
17,17.042627
9,8.852433
9,9.092377
7,7.018192
11,11.027685
8,8.008169
3,2.8700233
5,5.105221
10,10.064535
5,5.26704
8,8.028629
7,6.9649076
12,12.056905
8,7.9588985
7,6.956813
10,10.10511
5,5.022457
15,15.027933
19,18.943373
14,13.8468685
9,8.994631
8,7.979996
18,18.066515
0,0.03200192
14,13.903161
14,13.882075
7,6.9689894
6,5.936759
9,8.898035
7,7.0963893
1,0.98447037
12,11.985559
7,7.130103
18,18.20595
6,6.041097
4,4.054653
11,11.122982
10,10.161999
2,1.9357493
16,15.970167
9,8.751185
10,9.941837
11,11.029618
4,4.221119
5,5.325306
3,3.1405566
19,18.943373
13,13.007361
9,8.810208
11,10.919838
9,8.94627
8,7.9133
12,12.182734
11,10.786898
10,9.984268
7,6.813707
8,7.983674
11,10.976003
13,12.786975
19,19.12992
12,12.041381
8,7.9009676
3,3.114411
10,10.158961
15,15.014653
18,17.815928
5,4.7783666
10,10.086548
15,15.007539
12,12.106349
11,10.982987
14,14.137274
16,15.819464
11,10.944282
13,12.861583
11,11.078776
10,10.073526
13,12.920685
19,18.821417
7,6.7734265
11,11.0693245
5,5.156773
10,9.936957
12,11.921132
14,13.905664
15,14.946047
12,11.922409
13,13.145555
8,7.9418573
13,13.082073
11,10.928989
10,9.99261
4,4.199406
13,12.985476
5,5.047383
14,14.152916
8,7.946422
15,15.018988
9,8.881458
15,14.707544
10,10.142259
7,7.179571
13,13.05874
10,10.156936
1,0.9264284
13,13.028755
10,10.064837
15,14.857397
13,12.870173
10,10.095154
11,10.982748
8,7.9706335
9,8.995722
14,13.993065
8,7.949911
6,5.898583
12,11.970132
13,12.887569
11,11.056346
6,6.0740256
12,11.907436
8,7.9489746
18,18.005411
7,6.79699
8,7.91986
5,4.923403
11,11.076603
15,14.831867
9,8.923311
2,2.0011075
9,9.057941
18,18.154608
11,10.933251
13,12.849714
11,10.883678
7,7.161711
11,11.218863
9,8.960741
10,10.009446
9,9.040322
21,21.015333
13,13.041076
11,10.991954
2,2.1037297
11,11.118599
9,9.1418295
7,6.908519
13,13.130362
2,2.0575132
11,10.899847
18,18.045889
6,6.155886
9,9.1392975
17,17.016209
7,7.162965
12,11.870278
12,11.889562
5,5.0363264
15,15.047461
12,11.829378
16,16.237377
19,19.228897
16,15.946171
11,11.075892
13,12.8805275
14,13.928681
12,11.929527
6,5.951231
11,10.957734
10,10.158903
7,7.029831
18,17.935339
9,8.871525
10,9.936235
9,8.947033
12,11.986208
12,12.152693
14,14.145954
9,8.93376
15,15.008289
10,10.143395
4,3.9157834
15,14.832909
5,4.9359956
11,10.958622
12,11.986432
10,9.979514
20,20.21501
11,11.078379
6,6.030678
6,5.915988
10,10.013511
16,15.666055
12,12.081095
7,6.901231
7,7.084708
14,14.122994
7,7.0268965
8,8.005251
9,8.9548235
3,3.1736186
11,11.0316305
5,5.251743
14,14.262202
10,10.006281
7,7.002891
18,18.042063
9,8.895256
4,4.042794
9,9.10106
12,12.016636
6,6.357199
15,15.047831
7,6.970773
13,12.963956
13,13.0402975
13,12.887669
8,8.059216
14,13.813131
8,7.9658303
6,5.9165883
7,6.9083395
9,8.941034
8,7.98222
15,15.039109
13,12.971648
11,10.971352
12,11.93065
7,7.152042
3,2.9929655
9,8.9654
7,7.0857563
7,7.225582
7,7.0550475
9,8.982378
8,8.238226
6,5.8648906
9,8.9163885
7,7.0216007
10,10.030781
9,8.83943
8,7.7736893
2,2.1880841
7,7.0959287
9,8.921186
6,5.9201403
12,11.691161
12,12.18165
12,11.978675
9,8.954818
12,12.061035
7,6.911702
7,7.0678153
15,15.0818205
12,11.960401
17,16.978098
9,9.023654
15,14.755227
0,-0.14449431
5,4.9693036
1,0.73474896
8,7.837688
7,6.8527136
9,8.993051
8,8.03186
8,8.03186
2,1.9314218
10,10.0018425
5,4.8558307
7,6.999653
11,10.889936
8,8.103336
4,3.9623108
7,6.9637794
10,9.86603
10,10.067139
14,14.159338
10,9.941514
10,9.9528055
12,11.995191
15,14.720444
10,9.897236
21,20.997803
7,7.0189304
9,9.055622
10,9.841491
12,11.81448
14,13.911248
9,9.105658
12,11.982829
11,11.172907
13,13.083147
12,12.124465
8,7.9037704
10,9.956816
15,15.002274
14,13.9887495
9,8.782202
13,13.150919
13,12.849711
8,8.006678
0,-0.13816848
8,7.8458457
10,10.070417
15,14.820879
11,10.823068
5,4.93381
9,8.965568
9,8.987798
11,11.118638
11,11.002656
11,11.002656
13,13.31687
7,7.018857
7,7.023774
6,6.1352887
10,9.877799
15,14.893099
5,5.07688
11,11.060502
8,8.083336
12,12.109386
6,6.0040226
3,3.1202767
15,15.011695
11,11.053803
15,14.972993
12,12.140005
11,10.891514
11,11.057662
13,12.947247
5,4.9839897
12,11.889426
6,6.1256084
7,6.975161
9,8.945704
11,11.05635
9,8.943861
12,12.05518
13,12.705513
8,8.205105
15,15.035848
8,7.8122325
10,9.966854
6,5.901882
12,12.2785
12,12.108334
10,9.966708
16,15.96405
12,12.013433
12,11.940632
10,10.069872
9,8.941611
14,13.960109
10,9.863601
8,7.6918035
10,10.095533
3,2.7983577
15,15.12891
6,6.018158
10,10.07116
13,12.91792
14,14.000739
8,7.968517
15,15.157287
13,12.576985
9,8.801625
10,9.898012
10,9.844783
8,8.007244
12,11.968801
7,6.8920865
6,5.8944464
6,5.9612303
4,4.000549
3,2.7595632
3,3.103905
5,5.177753
13,13.049628
5,5.177753
7,7.1488967
2,1.9703265
7,7.0792284
8,7.958631
9,9.104848
11,11.15955
12,11.883254
2,2.0297124
2,2.102639
5,4.9600496
13,13.090016
9,9.005831
7,7.1563644
2,1.9159629
7,7.1433783
12,12.037598
15,15.119166
8,8.04247
8,8.017414
11,11.045083
7,7.035684
14,14.1295
8,8.118129
0,0.055586707
14,13.912247
9,9.000934
7,7.0039673
6,6.148043
13,12.913487
7,6.9138303
11,11.060912
7,7.016243
6,5.878071
4,3.932891
17,17.093214
16,15.918123
11,10.975449
17,17.090353
10,10.066957
11,10.96111
2,1.9650059
12,12.098728
9,9.047757
12,12.02014
1,0.84942573
10,9.776034
4,4.0182266
8,7.890365
13,12.900941
12,11.982016
10,10.240337
7,6.6788254
7,7.097523
2,1.9645327
9,9.039612
7,7.0257964
6,6.0141554
9,8.895789
10,10.079509
9,8.846945
11,10.882874
11,11.03884
7,7.058863
8,7.9321485
5,5.0844235
11,10.894456
12,11.996165
11,11.026121
12,11.98643
2,1.9833119
4,4.0760546
10,10.103127
5,4.8384237
17,17.113756
14,13.842729
6,6.0488906
4,4.0749006
7,6.9264536
13,12.779951
2,1.9645327
12,12.011071
10,10.031332
10,9.86044
4,4.3249474
10,9.969547
7,7.098281
10,9.926426
7,6.938395
15,14.989445
11,10.899978
3,3.2820232
13,12.807563
10,10.080781
11,10.955861
6,5.9537477
10,9.86242
11,10.839502
16,16.063824
10,10.09512
11,10.983511
8,7.831017
11,11.033229
11,10.956038
15,14.949787
7,6.8589683
17,16.91769
10,9.977684
10,10.1086
9,9.100455
10,10.010215
12,12.022084
11,10.875359
7,7.0246744
11,10.928214
13,12.78202
6,5.7784367
10,9.878292
8,7.9557586
22,22.159998
15,15.201519
9,8.951385
14,13.945733
9,8.917752
12,12.070714
10,10.067685
13,12.783692
11,11.076679
10,9.956427
1,0.9264284
5,4.8911443
13,12.96113
11,11.088892
7,7.11808
12,12.175624
10,10.1285515
17,16.973541
16,15.929965
12,11.964931
11,10.855868
6,5.89362
14,14.176307
9,8.905893
9,9.070236
11,10.964767
13,12.912992
5,5.118578
4,4.221753
10,9.854791
10,10.031926
13,13.017182
5,4.9848356
6,5.9822426
9,9.074283
8,8.030216
13,12.922318
9,8.76581
6,6.020763
2,2.051326
12,11.850165
9,9.100854
20,19.986332
5,5.226271
14,13.91689
8,8.184327
12,11.832039
6,6.1076174
9,8.946475
11,11.258301
16,16.366125
11,10.992791
5,4.954341
11,10.982219
8,8.031429
9,8.884704
9,8.969416
14,14.079215
10,10.070491
16,15.952473
8,7.9404073
16,15.937441
15,15.059116
14,14.105178
12,11.965744
16,16.027647
11,11.223516
9,9.093774
12,11.953258
12,11.938807
7,7.0302997
9,8.986744
11,10.929061
5,5.044685
11,10.934868
3,3.0075948
11,10.933597
9,8.93778
10,10.013179
11,10.874025
12,11.972271
10,10.106723
5,4.985844
20,19.71748
6,6.076965
11,10.880487
8,8.017414
14,13.905113
22,21.896683
8,8.027533
6,5.9455266
10,10.0278425
11,10.864202
4,3.975083
12,12.123534
10,9.935765
12,12.0929575
8,8.18711
1,0.9608952
2,1.9940526
12,11.922276
11,10.893855
14,14.022358
4,4.181674
9,8.915811
12,12.016163
2,1.9510976
14,14.030736
10,10.019183
18,18.085644
14,13.829695
5,5.009168
6,6.2402186
6,6.0024943
10,10.069069
15,15.012431
12,12.051123
12,12.1327715
11,10.880487
12,11.916261
9,8.96437
15,15.083575
9,8.851636
9,8.862321
9,8.867018
9,9.041733
12,11.958474
10,9.763613
10,9.977991
16,15.953287
19,19.329243
12,11.904347
11,11.171063
8,8.017821
16,15.906743
18,18.064293
6,5.722016
6,6.1407247
12,11.918457
9,9.029745
13,12.992817
7,7.006306
14,13.824886
4,3.8627782
17,16.999187
10,10.119103
1,1.0486552
3,2.9284074
5,4.9537177
11,10.90221
11,10.959585
10,10.297549
6,6.0364795
16,16.239985
6,6.0015645
2,2.1498978
9,9.220901
2,2.0172546
13,12.8565235
6,6.0553374
16,16.261555
12,12.037279
13,12.977452
6,5.7806287
12,11.981527
10,9.944981
4,4.0913053
5,4.981651
5,5.0419765
10,10.052354
7,7.1301413
9,8.82007
9,8.920739
18,17.974665
13,13.001937
8,7.7838407
10,10.106937
12,12.018087
5,4.9039264
7,7.090719
14,13.980305
2,1.7502562
12,12.101223
9,8.923232
9,8.984362
3,3.1494963
8,7.964955
15,14.850682
12,11.920265
10,9.712606
10,10.078329
10,10.130009
5,5.0405912
8,7.6899467
6,5.8645287
10,10.092492
14,14.014839
13,12.877871
16,15.921312
9,9.009454
9,9.009454
9,9.000365
8,7.9404073
8,8.358795
13,13.099048
8,8.013209
7,7.1283545
6,6.1437235
15,14.880897
8,8.031807
15,14.955788
20,20.429226
10,9.944296
14,14.005387
5,4.8752394
12,12.089323
11,10.924485
11,11.0749445
3,3.1876829
9,8.877441
14,13.951572
12,11.900873
10,10.033781
13,13.055112
7,7.0120435
7,7.0044527
16,16.026106
7,7.0353813
8,8.022868
17,16.776333
16,15.908489
3,3.1311722
3,2.9160855
3,3.2334797
11,10.814253
9,9.019964
11,11.0571785
16,15.886563
8,8.14559
15,15.00232
10,10.248297
5,4.8629827
5,4.8637543
10,10.061701
11,11.083218
6,6.0071588
2,1.9623514
6,6.108351
16,15.948254
13,12.858256
8,7.952044
8,8.066322
3,3.2354023
10,9.991731
9,9.0239105
7,6.904035
7,7.0175467
7,7.0405493
6,5.8814883
9,8.986994
10,10.180238
10,9.94641
6,5.969171
6,6.0541267
15,14.983021
12,12.011071
10,10.020788
11,10.93651
10,9.989457
9,8.882607
10,10.015364
15,15.112726
8,7.9756637
8,7.973821
6,6.0890775
11,10.982987
12,12.056124
10,9.8949375
15,14.9627285
14,13.955895
11,11.010154
8,7.965777
5,4.979704
5,5.075484
7,7.07938
7,7.0091043
17,16.97185
13,13.080989
14,14.151449
9,8.99784
15,15.055448
10,9.886037
12,12.217403
13,12.882951
10,10.036079
13,12.920877
5,5.0542374
10,10.319031
9,8.983902
10,10.032552
17,16.949942
3,2.904565
5,4.9074035
8,8.041394
5,5.1973433
16,16.12845
10,10.019669
14,14.032927
7,6.919359
14,14.051454
10,9.920773
13,12.833061
12,12.065231
14,13.942388
12,12.000254
7,6.8920865
5,5.0167985
7,7.171598
4,3.9681714
10,9.9006
11,10.818032
11,10.94706
2,1.8428679
12,11.886987
12,11.904563
12,11.917533
8,7.9912677
6,6.1220827
10,9.940478
13,13.039678
9,9.027375
12,11.796733
12,12.038917
4,4.2005863
7,6.944367
10,9.922208
7,6.9706345
13,12.808085
15,15.1632185
6,6.0597034
14,14.088098
12,11.881923
6,5.712923
12,12.261196
8,7.9110084
12,12.022667
9,8.913203
11,11.012644
10,9.8457
10,10.364079
12,11.893558
4,3.9858375
10,10.200077
12,12.07415
11,10.779501
10,10.232955
11,11.06401
13,13.056273
10,10.1429615
11,11.047816
12,12.039715
8,7.836783
14,13.998942
18,18.244982
12,11.910176
11,11.156025
10,9.926372
4,4.1226087
5,4.9419236
16,16.10655
15,15.140926
6,6.027282
5,4.82469
11,10.95836
7,7.0737576
6,5.970358
7,7.1883626
5,4.9331846
8,7.8889284
10,9.824078
10,9.972781
15,15.035848
15,14.898527
10,9.880518
12,12.144552
13,12.820096
10,9.904178
13,13.169758
9,8.952784
12,12.093389
4,3.927449
6,6.195354
8,8.144386
5,5.057321
10,10.125803
14,13.850075
12,12.081084
11,11.083385
15,14.703572
17,16.935991
4,4.068225
6,6.027282
14,13.820279
11,10.955078
8,8.006665
6,6.012382
10,10.01131
5,5.1025605
8,7.9895263
5,5.183533
13,12.873777
10,10.076411
12,12.051573
10,9.907776
10,9.953845
10,10.180294
6,5.8729324
15,14.831867
13,12.875037
11,10.794648
7,6.954032
12,11.965516
18,17.898035
13,12.877239
15,15.11483
18,18.154608
4,4.1316895
5,4.993685
6,5.9230084
9,9.158017
12,12.079655
8,7.8883843
9,8.995216
10,10.212785
15,14.937068
13,12.8519
12,12.152599
10,9.859949
9,8.939346
12,11.866521
7,6.9281783
10,10.107865
6,6.108814
9,8.991309
7,7.0550475
5,5.1567254
8,8.109544
9,8.9654
4,3.756825
12,12.03755
4,4.085087
13,13.027319
7,7.0320253
14,13.994205
4,3.9915707
7,6.868685
7,7.144412
14,13.868486
8,7.929922
8,7.9037704
9,9.002487
10,10.009673
12,12.021888
13,12.746731
13,13.083803
13,12.852812
10,10.063377
2,1.8619245
9,9.070972
8,7.915404
6,6.0708785
11,10.957065
14,14.183886
12,11.858537
12,12.108189
8,7.901774
10,9.780076
14,13.96256
7,7.1534233
7,7.1275964
4,3.973365
12,12.0066
4,4.221119
7,6.9173584
10,10.05619
6,6.5603647
5,5.120268
7,7.104514
9,9.148191
20,19.97909
13,12.791468
15,15.043429
9,8.864751
11,11.061297
13,13.064243
13,12.959791
15,14.991642
10,10.028052
14,13.953514
13,12.764409
17,16.88162
12,11.848239
4,4.1554418
5,5.0168095
13,13.138716
14,14.07367
14,13.977106
7,6.9137616
7,7.0061307
5,5.0302663
8,7.878083
13,13.015698
7,6.9714956
11,10.951377
11,10.922223
6,6.330821
7,6.979912
11,11.184625
5,5.0985527
20,20.229761
7,7.1285167
16,16.081978
8,7.9296865
9,9.271356
16,16.18171
12,11.79226
9,8.998253
6,5.957559
14,14.02706
6,6.1351013
13,12.897539
6,5.760147
11,10.950375
12,12.161159
5,5.0900655
16,15.958223
9,9.000745
9,8.792397
3,2.7794955
6,6.0262485
9,8.914004
11,11.088892
9,8.935217
9,9.107769
12,11.838605
8,8.055619
19,19.118301
10,9.86561
9,8.943368
8,7.8613153
13,13.110452
16,15.861334
13,13.100817
4,3.959761
9,8.902741
16,16.082277
15,15.14976
16,15.835152
16,16.016722
8,8.023006
4,4.061673
15,15.136014
7,6.9470153
3,3.0426645
15,15.004093
11,10.972229
10,10.136794
5,5.078902
13,13.07355
13,12.993702
10,9.908986
21,20.97725
8,8.014748
14,13.977487
22,22.302437
12,12.022621
11,11.0135355
12,12.063516
9,9.172519
11,11.126451
1,0.854566
13,13.10569
10,10.014312
12,11.927131
14,13.932283
12,12.044632
6,5.8642855
8,8.054494
8,8.09741
13,13.034832
12,12.041893
13,13.054239
14,13.991546
11,11.112777
9,9.018565
11,10.946937
8,8.0250845
11,11.114573
9,9.0764
19,19.026175
3,3.015488
15,15.0958185
0,-0.13361594
10,9.994754
13,12.937044
6,6.083329
10,10.163237
17,16.88162
10,9.986314
16,15.972582
10,9.982636
10,10.020129
6,6.0559006
2,2.2142146
8,7.927676
7,7.0125484
2,2.0892043
7,7.0125484
10,9.95876
15,15.192488
12,11.916582
12,12.071463
8,7.897027
15,15.012262
13,13.130362
11,11.141676
8,8.092567
17,16.91569
9,9.043172
10,10.158903
14,13.697978
10,10.086285
16,15.9811125
12,12.140053
13,12.985476
12,11.945676
7,6.9339814
8,7.939918
18,17.85377
5,5.1111093
12,11.943016
11,10.991954
3,2.9715014
13,13.039612
4,4.040122
5,5.013616
6,5.965523
17,16.916227
13,12.905057
11,10.94378
12,11.759391
2,2.048281
11,10.728536
9,8.936652
11,10.960751
11,10.964462
10,9.964377
15,15.031191
16,15.921664
9,9.083319
11,11.234578
8,7.8960757
8,8.033816
13,12.585126
3,3.069838
8,8.016431
7,7.054318
9,8.85736
14,13.877727
6,5.89362
7,7.0804543
9,8.982096
10,10.057376
11,10.620683
9,9.011963
6,5.9587674
9,9.024547
10,10.056717
13,12.909211
1,1.1000873
8,8.075647
8,7.886546
12,12.012906
9,9.044223
8,8.06977
11,10.982629
7,6.8589683
3,3.0489986
9,9.126685
14,13.92868
12,11.886539
13,12.770295
6,6.043792
6,6.175393
12,11.953889
12,12.046185
10,9.81989
18,17.994219
5,4.9338083
13,13.036634
10,9.911412
7,7.1058245
18,18.116776
10,10.09774
9,9.010595
18,17.888828
2,2.034631
8,7.988288
15,15.140773
14,13.92779
9,8.995688
10,10.236065
9,9.144356
6,6.0936494
8,7.9096437
6,6.0166817
15,15.130509
11,10.866812
11,10.937388
7,7.036462
13,13.025279
7,7.1400146
13,13.09113
15,15.003743
5,5.132217
9,8.911151
13,13.035267
2,1.9670066
9,8.880907
12,11.940632
3,3.1891532
5,5.1362777
15,14.941848
9,8.86179
11,11.150451
15,14.898527
11,10.972825
8,7.946358
8,7.826868
9,8.914423
8,8.066464
5,5.029028
11,11.124105
9,9.4007635
11,10.80167
9,8.880907
10,9.823246
13,13.007334
6,5.9705224
4,4.1831765
7,7.0821176
10,9.8320265
12,11.957904
4,4.0126104
7,7.043877
6,6.1227436
11,10.981832
13,13.069339
9,9.029176
0,-0.13130921
2,2.0707166
20,20.168375
18,18.03952
1,0.95243233
5,4.8380594
11,11.105275
7,6.9864855
7,7.054522
12,11.978601
6,6.4496737
11,10.958466
11,11.16353
12,11.847807
12,12.01958
10,9.941895
10,10.022049
15,15.031175
10,10.107865
6,5.8903265
7,7.014984
5,4.9134836
4,4.127019
7,6.912449
7,6.9864855
4,4.0126104
10,9.863632
12,12.041467
20,20.134033
13,12.993799
7,7.059463
6,5.95259
5,4.990182
10,10.122777
9,9.02259
10,9.827179
11,10.969272
9,9.053098
9,8.952064
6,6.1496277
6,5.980498
6,6.1123815
16,15.757366
7,6.9415555
8,7.9296865
7,7.0028152
13,12.680179
11,11.000571
6,5.8777647
12,12.016414
9,8.977279
7,6.931098
10,10.100585
12,12.060222
4,4.1605043
8,7.9455976
1,1.1353061
10,9.960426
10,10.065907
15,15.23341
11,10.869522
12,11.925348
12,12.016472
13,12.9818945
7,6.9243827
10,10.238541
9,8.821735
8,7.965687
14,13.8075
10,9.935719
1,0.90548444
4,3.755242
12,12.057954
6,6.081206
9,9.137613
7,7.023046
16,15.884842
12,11.724315
13,12.981862
7,6.979075
5,5.13486
17,16.94149
9,8.959651
5,4.939367
11,10.884041
8,8.010092
15,15.065538
8,7.9235096
8,7.994656
2,2.1329877
7,6.999632
11,10.767317
6,6.133626
5,4.8936195
14,14.006067
10,10.163639
4,3.87471
6,6.0823965
6,6.1646686
13,13.224516
9,8.891053
8,7.9968762
8,7.8966446
7,7.128999
10,10.002254
10,10.033485
7,6.963523
17,17.121216
10,10.023988
12,11.948648
6,6.035525
7,7.0120435
8,8.026955
14,14.174753
14,14.175641
10,10.054594
14,14.216694
9,9.000769
10,10.147687
15,14.857271
10,9.995033
14,13.967747
3,2.942879
11,11.060937
12,12.080095
15,15.070384
11,10.966551
12,11.967182
8,8.002946
10,9.993553
14,14.108399
10,10.041039
11,10.974345
9,9.334597
8,8.012825
11,11.085653
7,7.0971627
7,7.052137
6,6.2402186
8,7.8058815
8,7.98508
4,3.9518085
19,18.768667
10,9.967873
11,11.060885
11,11.09721
8,8.157651
11,11.031885
9,9.022101
15,14.885986
12,11.93446
15,14.922361
11,10.961991
9,9.004662
10,9.995045
7,7.2025237
14,13.926681
12,11.922197
8,8.0749655
10,9.85722
9,9.205915
8,7.911004
4,3.7666535
10,10.032552
12,11.94869
9,9.092377
8,8.000508
14,13.741795
15,14.713265
4,4.0667925
5,4.9314036
11,10.823291
6,6.0924582
6,5.9786563
9,8.975438
10,10.042011
14,13.85323
11,11.1423025
8,7.9799066
6,6.1055365
10,9.786969
15,15.0765085
14,14.137525
19,18.948961
10,9.979251
9,8.9454975
9,9.177443
13,12.901026
11,10.986993
10,9.99904
9,8.936966
11,11.073297
12,12.005519
10,10.035714
10,10.064373
5,5.040606
21,20.954527
5,4.9517407
10,10.482771
5,5.092911
10,9.994648
9,8.899033
6,6.040289
12,12.068545
12,12.057584
15,14.93883
11,10.8652315
12,11.9806185
16,16.3323
20,19.64541
5,5.047383
8,8.008044
17,16.904186
11,10.915515
17,17.208912
4,4.197049
16,15.926148
10,10.063314
3,2.8132865
18,17.990145
7,7.0150533
12,11.891635
9,9.157796
9,8.987877
8,8.193986
9,8.9329605
16,16.035494
7,7.1457877
13,13.192128
11,10.960144
7,6.8626547
11,11.005382
8,8.089857
14,13.898457
11,11.13584
13,13.051344
14,14.128998
13,13.132888
11,10.839502
10,10.075134
18,18.312021
8,8.00955
11,11.091919
5,5.158329
7,7.030252
18,18.074766
12,12.00328
11,11.25973
12,11.65695
13,12.858792
16,16.15954
10,9.861321
13,12.926964
11,10.96111
4,4.0255165
12,11.96805
8,7.956106
11,11.001654
13,12.939395
14,13.963738
11,11.015977
6,5.8566637
13,12.991915
5,5.0332866
12,11.846467
15,15.0781765
13,12.786783
12,11.796478
8,7.971356
10,10.044285
6,5.9658046
7,6.8960547
15,15.155219
4,3.8292687
14,14.067716
10,9.861897
5,4.984224
10,10.158961
7,7.2294436
6,6.031305
7,7.1062217
10,10.115132
6,5.773671
11,10.885877
5,4.9039264
10,9.995143
15,14.720899
3,3.0851
3,2.8696508
14,14.127955
7,6.95665
7,7.152847
10,9.887726
9,8.857558
7,7.066191
15,15.107061
9,9.010282
6,6.098392
8,7.968014
12,11.873649
16,15.831128
11,11.036532
9,8.810208
10,9.862114
6,5.8786745
7,6.9224367
15,15.08644
11,10.929353
8,7.9133
10,10.035011
17,16.658298
6,5.9518557
17,17.107267
12,12.052127
11,11.075262
11,11.075943
3,2.8114398
13,12.962377
7,6.934349
14,14.048672
8,8.067247
10,10.022199
10,10.245555
8,8.044021
10,9.942195
8,8.254059
11,10.960154
5,5.0400968
19,18.876017
11,11.001795
10,10.053098
15,15.388197
10,9.7916975
10,10.136957
7,7.10675
7,7.134597
8,8.0726185
12,12.019749
15,15.084747
8,8.166692
10,10.165139
10,9.976351
9,9.052547
11,11.171063
10,10.082716
9,8.862321
16,16.068727
13,12.762358
14,13.895709
16,16.187378
12,11.956751
7,7.06257
9,9.051078
11,10.958743
5,4.9231863
7,7.1975317
17,16.902548
10,10.016576
11,10.979353
3,3.1389556
13,12.787052
16,15.881673
8,8.013344
15,15.243153
6,6.105181
6,5.9892135
9,8.931974
12,11.917308
11,11.06671
15,14.959584
12,12.201641
8,7.984603
10,9.963631
0,-0.13165368
15,14.881119
15,14.873887
17,17.044317
1,1.0958078
8,8.0749655
15,14.994937
6,5.91612
10,10.148019
11,11.076134
11,10.934901
11,11.059079
8,7.8454895
7,7.1371527
15,14.972993
5,4.8680825
9,8.752908
10,9.978877
13,13.079754
1,0.96298766
10,10.056012
14,14.017441
14,14.131482
13,12.917539
11,11.084381
11,10.917686
10,9.916948
18,18.125446
8,8.008266
11,11.057918
8,8.190972
6,6.0811143
10,10.168097
9,8.959798
3,3.1134598
13,12.947296
11,11.128453
7,6.9654646
8,8.020735
5,5.0999327
11,11.0091505
12,11.887238
5,4.9163094
7,7.0723786
8,7.8991055
9,8.953279
18,17.825132
12,12.002816
10,10.100629
10,10.032855
12,11.951611
7,7.1097364
17,16.979021
9,9.042713
11,11.144105
12,12.022121
9,8.998332
9,8.909779
2,1.8726319
3,2.9964051
12,12.060945
8,7.89294
15,14.943527
15,15.1231165
11,11.128641
19,18.816788
4,4.2701497
5,4.9874496
10,10.0654335
4,4.2280374
3,3.1438234
9,9.064633
11,10.98342
8,7.999169
11,10.929061
9,9.027375
11,10.921088
18,17.98005
11,11.054134
6,5.99582
16,16.068995
14,13.552723
11,10.883284
8,8.059243
11,11.149523
13,12.987762
13,13.221754
12,12.069265
9,9.004046
10,10.252265
14,13.81726
12,11.998658
13,13.042532
12,11.996104
4,3.9314394
6,6.010199
12,11.987005
16,15.90526
10,10.127078
2,2.0307739
11,10.878049
17,16.978098
12,11.916685
12,11.993494
4,3.834629
7,6.847929
2,1.6947429
11,10.935417
13,13.156102
13,12.952272
10,10.188031
10,9.990435
16,16.07955
10,10.1460085
13,12.982986
10,10.086812
9,8.915403
17,16.809174
10,10.093699
11,10.915065
10,10.178421
12,11.884825
10,9.897236
1,1.0061386
16,16.13384
10,10.185628
16,16.13724
12,11.873812
8,8.148207
14,14.107348
16,16.258831
13,12.854689
15,15.073912
11,11.083557
2,1.7842242
15,14.948799
10,9.946326
10,10.000146
4,3.9010055
8,7.9048667
7,6.9880548
9,9.041117
15,14.801549
8,7.9926004
9,8.872554
12,12.175624
12,12.125247
9,8.943683
12,11.916959
13,12.827867
6,5.9375033
11,10.985509
12,12.050347
8,7.9969673
10,9.998964
17,16.959528
17,16.984058
8,7.9773374
6,5.892374
11,10.998476
9,8.9863825
13,13.07062
9,9.079272
5,5.1623755
15,14.814829
16,16.005386
11,10.897977
16,16.113796
16,16.095903
6,6.063309
9,8.928468
15,14.897335
12,11.888298
16,15.824599
2,2.1487374
8,8.040035
14,14.137274
11,11.081097
8,8.034655
14,13.869322
10,10.125803
11,10.905788
7,7.065089
10,10.149691
13,12.9897585
16,16.064745
7,7.0038385
8,8.050912
7,6.936958
17,17.265463
9,8.905446
9,9.011716
13,13.03745
10,10.064837
12,11.941004
6,5.829843
15,14.979605
14,13.658946
4,3.893392
8,8.036225
9,9.026356
5,5.1796923
8,8.024336
10,10.030093
12,11.996755
6,5.8695154
7,6.8945584
8,7.817492
11,11.238669
13,13.083803
11,11.159786
7,7.2472453
8,7.9262934
7,7.0345254
7,7.0216146
11,11.030343
8,7.922627
15,15.119166
12,11.769125
7,7.0465875
11,11.021067
2,1.97305
4,3.7577055
5,4.74833
14,14.118665
12,12.02898
10,10.04401
6,6.052894
12,12.075688
11,10.874091
19,18.80351
18,17.953905
4,4.0124273
10,9.878161
15,14.908352
10,10.092492
10,9.93368
7,7.069242
8,7.875915
14,13.841342
16,16.198551
11,10.99476
14,14.115021
8,8.079711
6,5.9499216
10,9.938364
2,1.9956635
13,13.037479
12,11.828477
9,8.74955
9,9.060467
13,12.993507
8,8.032729
10,9.925013
7,6.9636607
15,15.068333
17,17.129396
17,17.155653
17,17.081757
8,7.935777
12,11.633352
11,11.277178
11,11.118457
11,11.085653
10,10.083592
8,7.9162006
7,7.016486
8,7.921826
16,15.856241
13,13.020448
15,15.16097
14,13.54215
12,11.869646
10,10.188957
14,13.965865
11,11.169847
14,13.9066305
9,8.9826975
9,8.987189
10,9.928929
7,7.1302414
6,6.1124725
10,9.982368
10,10.164535
13,13.044127
11,11.100121
11,11.0503025
5,5.1915197
15,15.166277
15,15.05932
7,7.4077086
12,11.968638
4,3.9707778
11,10.95488
11,10.904534
10,10.058899
12,12.125719
14,13.981588
3,3.3418543
6,5.958597
10,9.953595
10,9.969217
14,14.145261
11,11.039249
9,8.990116
9,8.893457
8,7.912171
15,15.034591
7,6.932177
17,16.972023
15,14.772563
7,6.9318833
15,15.059209
6,6.0108724
16,16.08764
12,11.871234
12,12.269624
9,8.887573
4,3.8766596
7,7.000504
11,10.92171
9,8.894283
11,11.001795
11,10.920968
8,7.9706335
11,11.013395
8,7.8967714
9,9.00757
13,13.116715
8,8.007131
12,11.991219
8,7.932153
10,9.836292
11,10.90204
14,14.070543
7,7.0085626
14,14.002422
12,11.985701
5,4.8541565
9,8.933915
8,7.8721194
8,8.008169
6,5.9786563
6,6.056318
11,10.9031105
8,8.02919
7,6.9254785
11,10.964597
5,5.1874657
1,1.0087178
21,21.252457
6,6.08886
10,10.034352
7,7.1137247
9,8.782948
8,8.117415
12,12.04315
4,4.0520678
13,13.2732
3,3.140674
12,11.851635
10,9.971373
13,12.730614
17,17.051321
13,13.177509
11,10.939966
8,8.042976
8,7.879331
11,10.932103
10,10.172326
11,11.245322
12,12.030847
10,10.040403
15,14.802494
7,6.884593
10,9.979471
17,17.014782
5,5.0260987
8,7.956204
12,11.891384
5,4.9394984
7,6.9562893
11,11.046682
8,8.031193
14,14.150925
6,6.0011096
12,12.020812
13,12.882663
16,16.089537
14,13.71324
14,13.889057
11,10.942911
7,6.9909334
7,7.0150533
13,13.138801
7,6.9381843
7,7.101385
12,12.152693
15,15.026026
8,8.1009655
4,3.8601856
11,10.974206
8,8.050551
10,10.121136
8,8.091223
8,7.8864126
4,4.013915
4,4.068039
5,5.1211977
20,19.979506
15,14.9615965
1,1.0486552
10,9.985104
2,2.067201
10,10.10068
0,0.04626202
10,10.02161
5,5.2456064
7,7.123755
9,8.895901
4,4.0067716
17,17.075724
15,14.985141
8,8.022205
8,8.151519
11,10.8803005
12,12.036097
10,10.0995245
9,9.174093
13,13.003924
11,11.095594
15,15.085955
10,9.812837
9,9.130156
9,9.074695
14,13.942796
9,8.914004
14,13.829053
5,5.1263647
7,7.0824757
4,3.9745162
11,11.049482
5,4.902525
11,11.186975
14,14.081108
14,13.843079
12,11.930372
3,2.8125155
11,10.969167
16,15.92399
4,3.7651718
15,15.156772
7,6.9918485
0,-0.15233022
4,3.9518933
12,11.976946
11,10.89735
18,17.772667
3,3.0106418
13,12.8833065
9,8.842574
12,11.940836
6,5.928762
10,10.17147
13,13.009052
14,14.025078
10,9.964793
17,17.123125
12,11.992105
10,10.021543
11,11.039952
15,15.093404
10,10.018239
13,13.0374565
8,7.890233
6,6.564171
4,3.8205323
13,13.113102
3,2.797126
13,12.981005
8,7.965126
9,9.091127
9,8.863776
6,6.0616765
13,13.018563
10,9.941003
15,15.23858
13,13.128599
7,6.988766
4,4.221119
14,14.044234
11,11.033445
15,14.953667
13,13.060784
12,12.003533
11,11.078921
10,10.11148
12,12.025171
10,10.09739
12,11.84281
14,14.031973
8,8.218814
9,8.823782
11,10.991649
11,11.000271
10,10.29768
14,13.829053
7,7.1619368
9,9.078104
5,4.850762
2,2.0287442
14,13.865256
7,6.953559
10,10.057458
12,12.103198
6,5.9612913
11,10.860284
7,7.015679
11,11.00548
7,7.2037992
5,5.016975
11,10.864833
4,3.8734698
14,14.019312
2,2.1924734
6,6.078327
13,13.099001
13,12.897518
5,4.9274917
7,7.1136217
9,8.864643
10,10.0244875
17,17.137297
14,13.9703245
4,3.9118896
14,13.895709
8,7.861028
9,8.945648
7,7.1061497
5,5.0542374
12,12.098963
12,12.047681
17,17.002153
18,17.854643
11,10.954585
11,11.11386
8,8.07798
13,13.160829
3,3.168025
8,7.9821477
11,10.937528
6,5.897941
3,3.1051779
7,7.0247817
10,10.117532
15,15.083684
7,6.9984994
13,13.159064
10,9.987492
8,7.9209933
12,11.930837
15,14.87791
7,6.7986593
12,11.988583
11,10.88554
11,11.204677
10,10.12412
10,9.729484
14,14.007888
10,9.771213
15,14.863291
12,12.023732
13,13.04723
14,14.020463
15,14.989747
13,12.880059
3,3.0747447
5,5.0036855
9,8.926541
5,4.9768867
8,7.930006
11,11.054878
13,12.945406
10,9.994695
7,7.0590963
13,13.081933
10,9.936615
14,13.951596
15,15.121072
8,7.9105783
3,3.3256996
11,11.050974
11,10.890984
6,6.117892
9,8.902046
7,6.9830456
10,10.130181
13,12.88813
7,6.971425
10,9.924641
10,10.099078
7,7.0546627
10,9.875044
1,0.854566
12,11.93169
9,9.139791
11,11.060057
7,7.240254
8,8.094002
13,13.141815
13,13.1019745
5,4.9918394
7,6.9127746
17,16.992004
12,11.847525
10,10.0121975
8,8.057565
10,10.246023
8,7.952343
14,13.916621
17,16.994148
8,7.840945
13,12.938899
6,5.8670406
10,10.071065
12,12.109085
13,13.316739
13,13.079486
8,8.041844
9,9.067894
7,7.0228815
9,9.166191
6,6.123169
5,5.0999327
10,9.866119
11,11.002843
8,8.013346
10,9.991295
10,9.963196
11,11.195502
12,11.813731
9,9.014701
10,10.4178295
5,5.0261407
18,18.10004
7,7.0405493
4,4.1006393
9,8.941611
13,12.575084
12,11.876815
9,9.0194025
1,1.0061125
5,4.9931602
13,12.948078
16,15.985935
12,11.920157
15,15.060864
5,5.05774
9,8.890054
11,11.247056
12,11.873138
19,18.719769
8,7.8960757
8,8.142369
8,7.897027
2,1.8428679
8,8.061978
10,9.992185
7,7.05398
10,10.117369
8,7.8991055
21,20.83923
7,7.037458
7,6.9748087
8,8.082033
4,4.1775727
9,8.995877
6,6.0214605
10,10.066394
5,4.848875
10,9.825416
12,11.890028
11,11.051417
15,15.023595
8,8.169707
6,5.9055233
18,17.968039
17,16.91569
6,5.8566637
5,5.025903
10,9.863089
4,3.895121
5,4.933652
7,7.135072
7,7.050366
20,19.860731
12,11.996165
8,7.934987
13,13.204882
11,10.949558
13,13.119433
10,10.101507
13,12.960048
8,7.9249663
2,1.9648792
6,5.7998247
20,19.91002
13,13.0720215
7,7.038955
4,4.2004595
18,18.1421
17,16.959192
11,10.886543
17,17.011967
10,9.977659
17,17.090353
13,12.87937
19,18.855179
13,12.817065
11,11.113519
3,2.844159
6,6.018161
17,17.090353
8,8.081743
8,8.180855
10,10.044643
4,4.00635
7,6.89815
10,9.730775
8,7.9501796
8,7.8651543
12,11.994452
15,14.956346
8,7.997596
14,13.907774
9,8.899149
10,9.979099
11,10.985974
11,10.943212
4,4.1489463
10,9.852172
3,3.3980596
8,7.9926004
6,6.0896735
6,6.106794
9,9.032091
12,11.866012
8,7.9404073
8,8.159074
19,19.29663
10,9.880714
12,11.785592
12,11.933188
8,7.9876165
12,12.167132
21,20.716946
14,13.943828
6,6.0393457
16,15.881029
10,10.031511
5,5.1338224
5,5.0295777
5,4.910257
6,6.1425376
8,8.006969
7,6.9950957
11,10.891568
9,9.033826
12,12.160434
8,8.057794
13,13.092546
14,13.883777
15,14.820958
17,17.151197
11,11.164526
14,13.847085
8,8.035704
8,7.933772
2,1.8933216
7,7.1164174
7,6.9640393
7,7.097111
12,12.015981
10,10.144744
9,9.002487
10,10.003564
7,6.9806724
19,19.017635
17,17.310005
11,10.993335
12,11.992407
4,3.8511653
15,15.118468
15,15.128138
11,11.142565
5,4.8534102
2,2.1483996
7,7.0320253
7,7.1283545
9,8.917781
11,10.864673
10,10.022916
6,5.9754906
14,14.074118
7,7.0788383
11,11.015925
17,17.039274
13,12.90399
12,11.866933
7,6.827592
14,13.975504
15,15.274102
9,8.84271
9,9.007383
14,13.770494
5,5.179565
5,5.0207267
12,11.986946
3,3.0501354
8,7.922643
12,12.029303
8,8.059247
14,13.94999
18,17.880184
18,17.708405
11,10.9952135
6,5.977391
11,11.164075
13,13.127118
8,8.0853405
16,16.326801
19,18.99191
13,13.156102
9,9.019686
13,13.054868
11,11.089469
6,6.0250387
4,3.8686712
8,7.90212
6,6.1704655
6,6.1376634
11,11.123682
7,6.8863
6,6.012382
12,11.965004
16,15.977475
9,8.8687725
9,8.930874
9,8.925576
12,12.026357
10,9.995874
11,11.184625
11,11.027685
13,12.913931
10,9.983985
12,11.821519
13,13.138712
12,12.152693
11,10.941553
11,11.042865
10,10.041886
12,12.108557
6,5.904249
9,9.030565
10,9.879028
11,11.11721
18,17.906458
3,2.7478352
17,16.949411
12,11.991371
7,7.143139
6,6.2592797
7,6.988777
9,9.044882
7,6.985486
4,4.125337
8,7.823092
7,7.08292
15,15.182009
12,12.039667
17,17.022882
8,7.9126883
11,10.881295
9,8.99379
9,9.027127
10,10.056931
10,9.957396
15,15.03226
13,12.991213
9,8.896511
18,17.753298
8,8.140137
10,10.054635
12,12.079219
15,15.022174
17,17.00816
16,15.995375
16,15.889266
10,9.992805
9,9.001532
14,13.94668
10,10.01569
16,16.049355
7,7.064292
14,13.869346
4,3.9410028
12,12.128489
7,7.0878053
11,11.1604185
5,5.02969
9,9.002045
4,3.8932142
11,11.1157875
5,4.9691467
1,0.73474896
6,6.108814
14,13.954029
7,7.109908
8,7.99807
8,7.9840994
15,14.983139
7,6.903593
14,14.097949
7,6.9828496
10,10.090966
14,13.84841
3,2.9294584
10,9.919759
11,11.117159
5,5.043209
11,10.95798
6,6.018158
4,4.006129
13,12.860408
9,8.972901
11,11.1768265
2,2.0172546
2,1.8532361
14,13.923552
9,8.87855
13,12.926749
10,10.009214
8,7.9058623
10,10.20962
6,6.102922
9,9.105658
4,3.9163299
12,12.028665
14,14.060211
10,10.100147
6,6.13308
3,3.072557
14,13.966384
14,14.087146
14,13.9299755
12,11.98146
2,1.9573364
2,2.0648818
5,4.9762506
12,12.075737
7,6.988604
5,4.915985
9,8.746352
4,3.955092
8,7.978799
9,8.910954
12,11.85551
7,6.902992
9,9.0075245
9,8.911296
10,9.859107
11,10.674742
12,12.176047
14,13.953514
15,14.851654
12,12.013978
9,8.860971
11,11.012693
15,15.092934
20,19.979437
11,10.82734
9,9.080956
13,12.835686
14,13.9360075
16,16.09514
13,12.816764
20,19.98049
11,11.035407
17,16.981974
14,13.949424
14,13.9758835
3,3.0671728
22,21.883465
5,5.156159
9,8.856899
14,13.834873
6,6.099879
5,4.993385
3,2.9989207
2,1.8157556
6,5.9082665
15,15.00536
15,14.909151
15,14.969201
14,14.010766
14,13.9282055
13,13.018131
10,10.049334
4,4.0066814
12,11.853839
9,8.945362
8,8.193139
16,15.972303
13,13.007686
17,17.153711
8,7.976184
6,6.4496737
14,13.892198
4,4.166065
9,8.967967
15,14.873701
7,7.0836654
15,15.1755085
6,5.861421
6,5.957559
10,10.0032425
14,13.99577
7,6.985156
12,12.009408
12,12.007718
5,5.054896
5,5.0764084
9,8.905893
5,5.115522
10,10.072011
10,10.161975
10,10.15567
3,3.0098782
15,15.144952
12,12.009088
12,11.866861
12,11.928976
11,11.204882
10,9.983099
11,10.925874
12,12.091255
6,5.974994
14,13.910511
5,4.9394984
9,8.981969
10,10.221772
11,10.964597
8,7.716412
14,13.8224535
3,2.767535
8,7.9164486
9,8.931974
12,11.961928
8,7.9991713
13,13.041649
10,10.049907
10,10.001339
10,10.00255
12,12.108557
12,11.689943
11,10.924964
4,3.9756112
7,6.9619126
4,4.1242995
10,10.003705
16,15.878022
12,12.101582
10,10.147378
7,7.1142263
12,11.915703
9,8.842574
11,11.060124
15,15.019301
10,10.059987
14,13.976227
11,10.818771
12,11.937748
1,1.0119908
16,16.094702
7,6.906915
11,10.931936
5,5.0238714
6,5.8392253
3,3.180923
9,8.709275
7,7.0218697
14,13.787801
7,7.0168157
6,5.963874
15,15.157639
8,8.164655
13,12.932518
17,17.107718
19,19.271141
5,4.984224
10,10.04643
9,9.004046
12,12.087652
7,7.0314255
9,9.025821
1,0.686506
8,7.8946114
13,12.814248
7,7.054988
5,5.0261073
5,4.9151297
14,13.884819
11,10.838695
8,7.96271
7,7.173183
12,11.930837
14,14.098963
18,18.002398
7,7.0367
9,8.804985
9,8.826735
13,12.943393
9,8.948654
10,10.151647
5,4.9745336
10,10.110559
9,8.953586
5,5.282033
17,16.738626
10,9.844144
9,9.063942
20,20.080603
12,12.017456
9,8.880417
4,3.8989127
12,11.967049
9,8.857518
4,4.1288176
11,10.985794
10,10.194618
9,9.022101
9,8.959786
7,7.272566
9,8.883093
5,4.8700423
12,11.934
9,9.002368
9,8.89116
10,9.9029255
7,7.272566
9,8.93179
10,10.120945
5,5.1586795
13,12.935067
7,6.9659257
13,12.953243
8,8.017348
14,14.060334
14,14.0591135
12,12.030556
5,5.0176544
2,2.1773012
8,7.9223742
11,11.078236
6,6.2070312
9,8.91271
8,7.829759
9,8.961867
11,10.982587
9,8.961867
5,4.8997393
11,11.132156
8,8.103082
3,3.1892314
11,10.972825
9,9.058264
10,9.976815
10,10.028475
16,15.740514
6,6.1302814
11,11.05353
10,10.178401
7,7.1284623
7,6.8405128
15,15.103874
9,9.165928
10,9.9476185
14,13.853371
17,17.330029
16,15.961174
12,11.918057
11,10.721378
3,2.9691691
13,12.909211
5,4.9727144
10,10.261295
6,5.947054
12,11.918333
6,6.054886
9,9.043179
12,12.08065
14,13.947215
13,12.758207
2,1.7241861
11,11.055906
11,10.728606
16,15.847453
16,15.86853
10,9.808331
11,10.912721
4,4.0391994
5,5.1658034
2,2.0562284
6,5.955888
6,5.952075
17,16.939714
5,4.9134836
7,6.8375864
13,12.961103
2,1.7558222
13,12.767084
10,10.192605
10,10.223549
10,10.06579
9,8.784541
13,13.055233
4,3.8866143
6,5.937007
11,11.053329
8,8.0956135
13,13.025727
11,11.104777
6,5.9877315
10,9.856223
10,9.980241
6,5.9990673
14,13.95123
6,6.064781
15,15.042011
19,19.172836
5,5.05774
6,5.8975897
12,11.964369
16,16.034437
13,12.576985
10,9.953845
9,9.030565
2,2.0575132
10,9.960653
15,14.886546
12,11.862295
12,12.151515
14,13.853662
14,13.879843
6,5.9295263
11,10.883207
9,8.899748
9,8.709959
13,12.879392
9,8.937697
9,8.872817
9,8.868509
11,10.9038315
15,14.955186
13,13.005647
7,6.949836
7,7.1154785
13,12.851065
14,13.893852
10,10.1220875
5,5.0048923
12,12.117834
8,8.112093
16,15.958505
7,6.936958
12,12.039717
13,12.790491
8,7.8331647
15,14.932496
5,4.969776
9,9.075758
12,11.910183
7,6.9934726
12,11.910176
12,11.950653
12,11.693541
12,12.091396
15,15.0691805
8,8.07959
10,9.790536
8,7.877039
10,9.957727
8,8.082896
6,5.9099274
11,11.125824
12,12.082985
8,7.7647395
6,6.1071596
9,8.912343
11,10.857524
13,12.913982
11,10.817371
8,7.832291
11,11.045526
11,10.885877
10,9.86285
11,10.885877
14,13.772764
8,8.182666
6,6.1193957
7,7.2388167
9,8.900309
9,9.250918
13,12.808085
12,11.865861
8,8.265078
5,5.031041
5,4.9259157
12,11.914069
11,11.054134
9,8.980051
10,9.951149
13,13.105055
6,5.940587
1,1.0218065
9,9.055061
5,5.3196707
5,5.131465
12,12.054792
15,15.058384
10,10.297549
10,10.0609
10,9.920585
12,11.981527
5,4.79994
8,7.823167
9,8.973184
13,12.849897
8,7.994656
13,12.875868
9,9.005831
13,12.993562
5,4.980351
6,6.000516
10,10.067972
8,7.9157257
10,10.106882
9,8.991811
9,8.947041
6,5.965523
13,12.905057
10,9.977668
10,9.965115
11,10.94444
12,12.092758
10,10.193794
14,14.012589
7,6.775147
5,5.2348456
8,7.826868
11,11.11174
9,9.058256
17,17.000042
15,14.982383
8,8.039117
20,20.21501
11,10.911112
18,17.981977
10,10.102748
10,9.916207
10,9.946524
13,12.798345
6,5.918333
10,10.052121
12,11.933188
18,18.285309
19,18.971348
8,7.917691
8,8.204828
11,10.869118
7,6.9880548
1,1.1650044
10,9.9285755
6,6.111731
13,12.99134
12,12.128139
8,8.051865
12,11.946595
14,13.841305
9,9.1160755
10,10.0454645
7,7.00065
8,7.858487
14,14.014373
14,13.874012
9,8.935034
8,8.022268
12,12.127367
4,3.9721155
18,18.404562
13,13.125802
5,4.9735856
7,7.054619
5,5.1298246
12,11.919458
16,16.13304
11,11.237819
5,4.9946404
3,3.239852
11,11.111241
12,11.963014
9,8.981827
10,10.052637
8,7.840987
9,8.936956
10,9.861479
10,10.202871
3,2.94973
7,6.934349
18,17.88917
13,12.751198
12,11.900762
11,10.968633
7,6.9765477
15,14.996836
9,8.893141
10,9.828236
13,12.725393
7,7.000903
5,5.1380606
9,8.926541
8,8.020268
12,11.993416
10,9.840064
10,10.000981
14,14.241966
7,7.1071463
9,9.046808
9,8.947889
8,7.956204
10,10.082223
15,15.292068
14,13.954639
12,11.819349
8,7.8933606
8,7.802175
17,17.079203
7,6.868685
8,8.099018
10,10.065533
7,6.985804
4,4.448862
9,8.96835
13,12.908655
12,11.748551
15,14.930385
9,8.960039
13,13.052072
13,13.272083
8,7.8221445
8,8.072712
10,10.050537
14,13.83263
14,13.925881
9,8.968859
13,12.832515
12,11.874176
12,11.883254
4,3.910598
10,10.188987
4,3.8739119
11,10.958787
10,10.195527
12,11.922276
17,17.004597
13,13.051259
11,10.920968
11,11.047727
9,9.001005
7,7.0469704
7,7.1549597
15,15.22269
10,9.961215
19,18.926443
19,18.842535
13,13.011393
10,10.113324
11,10.629609
10,10.089187
11,11.040881
6,5.9687457
10,9.874814
14,13.852326
4,3.599096
10,9.962739
8,8.072023
7,6.912449
8,8.066464
13,13.052072
14,13.949865
10,9.989799
13,12.96251
15,15.040085
18,17.923834
10,10.125437
10,10.028692
4,4.1725316
5,4.945708
10,9.956552
9,9.046702
3,2.9365914
13,12.897539
14,14.006443
11,10.864891
11,10.701403
8,8.169677
4,3.96118
10,10.120272
10,9.896328
12,12.016472
12,11.993494
9,8.955271
18,17.918219
11,11.245845
20,19.938202
9,9.028082
5,5.0403333
15,14.949496
9,8.881984
7,7.1423216
19,18.951221
11,11.053998
15,14.947251
7,7.0264506
14,13.944147
5,5.0953865
18,17.737741
9,9.006137
9,9.172519
7,6.956089
10,10.143953
9,8.894333
14,13.914557
14,14.031489
7,6.9918957
15,14.991642
9,9.053152
10,10.066593
13,12.855409
12,11.864774
20,19.969212
12,11.961449
15,15.056765
11,10.914398
2,1.9645327
7,7.0250864
15,14.85213
17,16.885937
7,6.9721293
15,14.957929
14,14.020521
16,16.027647
7,6.8811088
11,10.998007
8,7.8458457
6,6.054886
10,9.93113
17,16.898296
10,9.827179
11,11.269462
14,13.926629
3,3.2820232
5,5.2348456
10,10.078666
15,15.150411
9,8.8279295
9,8.9654
7,6.985486
15,15.048063
12,12.129948
7,7.0359063
19,18.946703
10,10.039564
6,6.1412005
5,5.0328517
13,12.932516
10,10.001983
16,16.045427
15,15.1292925
8,7.994656
17,16.879528
8,7.923516
8,8.055245
5,5.1219573
10,10.067139
9,9.194005
3,2.639174
6,6.2180552
10,10.145329
13,13.092555
11,11.00649
10,10.083335
8,7.859647
2,1.8933216
11,10.91521
14,13.843085
13,12.670046
20,19.891985
11,11.164891
4,4.0998454
5,4.875244
10,9.96996
6,5.753466
15,14.731411
17,16.909676
8,8.100835
1,1.0486552
10,10.143543
9,9.018191
11,11.082507
10,10.099768
8,8.028489
20,19.927296
17,16.80506
4,3.7302198
9,8.858488
12,11.981822
7,7.044981
13,13.050151
3,3.0223236
10,10.027152
12,11.97508
15,14.743251
8,8.000327
10,9.968061
6,6.0460515
17,17.142675
10,10.256349
9,8.898706
10,10.002223
8,7.8864126
6,6.1376634
8,8.192245
11,10.94921
10,10.182566
15,14.869153
9,9.029571
11,11.043157
7,7.233832
22,22.302437
12,11.909644
17,16.92769
7,6.9578743
11,11.007672
6,5.986394
12,11.868465
8,8.012799
6,6.1259227
6,6.1880956
14,14.070393
9,9.072464
12,11.981356
9,8.94745
11,11.078384
14,13.704689
7,7.038713
15,15.030754
14,13.948859
12,12.058943
6,5.961699
13,12.770309
12,11.90669
7,6.9248915
14,13.910347
9,8.9835615
8,7.9764814
6,6.130041
8,8.031602
6,6.1256084
6,6.01316
11,11.033735
3,3.0528147
10,9.997931
8,8.150169
4,3.983996
10,9.921204
15,14.980707
11,10.796057
10,9.992951
6,5.687006
15,15.122425
4,4.221744
5,4.924668
17,17.122847
10,10.190542
15,15.132677
11,10.875003
8,8.000541
10,10.136794
7,7.242389
8,8.081748
9,8.981579
6,5.9825964
13,12.918977
7,7.0091767
13,13.000918
4,4.0644026
7,7.1534233
1,0.848827
20,20.068317
14,13.874012
8,8.255764
11,10.695122
14,13.88592
12,11.948275
11,11.077498
14,14.067628
18,18.07501
12,12.037458
9,8.95327
11,11.099894
7,6.95665
13,12.921963
14,13.997545
9,9.05505
11,11.166925
14,13.892041
11,11.099081
14,13.836903
13,12.920583
5,5.1468744
8,8.173138
7,6.911192
10,10.155829
10,10.15503
14,14.024836
11,11.089469
9,8.952537
7,7.232408
7,6.918579
11,11.102456
8,8.050006
8,7.885803
8,7.7531157
8,7.9493456
8,7.8181167
8,8.037176
5,4.9797144
6,6.0584497
7,7.022037
7,7.002921
13,13.005647
10,9.846282
14,13.943319
15,14.941634
14,13.764511
11,11.004497
11,10.904282
7,6.913255
5,4.9855022
11,11.016659
15,14.880588
17,16.831453
10,9.979912
8,7.829759
18,17.717585
12,11.955234
10,9.968428
13,12.818556
1,0.87667626
15,15.16572
15,14.99553
15,14.969587
8,8.083034
10,9.880518
13,12.910988
10,10.395203
10,9.93409
9,8.9042845
8,7.8544116
9,8.982787
8,8.00955
11,11.035221
7,6.8698735
12,12.058276
9,9.158121
13,13.1517315
5,4.9967465
4,3.8008087
10,9.995143
8,8.098348
10,10.070108
2,1.742799
11,10.93342
5,5.032799
7,6.9309425
10,9.971842
14,13.952356
10,9.8840685
10,10.003366
10,10.035614
14,14.132197
9,8.993051
8,7.6526127
13,12.976805
8,7.8203835
13,13.107986
9,8.991792
5,5.153399
16,15.803379
5,5.125265
5,4.897428
8,7.901042
10,10.087649
9,9.017424
13,12.98566
10,10.164466
9,8.980051
15,14.887175
12,11.897052
10,9.962974
11,10.9804945
9,9.069501
9,9.011689
13,13.073895
8,7.907359
3,3.1891532
13,13.024006
12,11.970219
9,9.118434
9,9.010555
9,8.937337
13,13.155181
10,10.106701
13,12.886238
8,7.9373875
5,4.868363
3,2.9677134
4,4.019059
9,9.142094
10,10.015618
8,7.9804893
11,11.051151
6,6.0609508
9,9.106973
7,6.921358
10,10.070948
15,15.059209
19,19.001385
10,10.100862
9,9.017124
12,12.114565
9,8.9851465
8,7.8541775
4,4.099782
8,8.050551
9,8.974201
11,10.881942
12,12.0044365
8,7.968359
9,8.932567
15,15.02378
15,15.049572
12,11.968333
11,11.031885
13,12.98069
17,16.95677
18,17.950254
7,6.9673877
10,9.984976
10,9.905209
0,0.03200192
8,7.950017
11,11.033375
8,8.169677
10,9.896519
3,3.0814712
11,10.970628
14,14.03182
17,16.949387
15,15.00605
9,8.888939
11,10.902928
3,3.0544753
7,6.78516
7,6.78516
11,11.011219
7,6.929976
7,6.9746523
10,10.055528
16,15.967077
11,11.029769
14,13.955409
7,7.1180596
12,12.036872
8,7.886622
9,9.084389
14,13.988847
10,9.962816
11,11.015134
11,11.155965
9,9.046193
8,8.15592
14,14.021764
10,10.064949
17,16.981068
9,9.00714
10,9.896448
6,6.2205153
5,4.901046
4,4.0270457
10,10.063246
13,12.833138
7,6.94028
14,13.867006
6,5.9833126
13,13.168786
10,9.915709
4,3.8980281
11,10.958806
10,10.213683
13,13.0071
15,14.745595
14,14.063263
14,14.024447
9,8.877441
14,13.785982
3,2.9424665
11,11.017182
8,7.968014
10,9.948758
15,15.044102
12,11.960518
19,18.945133
20,20.126278
11,10.990618
9,9.000365
8,7.931414
16,16.13304
17,16.904654
6,5.841789
14,14.189717
9,9.010418
6,5.871422
11,10.927014
0,0.029468276
12,12.049601
9,8.95237
9,9.10106
9,8.864958
8,8.078622
14,13.981242
16,15.874365
11,10.960925
7,7.1583734
10,10.030093
6,5.773671
12,12.155376
12,12.029608
1,0.6816081
12,12.152391
12,12.152391
15,15.000431
10,9.825832
15,15.05046
7,7.3644176
4,3.9740226
13,12.932166
10,9.862731
13,12.909469
13,13.011197
11,10.995538
10,9.859949
9,8.781288
18,18.04889
9,9.0095215
7,6.937296
10,9.9960575
8,8.068242
5,5.1093354
11,11.25973
1,1.1922584
14,14.086286
15,14.912731
6,5.982553
17,17.00816
13,12.911038
11,10.935805
11,11.049888
3,2.8519595
14,13.959356
9,9.088788
14,13.842321
13,12.876577
16,15.903435
19,19.086643
8,8.017821
13,12.943226
9,8.96689
10,10.210063
8,7.8594275
10,9.918339
19,19.121286
7,6.949772
11,11.020536
15,14.96233
11,10.943858
11,11.0459175
8,7.991774
18,17.828485
12,12.016862
11,11.129033
11,10.90221
10,9.99914
10,9.998202
5,5.177874
6,6.065929
7,7.0319157
8,8.009603
12,12.025171
10,9.983899
5,5.047383
9,8.996878
12,12.146064
14,13.887455
16,15.993802
10,10.294916
13,13.04764
11,10.941673
14,14.006067
8,7.7866683
8,8.231032
12,11.986841
7,6.9344
11,11.130672
9,9.13049
15,15.00997
12,11.960859
1,0.70397705
9,9.147921
18,17.921799
10,9.978187
11,10.879675
10,9.776034
7,6.9681606
11,11.004866
7,6.832219
4,4.1857815
8,7.8946114
6,5.9393954
6,6.0235133
6,5.936336
11,10.9840555
6,5.9055233
6,5.9063106
12,11.85401
11,11.057847
13,12.84082
12,12.051777
11,10.887187
13,13.04585
15,15.015331
14,13.986675
15,15.131011
4,3.8413632
10,10.1860895
8,8.041579
10,9.993553
12,11.957315
14,14.0332775
14,13.970976
10,10.009005
10,9.94074
8,8.069849
9,8.921238
1,0.9264284
10,10.151292
18,17.993233
18,17.99442
12,11.994328
10,9.94641
12,11.980691
2,2.0807388
12,12.028687
9,9.0409155
14,14.114583
15,15.070414
14,14.010511
15,15.131011
13,13.059179
6,5.966915
8,7.8007
14,13.93858
11,10.753338
7,6.9309297
13,12.906007
8,7.878083
6,6.1639214
6,6.06463
12,11.934
13,13.112576
11,11.010582
19,19.207598
4,3.9609823
9,9.077508
19,18.843266
11,10.947797
